cutoff_season,pitcher_id,pitcher_trackman_id,pitcher_hand,rate_cost,count_cost,season_cost,assignment_cost,margin,mutual_nearest,main_history_n,trackman_history_n,high_confidence
2020,22419,67603,2,0.014199010610079513,0.004751847940865892,0.0026399155227032735,0.015835758234155544,0.03533269967904028,True,1894.0,1885.0,True
2020,22335,64893,1,0.014838526315789524,0.006535947712418301,0.00130718954248366,0.01627643481252155,0.040974436242825756,True,765.0,760.0,True
2020,23035,62528,1,0.014099855203619907,0.006741573033707865,0.003932584269662922,0.01648749565305811,0.04290581520836509,True,1780.0,1768.0,True
2020,23644,69391,1,0.002349032258064515,0.03125,0.03125,0.017974032258064515,0.1328041419545339,True,128.0,124.0,True
2020,23638,64995,1,0.014244850099403565,0.021400778210116732,0.009727626459143969,0.02085963609162146,0.0461372629171547,True,1028.0,1006.0,True
2020,22598,62611,2,0.0029555987064117384,0.040992448759439054,0.03559870550161812,0.02156401294589394,0.08155887415036857,True,927.0,889.0,True
2020,22029,61896,1,0.016794299212598417,0.015503875968992248,0.007751937984496124,0.021833058902520897,0.046556171157060136,True,129.0,127.0,True
2020,22743,79535,2,0.005349626220362627,0.03314121037463977,0.03602305475504323,0.022928876940823722,0.09407499502180061,True,694.0,717.0,True
2020,23137,68797,2,0.018867987735849,0.009345794392523364,0.009345794392523364,0.023540884932110682,0.08790184998110696,True,107.0,106.0,True
2020,23761,63292,1,0.017154855882352937,0.0023584905660377358,0.025943396226415096,0.02658881814650388,0.011485718995354915,True,424.0,425.0,True
2020,23536,64464,2,0.02054088627450979,0.019230769230769232,0.016826923076923076,0.029314924736048253,0.08754914854330398,True,416.0,408.0,True
2020,23717,61145,2,0.018895730824484713,0.01650793650793651,0.024761904761904763,0.030038587967341854,0.10867731956718713,True,1575.0,1601.0,True
2020,23206,69656,1,0.023752358717434863,0.023483365949119372,0.01761252446183953,0.0334392471714466,0.030859727576195692,True,1533.0,1497.0,True
2020,22776,62146,2,0.024346285289575255,0.02631578947368421,0.015037593984962405,0.03355681160536472,0.12488273047483572,True,266.0,259.0,True
2020,21414,75258,2,0.014572120109235347,0.04368471035137702,0.03798670465337132,0.03442017329062186,0.027969237708150504,True,1053.0,1007.0,True
2020,22302,68249,1,0.023819102449888663,0.02745995423340961,0.032036613272311214,0.03915091023020903,0.027713726531942595,True,437.0,449.0,True
2020,22220,69974,1,0.020488483516483483,0.040421792618629174,0.040421792618629174,0.04069937982579807,0.03661122847597933,True,569.0,546.0,True
2020,23630,72523,2,0.013773238986556326,0.04090419806243272,0.061356297093649086,0.04138357267869841,0.04682655794750559,True,929.0,967.0,True
2020,22782,68043,1,0.0041020936329588115,0.08097165991902834,0.08299595141700405,0.04529642561676448,0.018592185870900245,True,1976.0,2136.0,True
2020,21279,64805,1,0.007969318045112781,0.0905982905982906,0.07521367521367521,0.04788384795964269,0.021922039586144845,True,585.0,532.0,True
2020,23561,63492,2,0.023758504854368957,0.04568527918781726,0.07106598984771574,0.05548439317924205,0.016403504855549998,True,985.0,1030.0,True
2020,23627,67266,1,0.014728638001245326,0.10579064587973273,0.09242761692650334,0.0629469008074814,0.010480793019289114,True,898.0,803.0,True
2020,22233,65042,1,0.02138798773584904,0.08532423208191127,0.08532423208191127,0.06405010377680467,0.017994564672256463,True,293.0,318.0,True
2020,22964,79617,2,0.00920906382978727,0.048327137546468404,0.137546468401487,0.06459939840227798,0.09280489830872966,True,269.0,282.0,True
2020,23751,69035,2,0.015625000000000028,0.10344827586206896,0.11494252873563218,0.07137212643678163,0.06462927586206889,True,174.0,192.0,True
2020,22368,64718,1,0.010717119503311279,0.13714285714285715,0.13142857142857142,0.07728854807473984,0.02115824300584622,True,525.0,453.0,True
2020,23500,69108,1,0.02482149248120301,0.20359281437125748,0.20359281437125748,0.12661789966683173,0.07253895736432883,True,167.0,133.0,True
2020,23360,68848,1,9.999999997511999e-08,0.02,0.04,0.017000099999999973,0.07692290000000006,True,14.0,13.0,False
2020,23449,69501,2,3.333333333660482e-07,0.02,0.04,0.017000333333333364,0.11733266666666661,True,13.0,12.0,False
2020,23534,518445,2,0.02047655209953346,0.013396375098502758,0.018124507486209612,0.028829585984482237,0.013222988544397869,False,2538.0,2572.0,False
2020,23771,69994,2,0.031620826086956516,0.0,0.0,0.031620826086956516,0.11010617391304353,True,23.0,23.0,False
2020,23437,60757,2,0.025645820960698673,0.03171247357293869,0.016913319238900635,0.0363223537302547,0.027481643079952593,True,473.0,458.0,False
2020,22028,60634,2,0.03126819076305224,0.015810276679841896,0.011857707509881422,0.03778992989348702,0.08082551712072082,True,253.0,249.0,False
2020,23518,69446,1,0.02665333333333332,0.015335801163405606,0.03225806451612903,0.04024402608848932,0.012992388224606015,False,1891.0,1920.0,False
2020,23781,548384,2,0.03215998413957177,0.020202020202020204,0.016705516705516704,0.04103721801680565,0.015794635559029283,False,2574.0,2522.0,False
2020,22640,67588,1,0.02680125717439292,0.03411513859275053,0.029850746268656716,0.04236628915733535,0.053387015169974246,True,469.0,453.0,False
2020,22675,74359,2,0.02780702341920374,0.0215311004784689,0.03349282296650718,0.04275917652925159,0.024719744226291508,True,836.0,854.0,False
2020,21595,67419,1,0.0342343055555555,0.021739130434782608,0.016304347826086956,0.04320169685990333,0.005990699102829615,True,368.0,360.0,False
2020,23665,76118,1,0.02647878764044947,0.045064377682403435,0.028969957081545063,0.04337792927135076,0.020627094988619837,True,932.0,890.0,False
2020,22540,62920,2,0.028595385714285715,0.0318118948824343,0.029045643153526972,0.043533145050385295,0.04736811087400381,True,723.0,700.0,False
2020,22717,69516,1,0.041666666666666644,0.002079002079002079,0.008316008316008316,0.044889119889119866,0.03388487543417121,True,481.0,480.0,False
2020,22525,63111,1,0.0430147018237082,0.0050916496945010185,0.008146639511201629,0.04662977310680392,0.020696990057140922,True,982.0,987.0,False
2020,22592,543184,2,0.03221578048780488,0.023933402705515087,0.03225806451612903,0.04709611347427731,0.027553961814517983,True,961.0,984.0,False
2020,22923,64960,1,0.028657529608938588,0.03763440860215054,0.03763440860215054,0.04747473391001386,0.04014919512224423,True,186.0,179.0,False
2020,22729,68703,2,0.037977977011494246,0.021739130434782608,0.017991004497751123,0.04753569815092453,0.03735494975816898,True,1334.0,1305.0,False
2020,22922,69984,1,0.01863354037267077,0.05921052631578947,0.05921052631578947,0.048238803530565505,0.07790967114669364,False,152.0,161.0,False
2020,22505,63235,2,0.02502797297297296,0.1590909090909091,0.0,0.048891609336609326,0.07510859146660348,True,220.0,185.0,False
2020,23151,76540,1,0.01471895000000003,0.07327586206896551,0.06896551724137931,0.049848260344827616,0.010740117833814407,False,232.0,215.0,False
2020,23306,79847,2,0.030237842388331822,0.04024496937882765,0.03937007874015748,0.05005411535421108,0.016307622370595458,True,1143.0,1097.0,False
2020,22596,68413,2,0.03836454792332268,0.004815409309791332,0.03210272873194221,0.05032281437597116,0.1511463336851034,True,623.0,626.0,False
2020,23843,67421,1,0.03775812735321529,0.03680430879712747,0.02064631956912029,0.05050498552197651,0.04095553858053478,True,1114.0,1073.0,False
2020,23501,68556,1,0.04106304696016772,0.028513238289205704,0.016293279022403257,0.05104268036138972,0.007276724121691475,True,982.0,954.0,False
2020,22795,68804,1,0.023559182568807367,0.05314009661835749,0.057971014492753624,0.051820052134024755,0.007670760829676902,False,207.0,218.0,False
2020,23384,63619,2,0.03964890967741934,0.025157232704402517,0.025157232704402517,0.052227526029620594,0.01021070164333543,True,159.0,155.0,False
2020,22372,68068,2,0.035714000000000024,0.02,0.04,0.052714000000000025,0.10191982608695647,True,15.0,16.0,False
2020,23782,77829,2,0.052407096439681986,0.0010359116022099447,0.004834254143646409,0.05425447213028972,0.07023256523771075,True,2896.0,2893.0,False
2020,22666,69054,1,0.046883605633802866,0.034013605442176874,0.006802721088435374,0.054366598831081775,0.003934526174334395,True,147.0,142.0,False
2020,21830,62918,1,0.04444839016393441,0.022044088176352707,0.02004008016032064,0.05476903144649954,0.00763430802341776,True,499.0,488.0,False
2020,21754,69813,1,0.04628204748753735,0.009871668311944718,0.02073050345508391,0.055018473943608426,0.029258026822718622,True,1013.0,1003.0,False
2020,22703,571035,1,0.028894787094422197,0.0647800886464371,0.05148312308216843,0.056630893470146715,0.013565398390569673,False,2933.0,2743.0,False
2020,23719,68419,2,0.022800541738136088,0.07947368421052632,0.06368421052631579,0.057011068053925563,0.018769511234157342,False,1900.0,1749.0,False
2020,23421,66064,2,0.055062247526501795,0.007017543859649123,0.0035087719298245615,0.05734294928088776,0.01703396072178047,True,570.0,566.0,False
2020,22015,68910,2,0.05434798260869564,0.010752688172043012,0.010752688172043012,0.05972432669471714,0.03436815397073224,True,93.0,92.0,False
2020,23628,67122,2,0.04437247619047617,0.056179775280898875,0.02247191011235955,0.06066461102193684,0.13306697373624585,True,89.0,84.0,False
2020,23158,65398,1,0.04885245901639346,0.031746031746031744,0.023809523809523808,0.06194769711163155,0.023777170613236212,True,126.0,122.0,False
2020,22487,77637,2,0.054809200174064446,0.012334801762114538,0.016740088105726872,0.06251845127538602,0.06351524177369153,True,1135.0,1149.0,False
2020,21558,61643,1,0.03613766766467069,0.04767879548306148,0.05520702634880803,0.06261194620921273,0.005592409078535934,True,797.0,835.0,False
2020,22094,79358,2,0.054920644989106766,0.00437636761487965,0.020787746170678335,0.06285281129107613,0.0013260123881986413,True,914.0,918.0,False
2020,23439,76858,2,0.06217902155536031,0.005244755244755245,0.0,0.0629657348420736,0.04353703392776871,True,572.0,569.0,False
2020,22926,65618,1,0.05896226415094338,0.012422360248447204,0.006211180124223602,0.06299953123168872,0.03582561818821045,False,161.0,159.0,False
2020,23596,63959,2,0.05113247355140185,0.023923444976076555,0.023923444976076555,0.06309419603944012,0.061565854789905936,True,209.0,214.0,False
2020,22380,74857,2,0.06043507591240878,0.027218934911242602,0.001183431952662722,0.06493211733252711,0.05275089846283269,True,845.0,822.0,False
2020,23567,68701,1,0.04160767777777776,0.06,0.041666666666666664,0.0651910111111111,0.03787119191919196,True,48.0,45.0,False
2020,22890,518852,2,0.038386817258883266,0.046587658357172046,0.05721291377196567,0.06539948583264706,0.01262782884346314,True,2447.0,2561.0,False
2020,23682,69430,2,0.028985333333333363,0.06,0.08,0.06598533333333337,0.08144966666666661,True,24.0,21.0,False
2020,23754,66564,2,0.06605026582278477,0.0,0.0,0.06605026582278477,0.10379746835443039,True,79.0,79.0,False
2020,23748,64615,1,0.059794703303964754,0.004424778761061947,0.017699115044247787,0.06665311038361077,0.02335873158499832,False,226.0,227.0,False
2020,22143,73117,1,0.050153541950113366,0.045454545454545456,0.02813852813852814,0.06682020861678004,0.007857614354574827,False,924.0,882.0,False
2020,22473,68201,2,0.06711596836734696,0.0,0.0,0.06711596836734696,0.013922096095829561,True,98.0,98.0,False
2020,21840,74513,2,0.06557027659574467,0.010526315789473684,0.002631578947368421,0.06807027659574467,0.0556254009829205,True,380.0,376.0,False
2020,22136,68659,2,0.02748478284182307,0.11611374407582939,0.06635071090047394,0.06812459326836336,0.01179710350458961,True,422.0,373.0,False
2020,21991,62648,1,0.030149122222222206,0.12727272727272726,0.05454545454545454,0.06833094040404039,0.07013314967860426,True,165.0,144.0,False
2020,22772,68900,2,0.06853609897610921,0.0050933786078098476,0.0008488964346349745,0.06959721951940293,0.03242093500043497,False,1178.0,1172.0,False
2020,21699,75342,1,0.031061954232804175,0.08029197080291971,0.07785888077858881,0.07035635812574821,0.04545729170704897,True,411.0,378.0,False
2020,23556,78366,2,0.06941707586206895,0.015665796344647518,0.0026109660574412533,0.07268078343387052,0.014311983321240632,False,383.0,377.0,False
2020,21372,66145,1,0.058621577372262756,0.012003693444136657,0.03693444136657433,0.07334918586718427,0.010478589708709199,False,1083.0,1096.0,False
2020,23591,68301,1,0.02262463823529414,0.06,0.12,0.07362463823529414,0.020298257918552012,True,14.0,17.0,False
2020,21874,79825,1,0.06525480290791603,0.025196850393700787,0.015748031496062992,0.07454614149059319,0.0070329599113656965,True,635.0,619.0,False
2020,21961,458676,1,0.04121136500174641,0.060763245646535756,0.06965542793627269,0.07470525162642222,0.005027514765904906,True,2699.0,2863.0,False
2020,23568,68902,1,0.06640746700507615,0.0037926675094816687,0.02402022756005057,0.07538344677751609,0.0017758486239137644,True,791.0,788.0,False
2020,21690,67828,2,0.04638410362694301,0.0546448087431694,0.06147540983606557,0.07609721838104136,0.02474407988219747,True,732.0,772.0,False
2020,22118,77927,1,0.07132877043111528,0.03351449275362319,0.0018115942028985507,0.07699000231517326,0.005477319869112318,False,1104.0,1067.0,False
2020,23749,64047,2,0.07446805000000001,0.005291005291005291,0.005291005291005291,0.07711355264550265,0.04246104232804232,True,189.0,188.0,False
2020,23288,68616,1,0.05507105906735754,0.04926108374384237,0.04433497536945813,0.07797746300824424,0.029129976657637113,True,203.0,193.0,False
2020,23684,68908,2,0.026703442397660822,0.023952095808383235,0.1377245508982036,0.07849984958328957,0.014582340900654814,False,167.0,171.0,False
2020,23689,63791,2,0.06405457815845828,0.04106776180698152,0.026694045174537988,0.0795576582405938,0.13619453946105256,True,487.0,467.0,False
2020,23617,63960,2,0.056486101910828035,0.06547619047619048,0.041666666666666664,0.08089086381558994,0.05657150040577427,True,168.0,157.0,False
2020,21624,69205,2,0.08152184999999998,0.0,0.0,0.08152184999999998,0.23186854390243908,True,24.0,24.0,False
2020,23314,69839,2,0.02253444130434779,0.11854103343465046,0.11854103343465046,0.08180495802167301,0.041864447266494687,False,329.0,368.0,False
2020,23307,68240,1,0.08009854476093592,0.006568974229408792,0.003031834259727135,0.08214503288625173,0.05221443839408399,False,1979.0,1966.0,False
2020,23785,66663,1,0.07296419354838712,0.03125,0.015625,0.08312044354838712,0.012126933500793233,True,64.0,62.0,False
2020,22508,72447,2,0.06826267209302325,0.030985915492957747,0.029577464788732393,0.08326267209302325,0.0008966908115358718,False,710.0,688.0,False
2020,22595,66039,1,0.02674208979591838,0.11363636363636363,0.11363636363636363,0.0835602716141002,0.03031259154379451,False,88.0,98.0,False
2020,22293,66920,2,0.05711273531230675,0.05204944697462589,0.05465191932335719,0.08404832412167565,0.013370994732585476,True,1537.0,1617.0,False
2020,22524,74748,1,0.07731906900826448,0.008333333333333333,0.016666666666666666,0.08440240234159781,0.04912391432506884,True,240.0,242.0,False
2020,22349,66103,2,0.021739049999999947,0.12,0.1276595744680851,0.08441990106382972,0.05392977135081646,True,47.0,53.0,False
2020,23284,68617,2,0.08325381156118142,0.008368200836820083,0.0,0.08450904168670444,0.006233308872471713,False,239.0,237.0,False
2020,23112,69168,2,0.06586484606205249,0.04337899543378995,0.0365296803652968,0.08515708350497486,3.721674531216579e-05,False,438.0,419.0,False
2020,23624,69709,1,0.03759414285714288,0.08,0.10256410256410256,0.08549157875457877,0.0783697118437118,False,39.0,35.0,False
2020,22815,69367,1,0.037802,0.09289617486338798,0.09836065573770492,0.08616265573770492,0.024954364380132432,False,183.0,200.0,False
2020,23672,65769,2,0.06480231454005934,0.048560135516657256,0.043478260869565216,0.08730372617190575,0.008663983150256405,True,1771.0,1685.0,False
2020,21916,68815,1,0.07882924096385542,0.020841525756979944,0.018088871411718443,0.08828657482150387,0.020202539853463458,False,2543.0,2490.0,False
2020,23696,543391,1,0.08108364213814649,0.013366162504396765,0.015828350334154064,0.08862848913075992,0.00819301481285517,False,2843.0,2881.0,False
2020,23727,62160,1,0.06941598360655737,0.06153846153846154,0.03076923076923077,0.08941598360655738,0.0033771305373632016,True,65.0,61.0,False
2020,22278,545363,1,0.087244348872549,0.009708737864077669,0.0036407766990291263,0.08997493139682085,0.02754814976775588,True,1648.0,1632.0,False
2020,22110,64768,1,0.06179223815461346,0.13203463203463203,0.02813852813852814,0.0914459178082931,0.016656708372220635,False,462.0,401.0,False
2020,23157,64496,1,0.04428907121212122,0.14,0.075,0.09153907121212122,0.05588397878787878,True,40.0,33.0,False
2020,22742,66068,2,0.006355957203389818,0.1568627450980392,0.17647058823529413,0.09165007485044864,0.009103312971287941,False,153.0,177.0,False
2020,23564,67640,1,0.03169857368421053,0.14606741573033707,0.11235955056179775,0.09293452874039031,0.0031797901712548454,False,89.0,76.0,False
2020,22761,68391,2,0.04932465,0.0738255033557047,0.09395973154362416,0.09328438154362416,0.0158210772894566,False,149.0,160.0,False
2020,21875,66990,1,0.08102409638554214,0.024691358024691357,0.024691358024691357,0.09336977539788782,0.08485754612653512,True,81.0,83.0,False
2020,22834,76455,2,0.09000426847662145,0.0022675736961451248,0.01020408163265306,0.09391583310247179,0.0187927474073111,False,2646.0,2652.0,False
2020,23772,76329,2,0.08612931940298507,0.0,0.022388059701492536,0.09396514029850746,0.06560744562899785,True,134.0,134.0,False
2020,22908,77446,2,0.06548006589147289,0.06267029972752043,0.05722070844686648,0.09490785880700423,0.009684884318969939,False,2202.0,2064.0,False
2020,23590,79545,1,0.019022859914255077,0.16172506738544473,0.14914645103324348,0.09548287788370699,0.004372456630567262,False,1113.0,933.0,False
2020,21178,65801,2,0.06998398387096774,0.06060606060606061,0.05454545454545454,0.09816580205278592,0.0015877548910274847,False,165.0,155.0,False
2020,22277,65933,2,0.05791066227781434,0.08493975903614458,0.0819277108433735,0.09932632492841675,0.006282373494216259,False,1660.0,1519.0,False
2020,23654,60337,2,0.03748837643020596,0.1312127236580517,0.12326043737574553,0.10031143806042464,0.00657842569024554,False,503.0,437.0,False
2020,23745,599683,1,0.06911177017783857,0.05865314989138305,0.06517016654598118,0.10071930095263942,0.021039252280409593,False,2762.0,2924.0,False
2020,23690,73750,1,0.06719365605095541,0.08985507246376812,0.057971014492753624,0.1009617719929844,0.020909407129198268,True,345.0,314.0,False
2020,23632,68269,2,0.04358387777777776,0.11855670103092783,0.1134020618556701,0.10105810458190147,0.0330829085583374,False,776.0,684.0,False
2020,22996,75340,1,0.07446649471544714,0.04680851063829787,0.0574468085106383,0.10159415428991522,0.003948418810388751,False,940.0,984.0,False
2020,23361,64760,2,0.09584673482428117,0.0031847133757961785,0.01592356687898089,0.10189769023829391,0.015732932412030193,False,314.0,313.0,False
2020,23783,68830,1,0.0756941111111111,0.07216494845360824,0.05154639175257732,0.10456009049255441,0.02521294111321505,False,97.0,90.0,False
2020,23030,76650,2,0.045848105319148916,0.12204234122042341,0.11581569115815692,0.10468994840756735,0.03421706980310604,True,803.0,705.0,False
2020,23475,65696,2,0.028124999999999983,0.15384615384615385,0.15384615384615385,0.10504807692307691,0.022620496592015565,True,65.0,55.0,False
2020,23332,68639,2,0.03334539600760457,0.1488673139158576,0.1423948220064725,0.10551368079724857,0.006086188356194483,False,618.0,526.0,False
2020,23024,60255,2,0.017940427906976752,0.14,0.19444444444444445,0.10699598346253231,0.13640583984370075,False,36.0,43.0,False
2020,23497,61557,2,0.08730164285714284,0.027522935779816515,0.045871559633027525,0.10748512909567495,0.02968982481432944,True,109.0,112.0,False
2020,21789,63248,2,0.08856088247639034,0.05643564356435644,0.03663366336633663,0.10984801118926162,0.021030256559751645,False,1010.0,953.0,False
2020,22201,65058,2,0.10496895189003434,0.0,0.016036655211912942,0.11058178121420387,0.032208443675220036,False,873.0,873.0,False
2020,22925,63749,2,0.09803921568627452,0.022922636103151862,0.02865329512893983,0.11150626439687625,0.022146975416822062,True,349.0,357.0,False
2020,23289,68453,1,0.08936427374301678,0.02480916030534351,0.05343511450381679,0.11178793786515419,0.0208846816521025,False,524.0,537.0,False
2020,22548,78517,2,0.0634036428571429,0.0967741935483871,0.0967741935483871,0.11179073963133643,0.009646253268892138,False,248.0,224.0,False
2020,23190,66493,1,0.06581217935779816,0.10655737704918032,0.09016393442622951,0.11335316296435553,0.0023536579058698603,False,122.0,109.0,False
2020,23697,61329,2,0.06483144011142061,0.10585305105853052,0.09838107098381071,0.11514277261453394,0.020099531923451514,False,803.0,718.0,False
2020,23312,64769,1,0.09232258792497072,0.0389768574908648,0.057247259439707675,0.11820565735249813,0.025268389289513832,False,821.0,853.0,False
2020,22156,62263,1,0.04173301161616157,0.1511627906976744,0.1569767441860465,0.119349290685929,0.04170623359761544,False,172.0,198.0,False
2020,23362,65509,2,0.058580492286501376,0.11349693251533742,0.12883435582822086,0.12069705670367928,0.033010978789568865,False,326.0,363.0,False
2020,21622,61666,1,0.07087804545454543,0.1,0.1,0.12087804545454542,0.023819648093841683,False,60.0,66.0,False
2020,23787,69399,2,0.08122299974093268,0.07222222222222222,0.08333333333333333,0.12122299974093267,0.0012405338615355949,False,180.0,193.0,False
2020,22203,69801,1,0.12153846153846157,0.0,0.0,0.12153846153846157,0.09953846153846155,True,26.0,26.0,False
2020,22621,62637,1,0.0976011052631579,0.05,0.05,0.12260110526315791,0.018598378607809843,True,80.0,76.0,False
2020,22541,67591,1,0.11993367758620693,0.013605442176870748,0.006802721088435374,0.12435544629368993,0.0013061871618869625,False,147.0,145.0,False
2020,23428,69585,2,0.05715030808724829,0.13740458015267176,0.13740458015267176,0.12585259816358418,0.018794572125753417,False,131.0,149.0,False
2020,22734,67703,1,0.1167446971014493,0.027114967462039046,0.021691973969631236,0.12840413311012608,0.027570848727736602,False,922.0,897.0,False
2020,23498,76355,2,0.0692726301204819,0.13541666666666666,0.1130952380952381,0.12916846345381522,0.01786706349206349,False,672.0,581.0,False
2020,23426,65665,2,0.010987691855203631,0.24701873935264054,0.23679727427597955,0.13091954875469256,0.03559934177965632,False,587.0,442.0,False
2020,22131,77211,1,0.07847465560890439,0.11339009287925697,0.10139318885448917,0.13097078563986414,0.07192616739829466,False,2584.0,2291.0,False
2020,22881,67564,2,0.090908998051948,0.08450704225352113,0.08450704225352113,0.13316251917870855,0.01968154100969452,False,71.0,77.0,False
2020,23597,69047,2,0.08251095070422532,0.109375,0.109375,0.13719845070422532,0.024444585010060443,False,128.0,142.0,False
2020,22321,68856,1,0.11162079734219268,0.04878048780487805,0.05574912891986063,0.1384500656348756,0.026192403510169993,False,287.0,301.0,False
2020,21654,67391,2,0.08715696925207758,0.09063444108761329,0.10876132930513595,0.13881860067201715,0.02185508273624308,False,331.0,361.0,False
2020,22254,74630,2,0.0565219122807018,0.1827956989247312,0.16129032258064516,0.14039288002263728,0.042671734352591514,False,558.0,456.0,False
2020,22551,63930,1,0.058608333333333346,0.17391304347826086,0.17391304347826086,0.14556485507246378,0.0439885151543455,False,92.0,108.0,False
2020,23747,69113,2,0.05471212843137256,0.184,0.184,0.14671212843137255,0.020889541518620852,False,125.0,102.0,False
2020,23107,64992,1,0.14682511111111113,0.0,0.0,0.14682511111111113,0.07695974603174602,False,36.0,36.0,False
2020,23519,66801,1,0.025461913043478265,0.24324324324324326,0.24324324324324326,0.14708353466509988,0.027026935156500398,False,74.0,92.0,False
2020,21795,66291,1,0.10575573449920511,0.10014306151645208,0.07725321888412018,0.14781582033611498,0.0013464636642643857,False,2796.0,2516.0,False
2020,23145,64596,2,0.0473544275362319,0.20689655172413793,0.20689655172413793,0.15080270339830087,0.04764878346541013,True,87.0,69.0,False
2020,23653,65343,2,0.0378967254651163,0.21813031161473087,0.22946175637393768,0.1509278869382041,0.017282436632502063,False,353.0,430.0,False
2020,22547,66451,1,0.09766957800511508,0.10764872521246459,0.11473087818696884,0.15397269415242384,0.006624154457820081,False,706.0,782.0,False
2020,22617,64896,1,0.15561047118644064,0.008547008547008548,0.008547008547008548,0.1598839754599449,0.16781713844836896,True,117.0,118.0,False
2020,23643,64051,2,0.072475727953411,0.1784313725490196,0.1803921568627451,0.16237768873772473,0.014166422901971232,False,510.0,601.0,False
2020,22099,75138,2,0.15795471794195254,0.018134715025906734,0.0051813471502590676,0.1624883966984292,0.017418451157375003,False,386.0,379.0,False
2020,21955,74454,1,0.04776480127620783,0.24552957359009628,0.24243466299862448,0.16944636936424085,0.010383802646471735,False,2908.0,2194.0,False
2020,22311,68928,1,0.14457178048780486,0.058823529411764705,0.047345767575322814,0.16996632855093255,0.01772591018185324,False,697.0,656.0,False
2020,23175,68207,2,0.09635871382113823,0.14953271028037382,0.1588785046728972,0.1743960969987083,0.001846740333397212,False,214.0,246.0,False
2020,23423,64155,2,0.0870350789473684,0.15853658536585366,0.18597560975609756,0.17590703016688058,0.012344300985293294,False,328.0,380.0,False
2020,23110,61214,2,0.15046232911392404,0.07602339181286549,0.05263157894736842,0.18028689051743282,0.06215465068125453,False,684.0,632.0,False
2020,23005,62595,2,0.14900413580246918,0.06578947368421052,0.06578947368421052,0.18189887264457444,0.01967201545536304,False,304.0,324.0,False
2020,23431,66047,2,0.15982075609756097,0.04,0.05128205128205128,0.1837694740462789,0.08752489861395933,False,39.0,41.0,False
2020,23650,69934,1,0.08409523469387756,0.21018697614442294,0.195357833655706,0.1839985228950381,0.0043529727597143575,True,1551.0,1225.0,False
2020,23765,69629,1,0.09588376900826442,0.16346153846153846,0.18269230769230768,0.18434530746980288,0.07862173423589391,False,104.0,121.0,False
2020,23558,68097,2,0.16403144782608695,0.033707865168539325,0.0449438202247191,0.18481796468001951,4.9654835182710855e-05,False,89.0,92.0,False
2020,23415,79229,2,0.0904110684474123,0.19651240778001342,0.19047619047619047,0.18655459628108095,0.010764809021373944,False,2982.0,2396.0,False
2020,22911,69620,2,0.07197764894099845,0.23935558112773303,0.23014959723820483,0.18843334514353008,0.011811270231248366,False,869.0,661.0,False
2020,23640,68107,1,0.07450947058823532,0.24,0.2608695652173913,0.20181381841432228,0.03820090112906249,False,46.0,34.0,False
2020,23502,68036,1,0.09005643902439021,0.22641509433962265,0.22641509433962265,0.20326398619420155,0.07100376741290165,False,53.0,41.0,False
2020,23737,68705,1,0.06793489999999999,0.16,0.32,0.20393489999999997,0.07796153846153844,False,24.0,16.0,False
2020,23258,65894,1,0.09090924090909089,0.22807017543859648,0.22807017543859648,0.20494432862838913,0.008316401792423933,False,57.0,44.0,False
2020,23496,61457,2,0.03225131943907158,0.4386536373507057,0.3528773072747014,0.22155642258782293,0.039629025983078825,False,921.0,517.0,False
2020,22478,66557,2,0.13775033234421363,0.16995073891625614,0.1687192118226601,0.22229466731958308,0.0389482735546188,False,812.0,674.0,False
2020,22667,69211,1,0.20634877777777783,0.02,0.04,0.22334877777777784,0.02150822222222218,False,8.0,9.0,False
2020,22784,66956,1,0.019396999999999998,0.28,0.4666666666666667,0.22473033333333334,0.008401364897178382,False,30.0,16.0,False
2020,22579,68397,1,0.11481495,0.2727272727272727,0.2727272727272727,0.2511785863636363,0.008885629933481132,False,55.0,70.0,False
2020,21998,67956,2,0.25144791860465115,0.009389671361502348,0.018779342723004695,0.2594291392619281,0.013168541412973994,False,213.0,215.0,False
2020,23101,69206,1,0.176842,0.22,0.28205128205128205,0.30855994871794873,0.009534798534798605,False,39.0,50.0,False
2021,23534,548384,2,0.013695643933386181,0.006304176516942475,0.0013790386130811663,0.015123933925505961,0.1597173681879349,True,2538.0,2522.0,True
2021,23915,60264,2,0.018629539682539692,0.010471204188481676,0.0,0.020200220310811944,0.1584404622565722,True,191.0,189.0,True
2021,22029,61896,1,0.016794299212598417,0.015503875968992248,0.003875968992248062,0.020476469755234074,0.03977322542062602,True,129.0,127.0,True
2021,22094,79358,2,0.011906143106457281,0.008802816901408451,0.023685012325845495,0.021516319955714472,0.11420007489701171,True,1704.0,1719.0,True
2021,23952,65057,2,0.020307692307692277,0.035856573705179286,0.021912350597609563,0.033355501072632514,0.04386539312834136,True,251.0,260.0,True
2021,22795,68804,1,0.023559182568807367,0.05314009661835749,0.028985507246376812,0.04167512459779287,0.012555623935760228,True,207.0,218.0,True
2021,21699,63961,1,0.013337190155440423,0.05623471882640587,0.08457528530521231,0.051373747836225614,0.10570938559034782,True,818.0,772.0,True
2021,21961,599683,1,0.007308137918352359,0.03735174367144627,0.11518616436721699,0.05322605699759524,0.03581329900927672,True,5649.0,5438.0,True
2021,22419,77446,2,0.006590488988190202,0.09545454545454546,0.10601747700595321,0.058014787758455644,0.0981862507703874,True,2860.0,3133.0,True
2021,23857,50859,2,0.005307799452954051,0.1705989110707804,0.08257713248638839,0.05979963248380704,0.036699849595607806,True,551.0,457.0,True
2021,22703,68815,1,0.013260377510040139,0.1510398908966928,0.07432662802591204,0.061930680953613274,0.015420266387035295,True,2933.0,2490.0,True
2021,23307,69446,1,0.023471652278177477,0.06377551020408163,0.09157175588397388,0.06508809336818058,0.028156637511888988,True,3920.0,4170.0,True
2021,22731,66630,1,0.007854278074866307,0.16149068322981366,0.09627329192546584,0.0657735327332514,0.01720905961718995,True,161.0,187.0,True
2021,22201,74857,2,0.00838996070154581,0.08726567550096961,0.16868654423336427,0.08052010250836875,0.09337106703973094,True,1547.0,1682.0,True
2021,23206,62528,1,0.021076736744530963,0.008820286659316428,0.18090806960669975,0.08571760410577334,0.06909357346414252,True,2721.0,2697.0,True
2021,23475,66564,2,0.01997626582278479,0.2153846153846154,0.1076923076923077,0.08997626582278478,0.08070687371209892,True,65.0,79.0,True
2021,23500,69108,1,0.02482149248120301,0.20359281437125748,0.10179640718562874,0.09098915715186169,0.10573012129125207,True,167.0,133.0,True
2021,21432,76650,2,0.01781604245742093,0.15649050795279631,0.15081646794681428,0.09407538243172536,0.17649614314537565,True,1949.0,1644.0,True
2021,22508,62920,2,0.023953472720746587,0.16336336336336335,0.13914165622004276,0.09715755690226605,0.050503071643156344,True,1665.0,1393.0,True
2021,23030,543184,2,0.022717728048780493,0.22540473225404734,0.11768368617683686,0.09771772804878048,0.15200590407456796,True,803.0,984.0,True
2021,22541,65618,1,0.010877436964980582,0.13716814159292035,0.19026091449237922,0.09804397827625136,0.022204126305538655,True,226.0,257.0,True
2021,23596,68391,2,0.015138024427480912,0.11784511784511785,0.1895933014354067,0.09917244760664093,0.2782672996098853,True,297.0,262.0,True
2021,22869,67564,2,0.015188116883116914,0.2833333333333333,0.14166666666666666,0.10727145021645024,0.09669645062743165,True,60.0,77.0,True
2021,23748,69098,1,0.01921398489425981,0.26362625139043383,0.18631408697024288,0.1239678530424099,0.026724027302360648,True,899.0,662.0,True
2021,22312,64596,2,0.01993886129032258,0.09251101321585903,0.3457004160887656,0.15481065890376938,0.10011859754357688,True,454.0,496.0,True
2021,23157,64496,1,0.01923040000000002,0.37735849056603776,0.2975,0.17995917358490568,0.10644901132075466,True,53.0,33.0,True
2021,21595,67419,1,0.0342343055555555,0.021739130434782608,0.008152173913043478,0.040348435990338105,0.019441234935164066,True,368.0,360.0,False
2021,22280,50360,1,0.03195890909090908,0.0425531914893617,0.009671179883945842,0.04172680077369438,0.038504752680469045,True,517.0,495.0,False
2021,22867,50563,2,0.03525209237288136,0.024793388429752067,0.012396694214876033,0.043309943612550784,0.04325053607829709,True,242.0,236.0,False
2021,22372,68068,2,0.035714000000000024,0.02,0.02,0.045714000000000025,0.10333333333333333,True,15.0,16.0,False
2021,23984,50604,2,0.042605093410852696,0.0078125,0.0078125,0.046511343410852696,0.11511851848673765,True,128.0,129.0,False
2021,23384,63619,2,0.03964890967741934,0.025157232704402517,0.012578616352201259,0.047825010306350155,0.02752133366363768,True,159.0,155.0,False
2021,23682,69430,2,0.028985333333333363,0.06,0.04,0.05198533333333336,0.1584496666666666,True,24.0,21.0,False
2021,22717,66609,1,0.03743043477580816,0.008412197686645636,0.043853673640907684,0.05404105020312269,0.04094714148672901,True,951.0,959.0,False
2021,23871,67246,1,0.02809247509578544,0.08421052631578947,0.03859649122807018,0.054232825972978425,0.04842843329897998,True,570.0,522.0,False
2021,23977,69592,1,0.050467412121212155,0.014925373134328358,0.007462686567164179,0.05531815838986887,0.013470256625280945,True,134.0,132.0,False
2021,23092,64029,1,0.03767201801801802,0.07015706806282722,0.021465968586387434,0.05570866723267771,0.017847336059046252,True,955.0,888.0,False
2021,23903,50106,1,0.013226133333333365,0.14285714285714285,0.06785714285714285,0.05840470476190479,0.003501768194070033,True,420.0,360.0,False
2021,22742,66068,2,0.006355957203389818,0.1568627450980392,0.08823529411764706,0.06076772190927217,0.00406949820411992,True,153.0,177.0,False
2021,22597,63235,2,0.03673245945945944,0.16289592760180996,0.0022624434389140274,0.061958703803350834,0.05846882279171718,True,221.0,185.0,False
2021,23895,50901,1,0.03635052419354837,0.08823529411764706,0.03676470588235294,0.06245346537001896,0.08905550642361652,True,68.0,62.0,False
2021,23886,67644,2,0.05660402547169811,0.018518518518518517,0.009259259259259259,0.06262254399021663,0.09960543585727791,True,54.0,53.0,False
2021,23904,50900,1,0.05418497872340429,0.0273224043715847,0.01366120218579235,0.06306476014416931,0.03389680042280524,True,183.0,188.0,False
2021,23943,69623,1,0.041866368852459035,0.07575757575757576,0.030303030303030304,0.06383606582215601,0.05063954384595366,True,66.0,61.0,False
2021,23107,69709,1,0.05714314285714289,0.02,0.013888888888888888,0.065004253968254,0.08182085714285713,True,36.0,35.0,False
2021,23963,65909,2,0.05555600000000003,0.02,0.02,0.06555600000000003,0.268888,True,19.0,20.0,False
2021,22932,65206,2,0.05581487549668876,0.030716723549488054,0.020477815699658702,0.0675896195239925,0.02809373679000067,False,293.0,302.0,False
2021,22622,64041,1,0.0614752,0.02040816326530612,0.01020408163265306,0.0681078530612245,0.023468653648509738,True,245.0,250.0,False
2021,23672,66920,2,0.009094734507706828,0.12206572769953052,0.11640300944648771,0.0681456469689071,0.012649118457516637,False,3621.0,3179.0,False
2021,23638,68200,1,0.03905820166320165,0.01007979840403192,0.08024033636162325,0.06865428915037458,0.036027735669272504,True,2381.0,2405.0,False
2021,22729,65933,2,0.02734460025873217,0.01045751633986928,0.11495715062515093,0.06914823042851538,0.06295173354034135,True,3060.0,3092.0,False
2021,23331,64907,1,0.06137499999999999,0.015873015873015872,0.015873015873015872,0.06931150793650792,0.07523611111111114,True,126.0,128.0,False
2021,22525,61895,1,0.03216631835655936,0.06499488229273286,0.07871522801371184,0.06946588050526843,0.010750217878893464,True,1954.0,2081.0,False
2021,23501,73248,1,0.04953061465038848,0.0824847250509165,0.0274949083503055,0.07152654133063288,0.04174287658811311,True,982.0,901.0,False
2021,21178,69047,2,0.02688107746478873,0.1393939393939394,0.0696969696969697,0.07218410776781904,0.04711108737149357,True,165.0,142.0,False
2021,23761,63292,1,0.0422448536371604,0.06398687448728466,0.060141509433962265,0.0728924131121399,0.011447216684488726,True,1219.0,1141.0,False
2021,23024,60255,2,0.017940427906976752,0.14,0.09722222222222222,0.07296820568475454,0.1342542165374677,True,36.0,43.0,False
2021,23564,67640,1,0.03169857368421053,0.14606741573033707,0.056179775280898875,0.0732716073920757,0.04221422936554872,True,89.0,76.0,False
2021,23749,64047,2,0.05971679999999996,0.04044489383215369,0.023270502645502646,0.07392821000074894,0.08340404162521749,True,989.0,949.0,False
2021,22996,60339,1,0.025420803225806463,0.06009745533297239,0.11455640526402215,0.07453016336816007,0.012797503868928889,True,1847.0,1736.0,False
2021,22668,64760,2,0.048828141783028974,0.06993006993006994,0.04488114904552129,0.0750260544384719,0.05679932445484473,False,1001.0,931.0,False
2021,23352,477587,1,0.06666648333333336,0.02,0.02,0.07666648333333337,3.666666665846918e-07,True,16.0,15.0,False
2021,23437,65343,2,0.03508577183908044,0.011627906976744186,0.11486962649753349,0.07703432715972879,0.029362666579994035,True,860.0,870.0,False
2021,23651,77829,2,0.05192193676114756,0.07466567607726597,0.04049034175334324,0.07729340778640759,0.0921607934278107,True,2692.0,2893.0,False
2021,23182,50412,2,0.07167653947368426,0.02564102564102564,0.005128205128205128,0.0773175651147099,0.008550981904060756,True,195.0,190.0,False
2021,23232,50812,2,0.0755094185185185,0.01818181818181818,0.0015151515151515152,0.07876699427609427,0.018753570294557015,False,330.0,324.0,False
2021,23332,68639,2,0.03334539600760457,0.1488673139158576,0.07119741100323625,0.08059458694611589,0.08542705324294901,False,618.0,526.0,False
2021,23860,75421,1,0.051447285714285654,0.09573241061130335,0.04440599769319493,0.08134924649859937,0.011170548165790259,False,867.0,784.0,False
2021,23721,674491,2,0.012499999999999983,0.14,0.14,0.08249999999999999,0.15633333333333338,True,17.0,10.0,False
2021,21789,63248,2,0.060728108977685484,0.005741127348643006,0.06246694205844426,0.08345270780043743,0.06801533091522019,True,1916.0,1927.0,False
2021,23568,68902,1,0.03416538433086751,0.057610241820768134,0.11688816256051308,0.0837177775001623,0.03293030414888738,True,1406.0,1487.0,False
2021,21095,60634,2,0.06765951004016063,0.053231939163498096,0.024714828897338403,0.08429449102875378,0.06140590882737609,True,263.0,249.0,False
2021,23719,67603,2,0.026603013911182485,0.125,0.11187450075441556,0.08450908917522792,0.015340227385674463,False,4272.0,3738.0,False
2021,22414,64498,2,0.05540990372670808,0.08783783783783784,0.0472972972972973,0.08513963345643781,0.014238952763710025,False,444.0,483.0,False
2021,23236,50354,2,0.08361877777777776,0.00881057268722467,0.004405286343612335,0.08648221390112579,0.0404550246620731,False,227.0,225.0,False
2021,23151,68157,1,0.043688149233716445,0.125,0.06896551724137931,0.08657608026819921,0.004542259744426666,False,232.0,261.0,False
2021,23933,65844,2,0.02986330925925925,0.18032786885245902,0.09289617486338798,0.0894261507893139,0.03669529569780558,False,183.0,216.0,False
2021,23537,67122,2,0.05586052380952384,0.06329113924050633,0.0759493670886076,0.09193647317661245,0.0564955430982519,False,79.0,84.0,False
2021,22220,68928,1,0.040085219512195125,0.15289982425307558,0.08347978910369068,0.0922381193364482,0.019912643033949684,True,569.0,656.0,False
2021,22925,63749,2,0.06621857056074766,0.025500910746812388,0.06682664756446992,0.093433033820334,0.08415362211120606,True,549.0,535.0,False
2021,23785,61666,1,0.08441539393939393,0.03125,0.015625,0.09457164393939392,0.015237750797448171,True,64.0,66.0,False
2021,23783,68830,1,0.0756941111111111,0.07216494845360824,0.02577319587628866,0.09553947193585337,0.012720718514499338,True,97.0,90.0,False
2021,23967,67096,2,0.06122474999999999,0.12,0.05,0.09672474999999998,0.10450435135135137,True,50.0,44.0,False
2021,22890,518445,2,0.047080615287905414,0.048792154986845256,0.12113071628324398,0.0967951892350676,0.014819996647061448,True,4181.0,3977.0,False
2021,23591,66956,1,0.07692304999999999,0.04,0.04,0.09692305,0.010512666666666684,True,14.0,16.0,False
2021,23289,60146,1,0.03448409692757863,0.1214109926168991,0.12733812949640289,0.09726409114385451,0.015632856334818812,True,1219.0,1367.0,False
2021,23697,61329,2,0.06483144011142061,0.10585305105853052,0.04919053549190536,0.09792608519236706,0.07271364937170666,True,803.0,718.0,False
2021,22960,67049,2,0.057011891566265044,0.15306122448979592,0.05612244897959184,0.09961393238259157,0.05885121647695225,True,98.0,83.0,False
2021,23630,62611,2,0.02428373633265169,0.147588611272516,0.15204453034108578,0.0996376136429091,0.0018918798480551946,True,1721.0,1467.0,False
2021,22118,64995,1,0.04049665291387312,0.134375,0.11175750153092467,0.09976802844969675,0.03287807399506855,True,2240.0,1939.0,False
2021,22154,72523,2,0.0717032862972794,0.0703269586674892,0.05403943154590882,0.10116613113847087,0.027642476930143406,False,1621.0,1507.0,False
2021,23870,69134,1,0.03644801417910447,0.20143027413587605,0.09892729439809297,0.10128710833881842,0.007093494225696745,False,839.0,670.0,False
2021,23428,69585,2,0.05715030808724829,0.13740458015267176,0.06870229007633588,0.10180679663686662,0.020755751558889618,False,131.0,149.0,False
2021,23536,69168,2,0.08013396465459426,0.05273189326556544,0.04304918958416368,0.10311096499888636,0.0446808699726019,True,1574.0,1491.0,False
2021,22908,68419,2,0.05312324910093505,0.086508979413053,0.11021994310663587,0.10467657610021555,0.052754605740281624,False,4566.0,4171.0,False
2021,21874,79825,1,0.08124602439024392,0.05592105263157895,0.044018594061284506,0.10504069020643034,0.031830480465293215,True,1216.0,1148.0,False
2021,22234,67828,2,0.054110573551262975,0.0029806259314456036,0.15377009279448306,0.10837719991904887,0.08812852503951987,True,1342.0,1346.0,False
2021,23518,65516,1,0.06487828720036182,0.0034036759700476512,0.12495817355913166,0.10912419934156506,0.014248622125267507,False,4407.0,4422.0,False
2021,21916,63991,1,0.03716026224526278,0.22089136490250696,0.11100532164816727,0.10914582955749738,0.04708296872715809,True,3590.0,2797.0,False
2021,22666,69054,1,0.08318623704866561,0.07547169811320754,0.042146747998092225,0.10925835356497901,0.026398120758163557,True,689.0,637.0,False
2021,22598,66557,2,0.03484569389509891,0.17925194071983064,0.1369427382603527,0.10966344339419695,0.004003820842477385,False,1417.0,1163.0,False
2021,23782,518852,2,0.06865084546197875,0.09641669745105283,0.08651068659244598,0.11339209038699277,0.02254930029357985,False,5414.0,4892.0,False
2021,23902,69104,2,0.08440227534246579,0.09316770186335403,0.04503105590062112,0.11413830018718629,0.07288525125961251,True,644.0,584.0,False
2021,23312,64554,1,0.026792505924950624,0.162203519510329,0.18121281384239835,0.11454751869633939,0.04006016841092708,True,1307.0,1519.0,False
2021,22551,63930,1,0.058608333333333346,0.17391304347826086,0.08695652173913043,0.11513007246376813,0.0051765919145690675,False,92.0,108.0,False
2021,21654,78517,2,0.04206430196078434,0.07524932003626474,0.178470798177919,0.1158164793284957,0.0747070516949887,True,1103.0,1020.0,False
2021,22782,68043,1,0.038250752021563375,0.06666666666666667,0.19307604879820303,0.11582736910093444,0.03278972224305268,True,3180.0,2968.0,False
2021,23035,69539,1,0.049981215827338124,0.10037998733375554,0.1463666606872034,0.11626654516792265,0.011218322131752695,False,3158.0,3475.0,False
2021,21830,63103,1,0.04991677889733839,0.059415911379657606,0.16571604747957452,0.1168297822221381,0.007528012333526735,True,993.0,1052.0,False
2021,22335,68501,1,0.047653208737864064,0.046296296296296294,0.17861811391223156,0.11711399305158955,0.03778277492226666,True,1080.0,1030.0,False
2021,22761,76329,2,0.051767157303370795,0.07951482479784366,0.15409644963047636,0.11762813839371408,0.10471424992545167,True,742.0,801.0,False
2021,23446,68201,2,0.05127547293233084,0.08130081300813008,0.1585648148148148,0.11896828006873553,0.21818386836332024,True,123.0,133.0,False
2021,22253,75258,2,0.08129381406628945,0.07062359128474831,0.0809276931214631,0.12021204535151378,0.10880312304852177,True,1331.0,1237.0,False
2021,23567,62160,1,0.04844647575757578,0.1,0.16319444444444445,0.12056453131313133,0.17639635711913654,True,120.0,132.0,False
2021,22293,65769,2,0.05871987500000001,0.11831088460138332,0.12917269339757068,0.12167695037935725,0.044536945439187375,False,2747.0,3072.0,False
2021,23336,50720,1,0.11997016289592756,0.008968609865470852,0.002242152466367713,0.12210020773897688,0.005372745339052035,False,223.0,221.0,False
2021,23762,50708,2,0.0975953157894737,0.044673539518900345,0.05154639175257732,0.1223375838307108,0.004303221410527719,False,291.0,304.0,False
2021,23627,69813,1,0.08217730202966429,0.0846740050804403,0.07925739963956023,0.12261849266557641,0.005502561727745339,True,1181.0,1281.0,False
2021,23665,63936,1,0.0416016582089552,0.05898876404494382,0.20707282180117936,0.12292546044610954,0.059490098678965556,True,1424.0,1340.0,False
2021,23231,76355,2,0.04875853997134673,0.10109465550547328,0.1690872849906727,0.12310328804390315,0.060638180913881554,True,1553.0,1396.0,False
2021,22254,67391,2,0.04037448893974069,0.11538461538461539,0.18738071963878417,0.12326543312100746,0.022004196621160016,True,1482.0,1311.0,False
2021,20700,68413,2,0.10311766666666668,0.061522419186652764,0.032625629042011293,0.12376499970936855,0.17016891140984958,False,959.0,900.0,False
2021,23703,67711,2,0.04179612875536481,0.25268817204301075,0.12768817204301075,0.12439021477687018,0.02756090556778551,False,372.0,466.0,False
2021,22851,69399,2,0.07238442424242422,0.1397288842544317,0.08972181142331828,0.12474639087875038,0.039716306497534895,False,959.0,825.0,False
2021,22302,69516,1,0.08175260647693819,0.08289054197662062,0.08964213068904145,0.1255609335145958,0.004113059313090861,False,941.0,1019.0,False
2021,22923,62263,1,0.04009266046511629,0.1505016722408027,0.18096393567418403,0.1260052887872011,0.0006216784323345437,False,299.0,344.0,False
2021,23944,50449,2,0.04380579347975286,0.25396825396825395,0.1264720942140297,0.12616626454990135,0.01760939101591885,True,1953.0,1457.0,False
2021,22233,69996,1,0.03812733238866399,0.2329192546583851,0.15734965281864188,0.1281375990739464,0.14152191414475224,True,322.0,247.0,False
2021,23158,65702,1,0.08909090909090911,0.12698412698412698,0.05952380952380952,0.1289718614718615,0.06824699374699374,False,126.0,110.0,False
2021,22640,68242,1,0.0703059954296161,0.16631130063965885,0.09701492537313433,0.12920791440616194,0.010752246277132532,False,469.0,547.0,False
2021,22772,63492,2,0.03007032707774801,0.19088937093275488,0.20160653012945032,0.12926601826296885,0.033946013335586334,False,1844.0,1492.0,False
2021,23491,61557,2,0.023809492857142837,0.3176470588235294,0.17058823529411765,0.1311624340336134,0.04561653221288514,False,85.0,112.0,False
2021,23858,50995,2,0.055428648648648646,0.23333333333333334,0.11666666666666667,0.13126198198198197,0.004368345618345593,False,60.0,74.0,False
2021,21840,69839,2,0.09177384320557495,0.0749063670411985,0.081234499862221,0.13144187321353207,0.029588227431906727,True,1335.0,1435.0,False
2021,23421,74630,2,0.07185543771929823,0.2,0.08947368421052632,0.13317122719298244,0.07107501894470017,False,570.0,456.0,False
2021,22015,68910,2,0.03808320966057439,0.2746212121212121,0.1543898435668107,0.13331283672713995,0.13973710943724732,True,1056.0,766.0,False
2021,23874,50905,1,0.133333,0.0,0.0,0.133333,0.017594869565217414,True,25.0,25.0,False
2021,23590,61365,1,0.06981841263537908,0.032314410480349345,0.16973574829332191,0.13407308611009416,0.029823522728069374,True,2290.0,2216.0,False
2021,23288,76350,1,0.030686992835209856,0.21399839098954143,0.20639209928003033,0.13502398623165168,0.026818506533819897,True,1243.0,977.0,False
2021,23893,50814,2,0.0852205763157895,0.15725806451612903,0.07862903225806452,0.13632944728353144,0.0149314659092495,False,496.0,418.0,False
2021,23684,69113,2,0.039088182069970834,0.13054499366286437,0.22274582667462503,0.13663097045551925,0.013576204957268911,False,789.0,686.0,False
2021,23238,79847,2,0.06028859062359805,0.07525325615050651,0.1874244133900414,0.13717512373268853,0.01940128711328508,False,2073.0,2229.0,False
2021,22321,74748,1,0.08868428099173552,0.156794425087108,0.07491289198606271,0.13842295694992368,0.12675143289348217,False,287.0,242.0,False
2021,23848,63914,2,0.07212203716108455,0.20632911392405062,0.10189873417721519,0.13873596121171744,0.01965523520686277,False,790.0,627.0,False
2021,23110,69620,2,0.10027027424612872,0.04603580562659847,0.09174200839522118,0.13928534802844592,0.061375692610571825,True,1173.0,1227.0,False
2021,22110,78536,1,0.04722810848126234,0.1066079295154185,0.21737969806320473,0.13930219223069676,0.00442471759335844,False,1135.0,1014.0,False
2021,22250,592468,1,0.11678020942408376,0.07303370786516854,0.03651685393258427,0.14051616448026352,0.017949706525135556,False,178.0,191.0,False
2021,21372,60140,1,0.10206349260700388,0.10327983251919051,0.06757947500329772,0.14120828373603667,0.05910576518128843,False,1433.0,1285.0,False
2021,23934,67768,2,0.04628147009569377,0.2822085889570552,0.15337423312883436,0.14229374003434409,0.01216246153168754,False,163.0,209.0,False
2021,23556,65509,2,0.11462443207343413,0.060851926977687626,0.05594588179444576,0.14333327974814328,0.11923579364791378,True,493.0,463.0,False
2021,23423,64155,2,0.0870350789473684,0.15853658536585366,0.09298780487804878,0.14336129845956352,0.04837440606069979,False,328.0,380.0,False
2021,23843,66451,1,0.04776352800511509,0.2980251346499102,0.14676840215439857,0.1438362389566411,0.018691144148050814,True,1114.0,782.0,False
2021,23929,50109,2,0.13218109938650308,0.042584434654919234,0.016152716593245228,0.14422221539237678,0.014853703194581569,False,681.0,652.0,False
2021,23879,50393,1,0.03472222222222221,0.35051546391752575,0.16494845360824742,0.14503150057273767,0.02742983963344786,False,97.0,63.0,False
2021,22539,66103,2,0.0532820857142857,0.17204301075268819,0.19233490566037736,0.146405754308321,0.11127472611077296,True,186.0,154.0,False
2021,22156,69984,1,0.12585806304347824,0.06395348837209303,0.03197674418604651,0.14664294676440848,0.004341985777198493,False,172.0,161.0,False
2021,21754,66492,1,0.02594730555555559,0.2440944881889764,0.24126737033943352,0.14700505840270378,0.06294563078994045,False,1143.0,864.0,False
2021,22203,65958,1,0.040000000000000036,0.22,0.21153846153846154,0.14703846153846156,0.01776923076923073,False,26.0,15.0,False
2021,22815,64267,1,0.1375268947368421,0.020134228187919462,0.01912568306010929,0.14724101803606826,0.01769866433672107,False,298.0,304.0,False
2021,23624,65894,1,0.11004763636363636,0.1,0.0641025641025641,0.1474835337995338,0.07994067299367297,False,39.0,44.0,False
2021,23673,79535,2,0.04280137377963737,0.32358490566037734,0.16084905660377358,0.14763627944001473,0.05409595019643254,True,1060.0,717.0,False
2021,22368,67116,1,0.11115278067135052,0.026442307692307692,0.09684647302904564,0.14901539238536265,0.025070313054978255,False,1248.0,1281.0,False
2021,23786,74359,2,0.08657708497316638,0.10416666666666667,0.13721389566631811,0.1502269484563777,0.05057074373946299,True,1248.0,1118.0,False
2021,23190,67989,1,0.10763806557377051,0.0,0.13114754098360656,0.15353970491803282,0.052012832371276796,False,183.0,183.0,False
2021,23953,50594,2,0.14940694612794614,0.029411764705882353,0.0016339869281045752,0.1543906062586651,0.011488796218115105,True,306.0,297.0,False
2021,21558,68556,1,0.06440149786507254,0.07529843893480258,0.22759792715835067,0.15535553821071568,0.009838497520536116,False,1089.0,1171.0,False
2021,22926,63104,1,0.014470269863013682,0.02456140350877193,0.3941594870767381,0.15611030086618777,0.0005498880095780589,True,285.0,292.0,False
2021,23314,62595,2,0.14725671891891892,0.006802721088435374,0.026071690598469765,0.15740221879164865,0.0151608862778361,False,735.0,740.0,False
2021,23644,67591,1,0.1102762904853129,0.05889423076923077,0.11150568181818182,0.15813741373706114,0.012821739046339653,False,832.0,783.0,False
2021,23650,75340,1,0.029275425601750588,0.2836990595611285,0.24899214260916386,0.1589775344491272,0.013977549010328827,False,2552.0,1828.0,False
2021,23361,68659,2,0.08806062198391419,0.18789808917197454,0.12738853503184713,0.16083132262085686,0.021403329894548045,False,314.0,373.0,False
2021,23910,69860,1,0.15157333333333334,0.030303030303030304,0.015151515151515152,0.1614218181818182,0.01012500977517114,False,99.0,96.0,False
2021,22667,68848,1,0.0713221697841727,0.18803418803418803,0.1779816513761468,0.1618208759709523,0.03149675150493578,True,117.0,139.0,False
2021,23853,69703,1,0.03741336363636359,0.3897364771151179,0.19105409153952843,0.16274276724246622,0.03871919392258227,False,1442.0,880.0,False
2021,23306,68900,2,0.10257689869281045,0.1254203093476799,0.11864157340791168,0.1629144957877315,0.0024580222636036153,False,2974.0,2601.0,False
2021,23502,68036,1,0.09005643902439021,0.22641509433962265,0.11320754716981132,0.16364134468476757,0.047890559865731874,True,53.0,41.0,False
2021,22143,62937,1,0.07165160606060605,0.113584036838066,0.22056362722589634,0.16588648111537968,0.040330717006479055,False,1303.0,1155.0,False
2021,22785,50596,2,0.16176452941176467,0.014492753623188406,0.007246376811594203,0.16647467433930088,0.016450932784847883,False,69.0,68.0,False
2021,22583,61156,2,0.10980748470948011,0.1794228356336261,0.08594730238393977,0.16680246588890293,0.0005782088230152083,True,797.0,654.0,False
2021,23745,571035,1,0.16446814293992662,0.0003861749372465727,0.00858539724501532,0.16753095821626895,0.005406929520713866,False,5179.0,5177.0,False
2021,22131,61101,1,0.06291020207647507,0.20334879967722413,0.2124056888707975,0.16775451313283782,0.052285369723764824,True,4957.0,3949.0,False
2021,23696,502010,1,0.10786099325236163,0.045379731953914884,0.15297345976056656,0.16820866396164716,0.014059116779858521,True,4253.0,4446.0,False
2021,23727,68397,1,0.049350664285714295,0.10256410256410256,0.29846153846153844,0.16919681813186813,8.99329091960388e-05,False,78.0,70.0,False
2021,21279,69158,1,0.028840030745341638,0.1970074812967581,0.3197920359210682,0.1703183655122292,0.02961023174799307,False,802.0,644.0,False
2021,21857,69501,2,0.07142833333333333,0.2,0.2,0.17142833333333332,0.021285666666666647,False,22.0,12.0,False
2021,22028,74513,2,0.06542647892720309,0.10476190476190476,0.25912746464392605,0.17183537726686293,0.01696418922410209,False,945.0,1044.0,False
2021,23653,78366,2,0.14652126232095491,0.0679886685552408,0.043909348441926344,0.17208783455891524,0.010591007297099247,False,353.0,377.0,False
2021,23931,66615,2,0.15909090909090906,0.04,0.021739130434782608,0.172699604743083,0.06846539637556864,False,46.0,44.0,False
2021,23643,64464,2,0.11116271205007827,0.12585499316005472,0.12390648567119154,0.1734082310090035,0.0075501619983539825,True,731.0,639.0,False
2021,22278,61643,1,0.028515868114143902,0.2537037037037037,0.3128080124773893,0.17605422803678572,0.02350678242814469,False,2700.0,2015.0,False
2021,22136,60757,2,0.1256414542124542,0.03802281368821293,0.12787094422165513,0.17609970674326542,0.023650740195275577,True,526.0,546.0,False
2021,23558,68097,2,0.16403144782608695,0.033707865168539325,0.02247191011235955,0.17695279614069367,0.04093003584804711,False,89.0,92.0,False
2021,23759,72447,2,0.06131289718550108,0.27956989247311825,0.21263890111825307,0.1776719964478574,0.03510027917652933,True,1302.0,938.0,False
2021,23959,69096,2,0.11609917647058822,0.1724137931034483,0.10344827586206896,0.1781681419878296,0.0037757388899133104,False,58.0,68.0,False
2021,22922,67365,1,0.028001022857142843,0.18604651162790697,0.35045816104842664,0.1785683559682782,0.00871449090204468,False,903.0,735.0,False
2021,23561,77637,2,0.07439454216867473,0.15225023938716883,0.23313317074554066,0.1788286878376893,0.018373664808209872,True,3133.0,2656.0,False
2021,21795,74454,1,0.04138847786857338,0.25739570164348924,0.2824895604592287,0.1788691792758268,0.004663513459622848,True,3955.0,2937.0,False
2021,23478,61145,2,0.06219628514694201,0.18800386971944533,0.2532402885892453,0.17903096661109466,0.025946803683714242,False,3101.0,2518.0,False
2021,23411,76455,2,0.07441790108342361,0.153987167736022,0.2417582701401553,0.18213137079288128,0.01586464927865175,True,4364.0,3692.0,False
2021,23754,68797,2,0.09014583286118984,0.1423948220064725,0.20784259768849753,0.18424996535313484,0.06410857619311966,False,309.0,353.0,False
2021,22478,64051,2,0.11568938193343895,0.13679890560875513,0.1416180371352785,0.18577553077209968,0.04644632680423284,False,1462.0,1262.0,False
2021,23122,69035,2,0.12142210595854921,0.12209302325581395,0.13380662609871535,0.18656837858147168,0.01905249136275733,False,344.0,386.0,False
2021,23360,69737,1,0.04329000238095237,0.26,0.30000000000000004,0.1872900023809524,0.014833288998357952,True,34.0,21.0,False
2021,23695,68703,2,0.06106740462859274,0.22552607502287284,0.27219470552803887,0.19016446281683724,0.01984885425114022,False,2186.0,2679.0,False
2021,23005,68908,2,0.05998529239766083,0.4375,0.1875,0.19123529239766082,0.06016580899034735,False,304.0,171.0,False
2021,23362,60337,2,0.049354922727272724,0.1148068669527897,0.35624835489683937,0.19126287698408495,0.061209499731251754,False,932.0,825.0,False
2021,22524,72862,1,0.1614547116113744,0.12083333333333333,0.0375,0.1927047116113744,0.11121897593644325,False,240.0,211.0,False
2021,22473,63960,2,0.04493696864686471,0.051643192488262914,0.40183522577237923,0.19332577654043687,0.01646285211016793,False,639.0,606.0,False
2021,22309,65058,2,0.14013155175983438,0.12737127371273713,0.09804971192688904,0.1935546419911561,0.08513791774052562,True,1107.0,966.0,False
2021,23614,76858,2,0.05477753296327923,0.28422982885085574,0.27675014079219074,0.19427455656817436,0.03544183677258175,False,1636.0,1171.0,False
2021,23512,79617,2,0.08479119786096255,0.031088082901554404,0.30294811320754716,0.1954862499188372,0.014783015710984948,False,772.0,748.0,False
2021,22547,73117,1,0.10302462695924763,0.04319136172765447,0.2561646420012204,0.19916095591882294,0.03706926741686417,False,1667.0,1595.0,False
2021,23137,69994,2,0.04563089728958632,0.09897172236503857,0.3984846163488725,0.19994627136644746,0.004525460161826145,False,778.0,701.0,False
2021,23105,50157,2,0.0630099189506656,0.4301651048639,0.2110664881749219,0.20140795554147325,0.009266900928297794,False,2241.0,1277.0,False
2021,22784,69213,1,0.04472071428571431,0.3333333333333333,0.3049751243781095,0.20146200781805262,0.0063086757769593715,False,231.0,154.0,False
2021,23154,65696,2,0.11397100000000002,0.20512820512820512,0.16710485617073925,0.20322693042898954,0.042424050242330785,True,273.0,217.0,False
2021,21622,69404,1,0.03665440860215052,0.13691931540342298,0.42695797516714423,0.20662759722116444,0.05012270775280228,True,409.0,465.0,False
2021,23515,62146,2,0.09506093851648348,0.2907248636009353,0.19954102102188315,0.2085090254142829,0.01850075830085643,False,1283.0,910.0,False
2021,22734,63111,1,0.18659518267477201,0.07049891540130152,0.0368763557483731,0.21007674449689784,0.0017049379797597075,False,922.0,987.0,False
2021,23787,68207,2,0.037523654958677696,0.34444444444444444,0.35,0.21169032162534435,0.0422215016771578,False,360.0,484.0,False
2021,22595,66039,1,0.1148007567567568,0.225130890052356,0.18551640667025282,0.21350113259919867,0.021262230675782257,False,764.0,592.0,False
2021,21991,67045,1,0.09302781330603888,0.05166846071044134,0.33674837379025857,0.21864001323919557,0.0010479376443542077,False,929.0,977.0,False
2021,22099,63791,2,0.11288156304347824,0.08235294117647059,0.2672154437573124,0.21875990953500818,0.130775635106679,False,510.0,552.0,False
2021,22596,66064,2,0.1672663766233766,0.10046728971962617,0.10422708891629179,0.21881595120202263,0.12308930560339136,False,856.0,770.0,False
2021,22743,61214,2,0.10775576624405706,0.2628504672897196,0.21634356793849047,0.22290358511598662,0.031754498108465964,False,1712.0,1262.0,False
2021,22621,66663,1,0.12844630612244895,0.18333333333333332,0.1919642857142857,0.22313380612244893,0.0055984550715808545,True,360.0,294.0,False
2021,23781,79229,2,0.1155241104783599,0.2322490381252186,0.2099922448204891,0.22385875188431387,0.040252261236862874,False,5718.0,4390.0,False
2021,23634,63894,2,0.16574521801801803,0.1855807743658211,0.09612817089452604,0.2272271939859753,0.024732654980277158,False,749.0,888.0,False
2021,22180,63959,2,0.1432177611713666,0.18814432989690721,0.165381786718581,0.22932303600740603,0.10270531245940331,True,776.0,922.0,False
2021,22617,64896,1,0.11448835639784949,0.34275618374558303,0.19074891410956987,0.23266390389803637,0.11206954314360151,True,849.0,558.0,False
2021,22311,79293,1,0.03964832935560856,0.24910394265232974,0.44780049513256615,0.23374409404985613,0.012931609133280564,False,1116.0,838.0,False
2021,21943,69205,2,0.08462842801556417,0.15460526315789475,0.3652842809364549,0.23566871581700755,0.09005286160939885,False,608.0,514.0,False
2021,22548,68617,2,0.1459441144578313,0.004032258064516129,0.25814516129032256,0.2368997596191216,0.011254343766707003,False,248.0,249.0,False
2021,23640,77263,1,0.09191821420911525,0.02610966057441253,0.4044987922705314,0.2374092405899631,0.04423406332272445,False,766.0,746.0,False
2021,23917,50464,2,0.06579912825458056,0.5324616771866546,0.2651036970243463,0.2384546737910999,0.0021132068397674564,False,2218.0,1037.0,False
2021,23737,69801,1,0.2045455,0.0847457627118644,0.0857516339869281,0.24727043630220447,0.014786196964661602,False,177.0,192.0,False
2021,23747,65801,2,0.18349580338753388,0.11144578313253012,0.14090821256038646,0.24953054525354867,0.08393370756067425,False,332.0,369.0,False
2021,23385,66047,2,0.08451470609318994,0.17210682492581603,0.4103377326103514,0.2539489362456853,0.007883122807416404,False,674.0,558.0,False
2021,23654,75138,2,0.12004785751295335,0.2730696798493409,0.26587523161567267,0.25406464055583994,0.011624557349776327,False,1062.0,772.0,False
2021,21875,65937,1,0.06299102435530086,0.19212962962962962,0.46381438910174544,0.2541455049853562,0.03875807331109654,True,864.0,698.0,False
2021,21955,69413,1,0.14452215653577194,0.3607290233837689,0.17830123796423658,0.26103694333082006,0.007196616576761183,False,2908.0,1859.0,False
2021,23690,62929,1,0.14804331818181815,0.024930747922437674,0.33159420289855074,0.26784090138467653,0.0325757895101807,False,361.0,352.0,False
2021,23519,66625,1,0.01346799494949498,0.09174311926605505,0.6891891891891893,0.26844567905561945,0.047915242445866535,False,109.0,99.0,False
2021,23426,65665,2,0.06087670138121551,0.4383242823894492,0.41683168557103817,0.27251643368949624,0.07342490792543582,False,1289.0,724.0,False
2021,23258,64255,1,0.011218283333333322,0.5428571428571428,0.53125,0.2785843547619047,0.04770238416495784,False,105.0,48.0,False
2021,22540,68269,2,0.040514025641025665,0.5390070921985816,0.47466909891276887,0.287499274090282,0.041751694858295024,False,1692.0,780.0,False
2021,22579,67944,1,0.017989693689320387,0.0,0.799810606060606,0.2979234058105325,0.03231704177699324,False,103.0,103.0,False
2021,23765,68093,1,0.03222447837837841,0.1297709923664122,0.7163461538461539,0.3024112810794941,0.013614696345780442,False,131.0,148.0,False
2021,23496,61457,2,0.11387993769401328,0.5089820359281437,0.41497577154128085,0.33546876312268314,0.003620208902945815,False,1837.0,902.0,False
2021,23885,68114,1,0.01724099999999998,0.4,0.74,0.336241,0.06753082051282056,True,30.0,10.0,False
2021,23175,67956,2,0.304754462195122,0.03691275167785235,0.07843791722296395,0.3377446459748372,0.06475844772348344,False,298.0,287.0,False
2022,23534,548384,2,0.013695643933386181,0.006304176516942475,0.0009193590753874442,0.014963046087313157,0.15132821662502446,True,2538.0,2522.0,True
2022,22029,61896,1,0.016794299212598417,0.015503875968992248,0.002583979328165375,0.020024273372805136,0.03751224350848132,True,129.0,127.0,True
2022,24018,66160,1,0.015101205128205147,0.031055900621118012,0.005175983436853002,0.021571184424271403,0.06872768903099302,True,644.0,624.0,True
2022,24020,51299,2,0.006418674418604664,0.06521739130434782,0.017391304347826087,0.022288239635995966,0.10398607583758038,True,230.0,215.0,True
2022,23672,67603,2,0.020559289130898994,0.010355987055016181,0.035931088105001154,0.034688568025901825,0.10150956028116549,True,4635.0,4683.0,True
2022,21961,599683,1,0.007308137918352359,0.03735174367144627,0.07679077624481133,0.03978767115475326,0.03281137111382265,True,5649.0,5438.0,True
2022,22742,66068,2,0.006355957203389818,0.1568627450980392,0.05882352941176471,0.05047360426221335,0.012838561384947801,True,153.0,177.0,True
2022,22703,68815,1,0.013260377510040139,0.1510398908966928,0.04955108535060803,0.053259241017256875,0.023176829632858678,True,2933.0,2490.0,True
2022,23347,51648,2,0.014004195652173923,0.22531939605110338,0.07471931862175764,0.0739538665774546,0.05988703022447882,True,861.0,667.0,True
2022,24115,64001,1,0.017744687091017244,0.023128423615337797,0.1545952525867316,0.07532228903867397,0.014195117998511489,True,1643.0,1681.0,True
2022,23596,68391,2,0.015138024427480912,0.11784511784511785,0.12639553429027114,0.07705322910584349,0.27329973340064173,True,297.0,262.0,True
2022,23475,66564,2,0.01997626582278479,0.2153846153846154,0.0717948717948718,0.07741216325868223,0.07352738653261175,True,65.0,79.0,True
2022,22996,60339,1,0.018626014535128313,0.10773273273273273,0.1371624505105721,0.08279278212373846,0.025933415704981547,True,2664.0,2377.0,True
2022,23030,543184,2,0.022717728048780493,0.22540473225404734,0.0784557907845579,0.08398796466148285,0.15963355040084443,True,803.0,984.0,True
2022,22869,67564,2,0.015188116883116914,0.2833333333333333,0.09444444444444444,0.09074367243867246,0.09475200618298721,True,60.0,77.0,True
2022,23312,79440,1,0.0186560935214211,0.13861386138613863,0.14857496014207328,0.09144940877906754,0.07730321528960538,True,2222.0,1914.0,True
2022,22123,76355,2,0.021783510028653294,0.07610853739245532,0.20889021013879128,0.10631136418609854,0.10181889818635728,True,1511.0,1396.0,True
2022,23954,50412,2,0.023581683475783443,0.07631578947368421,0.2073126818681693,0.10758849055069533,0.1585810497679421,True,380.0,351.0,True
2022,23491,61557,2,0.023809492857142837,0.3176470588235294,0.11372549019607843,0.11126047324929969,0.12471197198524983,True,85.0,112.0,True
2022,23515,64047,2,0.015411282511896645,0.12544589774078477,0.289983238138313,0.13572230052142392,0.07946231714016327,True,1682.0,1471.0,True
2022,23157,64496,1,0.01923040000000002,0.37735849056603776,0.19833333333333333,0.14525084025157237,0.10207401132075467,True,53.0,33.0,True
2022,22735,74857,2,0.01448932556203164,0.2806229410002995,0.25474639988865677,0.14574400667310644,0.04940238792352647,True,3339.0,2402.0,True
2022,23235,64498,2,0.02253389235737352,0.3075299085151302,0.24942197282622813,0.1559610691238229,0.07886707032297535,True,1421.0,1858.0,True
2022,23206,68406,1,0.0198758753781004,0.39250275633958104,0.2605649888754911,0.16994903493545943,0.05850097791296072,True,2721.0,1653.0,True
2022,23653,68908,2,0.003781918412698406,0.4723618090452261,0.28779857273332404,0.17536569022614573,0.07600723850462521,True,597.0,315.0,True
2022,22541,65618,1,0.019340238775510204,0.34991708126036486,0.3399263744714889,0.190802032029586,0.07493306082245121,True,603.0,392.0,True
2022,22312,64596,2,0.016438515151515117,0.29927007299270075,0.3865289890101109,0.19661417225395905,0.14586282821222918,True,1507.0,1056.0,True
2022,23535,51104,2,0.0,0.02,0.013333333333333334,0.007666666666666667,0.09145454545454543,True,15.0,14.0,False
2022,22763,68362,2,0.001976395454545428,0.04,0.08,0.03597639545454542,0.08416842121212124,True,24.0,22.0,False
2022,23984,50604,2,0.042605093410852696,0.0078125,0.005208333333333333,0.045599885077519366,0.09734508098673764,True,128.0,129.0,False
2022,23384,63619,2,0.03964890967741934,0.025157232704402517,0.008385744234800839,0.046357505065260006,0.1074023283579206,True,159.0,155.0,False
2022,23444,61208,2,0.011905000000000027,0.2,0.013333333333333334,0.04657166666666669,0.19152333333333332,True,22.0,12.0,False
2022,23484,586512,1,0.02527823255813949,0.08,0.028368794326241134,0.047207310572323885,0.1335874979383144,True,47.0,43.0,False
2022,23682,69430,2,0.028985333333333363,0.06,0.02666666666666667,0.047318666666666696,0.18227137209302322,True,24.0,21.0,False
2022,23777,64501,1,0.01503773684210527,0.06,0.08,0.05203773684210527,0.01150553766769865,True,22.0,19.0,False
2022,24051,51110,1,0.027434351931330453,0.08878504672897196,0.03271028037383177,0.05220070707151737,0.07426685941479191,True,428.0,466.0,False
2022,24089,51594,2,0.045167687830687794,0.025780189959294438,0.009497964721845319,0.05235900397722782,0.07326346431070313,True,737.0,756.0,False
2022,21595,66444,1,0.04348532309941521,0.07065217391304347,0.010869565217391304,0.05788749701245869,0.018220454790486,True,368.0,342.0,False
2022,24118,51111,2,0.025571358318098744,0.12551440329218108,0.04252400548696845,0.059281920732364865,0.10380337354042234,False,486.0,547.0,False
2022,23943,69623,1,0.041866368852459035,0.07575757575757576,0.020202020202020204,0.06030071228680248,0.11651747077330676,True,66.0,61.0,False
2022,22597,63235,2,0.03673245945945944,0.16289592760180996,0.0015082956259426848,0.061694752068810865,0.051078174224598025,True,221.0,185.0,False
2022,23107,69709,1,0.05714314285714289,0.02,0.009259259259259259,0.06338388359788363,0.0834412275132275,True,36.0,35.0,False
2022,21178,69047,2,0.02688107746478873,0.1393939393939394,0.046464646464646465,0.0640527946365059,0.04958583484624106,True,165.0,142.0,False
2022,24129,68585,1,0.04298745744680849,0.09615384615384616,0.02948717948717949,0.06773104719039824,0.02304089574416457,True,1040.0,940.0,False
2022,23229,543208,1,0.027842165945165954,0.15211970074812967,0.052091992241618174,0.06889231834195177,0.015897136920601046,True,1203.0,1386.0,False
2022,23151,68804,1,0.05446995825688074,0.0603448275862069,0.01867816091954023,0.07005903871665085,0.005296570089254257,True,232.0,218.0,False
2022,24117,51359,1,0.02554060121951218,0.16698292220113853,0.05629348513598988,0.07029075934727941,0.002001199580162538,True,527.0,615.0,False
2022,23332,68639,2,0.03334539600760457,0.1488673139158576,0.04746494066882417,0.07228822232907167,0.07957484180821328,False,618.0,526.0,False
2022,23431,60255,2,0.04834713953488369,0.08,0.034188034188034185,0.07231295150069565,0.10700061260186848,True,39.0,43.0,False
2022,23651,77829,2,0.05192193676114756,0.07466567607726597,0.026993561168895494,0.07256953458185086,0.09339593458680032,True,2692.0,2893.0,False
2022,23352,477587,1,0.06666648333333336,0.02,0.013333333333333334,0.07433315000000003,3.666666665985696e-07,True,16.0,15.0,False
2022,23951,50563,2,0.06243036654676255,0.034722222222222224,0.03261664472721954,0.07905452553462272,0.12010388470683087,True,576.0,556.0,False
2022,22675,79358,2,0.02054454079782407,0.06723044397463002,0.14301140950652477,0.08068310072130225,0.10134368802484664,False,2365.0,2206.0,False
2022,21095,60634,2,0.06765951004016063,0.053231939163498096,0.016476552598225603,0.08141109432406429,0.05475191643193886,False,263.0,249.0,False
2022,23336,50720,1,0.08029147152619592,0.022271714922048998,0.004444620818286439,0.08518784605090353,0.043028945825246204,True,449.0,439.0,False
2022,24116,51411,2,0.08270910106382982,0.013986013986013986,0.004662004662004662,0.08643870479343356,0.05858255219957344,True,143.0,141.0,False
2022,23232,50812,2,0.067863232867784,0.05123674911660778,0.03208354733778463,0.0867779868034998,0.05253988522748437,True,566.0,537.0,False
2022,23912,65909,2,0.07380999999999999,0.04,0.02666666666666667,0.08914333333333332,0.24436363636363637,True,22.0,20.0,False
2022,24146,51761,1,0.04802259182036889,0.14825046040515655,0.05463474524248005,0.08938232171601038,0.0040558744361779975,True,1086.0,1247.0,False
2022,23967,67096,2,0.06122474999999999,0.12,0.03333333333333333,0.09089141666666664,0.21298633333333336,True,50.0,44.0,False
2022,24088,51665,2,0.05751337458563538,0.12074303405572756,0.04437564499484004,0.09115630544218851,0.000793734686124245,False,323.0,362.0,False
2022,24012,51705,1,0.07478235000000005,0.06,0.02127659574468085,0.09122915851063834,0.0641764263424518,True,47.0,50.0,False
2022,23428,69585,2,0.05715030808724829,0.13740458015267176,0.04580152671755725,0.0937915294612941,0.006951680312070274,False,131.0,149.0,False
2022,24038,51460,1,0.0839601047055731,0.043259557344064385,0.012743125419181758,0.09490913220389637,0.03286624293380931,False,994.0,951.0,False
2022,23719,518852,2,0.03644109957514603,0.09286128845037725,0.1279303381195416,0.09514591118454219,0.015913142506981795,False,6892.0,7532.0,False
2022,24063,596043,1,0.09498558510204079,0.0047789725209080045,0.0027877339705296694,0.09667813786986237,0.021017268937296496,True,837.0,833.0,False
2022,22721,68619,1,0.06688386440677967,0.11021505376344086,0.038530465949820784,0.09690178555373306,0.04817676671218725,True,744.0,826.0,False
2022,23459,51264,2,0.0870801153846154,0.03740648379052369,0.014546965918536992,0.09778252602468189,0.030413500621665215,True,802.0,832.0,False
2022,24055,68092,2,0.06041195656565657,0.13793103448275862,0.04853128991060026,0.09808756320678047,0.012954463485428974,False,261.0,297.0,False
2022,23504,64017,2,0.05688928956228956,0.16042402826855123,0.04946996466431095,0.09826738143508107,0.026695715428809316,True,1415.0,1188.0,False
2022,23785,62637,1,0.0488718947368421,0.1875,0.0625,0.0988718947368421,0.07910458145363408,True,64.0,76.0,False
2022,22118,67119,1,0.03065403890489911,0.14637146371463713,0.13304624629639938,0.09917594466583446,0.021177597440522722,True,3252.0,2776.0,False
2022,21874,79825,1,0.08124602439024392,0.05592105263157895,0.02934572937418967,0.09990518756594716,0.13609532318659381,True,1216.0,1148.0,False
2022,21402,76650,2,0.04238987991452993,0.027315914489311165,0.15555555555555556,0.10093171153237104,0.11170844859388504,False,2526.0,2457.0,False
2022,23564,67640,1,0.03409091818181817,0.011235955056179775,0.19745318352059926,0.10488492567245487,0.0018522724354297082,False,89.0,88.0,False
2022,23306,68900,2,0.05267957086302459,0.06259277585353785,0.12247765318330191,0.10493566585521094,0.10563681748255915,True,4042.0,3789.0,False
2022,22551,63930,1,0.058608333333333346,0.17391304347826086,0.057971014492753624,0.10498514492753624,0.03396191963109352,False,92.0,108.0,False
2022,23871,50203,1,0.06860886454183265,0.03609831029185868,0.09009203336209376,0.10555582276234426,0.018167171591028125,True,1302.0,1255.0,False
2022,24076,60636,2,0.054545681818181854,0.17857142857142858,0.07142857142857142,0.10633139610389614,0.2720236277056276,True,56.0,66.0,False
2022,23177,51202,2,0.08193271428571428,0.08737864077669903,0.032362459546925564,0.10636637124364308,0.04628750505687308,True,103.0,112.0,False
2022,23289,67443,1,0.09285981189710608,0.020508613617719443,0.03230636864554158,0.10724333296570356,0.08595343585577396,True,1219.0,1244.0,False
2022,21943,69104,2,0.022756014040561604,0.11341632088520055,0.19332380807943741,0.10743179500114478,0.12455441345544546,False,1446.0,1282.0,False
2022,24131,51297,2,0.07142857142857145,0.13580246913580246,0.04526748971193415,0.10764256319811877,0.12929159318048203,True,81.0,70.0,False
2022,22908,68419,2,0.05907350126103406,0.09397315052842045,0.1033102850048618,0.10932807359199875,0.05229886074465237,True,7002.0,6344.0,False
2022,22220,61396,1,0.10186956729131177,0.03163444639718805,0.01054481546572935,0.11030541966389525,0.011998076119142428,True,569.0,587.0,False
2022,22278,68200,1,0.0016417018513401535,0.07584269662921349,0.2792041831085706,0.11073957043372187,0.07186126105685356,False,3916.0,3619.0,False
2022,22932,50354,2,0.03846389377224201,0.19136690647482013,0.12959944305774881,0.11252873481367712,0.04522287196260236,True,695.0,562.0,False
2022,23632,62611,2,0.04400066280825363,0.07149532710280374,0.16723760254311457,0.11325812276376428,0.023624619141205574,False,2140.0,1987.0,False
2022,22761,76329,2,0.06644290694239292,0.0251979841612671,0.12900608233994662,0.1153747333855643,0.08649289789656113,True,1389.0,1354.0,False
2022,23614,72523,2,0.02000760924912974,0.07198892478080296,0.2418672408890454,0.11545948227741606,0.0026099920533223797,False,2167.0,2011.0,False
2022,23518,64021,1,0.022904388211032786,0.11309251638469746,0.2189683492399307,0.11650718790271314,0.003482451601836342,True,6561.0,5819.0,False
2022,24147,51715,2,0.1104461322678843,0.02177293934681182,0.008553654743390359,0.1167058523300927,0.029023889097561095,True,1286.0,1314.0,False
2022,24100,51154,1,0.005903145991561172,0.4176904176904177,0.13841113841113842,0.11700060708902228,0.004458848967960866,True,407.0,237.0,False
2022,22640,68242,1,0.0703059954296161,0.16631130063965885,0.06467661691542288,0.11788950644596294,0.007767171650266885,True,469.0,547.0,False
2022,22154,63492,2,0.08208254170854269,0.07226107226107226,0.07160034232832324,0.11798182236261666,0.01207118268689357,False,2145.0,1990.0,False
2022,23947,67049,2,0.059013759036144586,0.23853211009174313,0.06727828746177371,0.11834097616152685,0.0007264800374958413,False,109.0,83.0,False
2022,21754,66492,1,0.02594730555555559,0.2440944881889764,0.16084491355962235,0.11885719852976988,0.10003810996866645,False,1143.0,864.0,False
2022,20700,68413,2,0.10311766666666668,0.061522419186652764,0.021750419361340863,0.1199586763211339,0.19775725951062761,True,959.0,900.0,False
2022,22717,63292,1,0.03411442980561553,0.03904847396768402,0.2313704148456477,0.12095134609674482,0.017115436355331276,True,2228.0,2315.0,False
2022,23977,69592,1,0.07421849999999999,0.10505836575875487,0.08898596448651053,0.12112234243409191,0.0541336557558867,True,257.0,284.0,False
2022,23501,73248,1,0.05031056465038848,0.09264853977844914,0.16499660556687032,0.12195665756556046,0.03824648854595242,True,993.0,901.0,False
2022,23158,65702,1,0.08909090909090911,0.12698412698412698,0.03968253968253968,0.12202741702741704,0.06287508626639061,False,126.0,110.0,False
2022,22203,65958,1,0.040000000000000036,0.22,0.14102564102564102,0.12235897435897439,0.020012820512820467,True,26.0,15.0,False
2022,22293,65769,2,0.07596654436942099,0.08708633988554366,0.09607320021053978,0.12265511542594146,0.0034061399612493604,False,4019.0,4369.0,False
2022,23421,74630,2,0.07185543771929823,0.2,0.05964912280701754,0.12273263070175436,0.06472998970493407,False,570.0,456.0,False
2022,22923,64267,1,0.11601446315789476,0.016722408026755852,0.01306816379611127,0.12309668169054709,0.010923225479397933,True,299.0,304.0,False
2022,23933,60264,2,0.11355314047619051,0.03278688524590164,0.014571948998178506,0.12357135541243823,0.05551005299820268,True,183.0,189.0,False
2022,22539,66103,2,0.0532820857142857,0.17204301075268819,0.12822327044025159,0.12396668198127697,0.08466702170825724,True,186.0,154.0,False
2022,22280,69507,1,0.042904339441535724,0.258732212160414,0.12337302546744035,0.12489473017920194,0.037585872031061424,True,773.0,573.0,False
2022,23848,63914,2,0.025375064885496172,0.27019498607242337,0.1714150765161534,0.12589958957701336,0.06912777006887966,True,1795.0,1310.0,False
2022,22624,61145,2,0.009328619702806837,0.14456692913385827,0.2732505737207304,0.12665135987514123,0.011142779923572765,False,3175.0,3634.0,False
2022,23843,66451,1,0.04776352800511509,0.2980251346499102,0.09784560143626571,0.12671325870529462,0.02523662589550743,True,1114.0,782.0,False
2022,23673,79535,2,0.04280137377963737,0.32358490566037734,0.10723270440251571,0.12887055616957446,0.05314328692873732,True,1060.0,717.0,False
2022,23555,605498,2,0.12053675799573561,0.032989690721649485,0.009965635738831616,0.1289731841125741,0.02163130629995394,True,1940.0,1876.0,False
2022,22487,61329,2,0.031679440111420584,0.3674008810572687,0.12070484581497798,0.12903626830525317,0.09624929477267188,True,1135.0,718.0,False
2022,22302,66018,1,0.06919536551275379,0.04006497022198159,0.1541501220017443,0.12915765374666152,0.02597526702002914,True,1847.0,1921.0,False
2022,22321,74748,1,0.08868428099173552,0.156794425087108,0.04994192799070848,0.12968311955154968,0.13081647354388867,False,287.0,242.0,False
2022,22899,65844,2,0.06343693124246078,0.09497816593886463,0.15364794128757217,0.13146043558394072,0.022841523195655078,True,916.0,829.0,False
2022,23423,64155,2,0.0870350789473684,0.15853658536585366,0.061991869918699184,0.13251272122379115,0.051397780044439595,False,328.0,380.0,False
2022,23092,50556,1,0.05987774788624137,0.20085995085995087,0.12249960454218951,0.13288160210500033,0.0016587134835569506,True,1628.0,1301.0,False
2022,24042,51702,1,0.04446166850393704,0.3368146214099217,0.11053089643167972,0.1336696754665132,0.008455352520556292,True,383.0,254.0,False
2022,22666,65398,1,0.08145138597616865,0.0696078431372549,0.12022742676406355,0.13397216181417912,0.014175072815829776,True,1020.0,1091.0,False
2022,22890,77446,2,0.04605870784805592,0.1549061175045427,0.1855855007477706,0.13424955073545702,0.047813810494234055,False,6604.0,5581.0,False
2022,23727,68397,1,0.049350664285714295,0.10256410256410256,0.19897435897435897,0.1343763053113553,0.06561010389610392,False,78.0,70.0,False
2022,24133,543557,2,0.09539349188640979,0.13856812933025403,0.05388760585065435,0.1350393733336769,0.014602315951859776,False,866.0,986.0,False
2022,23597,68797,2,0.05165009591836732,0.03612334801762115,0.2239058045499477,0.13543562971349218,0.07292684121545748,True,1135.0,1176.0,False
2022,23893,67768,2,0.03290713441955188,0.22063492063492063,0.19847787535889208,0.1354696288904022,0.04458577187412152,False,1260.0,982.0,False
2022,24109,575070,1,0.10896375370653419,0.10315284441398218,0.032442312085903584,0.13579148959869777,0.03599337882478554,True,2918.0,2617.0,False
2022,23556,65509,2,0.11462443207343413,0.060851926977687626,0.03729725452963051,0.13680626020545794,0.09258163535608305,True,493.0,463.0,False
2022,23307,62869,1,0.09012622727272726,0.10575916230366492,0.09597068650496603,0.1395798418950151,0.012992597096522507,False,4775.0,5280.0,False
2022,23745,69446,1,0.05094108187134501,0.18967452300785634,0.17201892593164003,0.13959888439859747,0.03486486710726788,False,8019.0,6498.0,False
2022,23783,69629,1,0.07145283471074382,0.24742268041237114,0.08934707903780069,0.13983771443582974,0.005165665634579153,False,97.0,121.0,False
2022,24136,65802,2,0.07276761157024794,0.26666666666666666,0.07878787878787878,0.14034336914600554,0.025271086102807566,False,165.0,121.0,False
2022,23853,73211,1,0.048450034188034174,0.2052980132450331,0.1778471500600727,0.1414912386958146,0.030207349372728176,True,2718.0,3276.0,False
2022,24043,664641,2,0.12110990591490829,0.059750733137829914,0.033235581622678395,0.1417049694535202,0.08520023355890952,True,2728.0,2891.0,False
2022,22372,69501,2,0.11904733333333338,0.06,0.04,0.14204733333333336,0.051476476190476184,True,15.0,12.0,False
2022,23288,63464,1,0.06997717567567566,0.023778642455685256,0.19751251004876527,0.14267335056109628,0.045262195325919685,True,2313.0,2368.0,False
2022,22156,69984,1,0.12585806304347824,0.06395348837209303,0.02131782945736434,0.14291232660936973,0.008482197702696509,False,172.0,161.0,False
2022,23331,50107,1,0.04312907764976958,0.20802919708029197,0.1993779493779494,0.14411573949409567,0.016100610317765135,True,274.0,217.0,False
2022,22815,68592,1,0.04087969109947648,0.28187919463087246,0.17478419260315195,0.14433603770521053,0.0006736506405116693,True,298.0,382.0,False
2022,22110,65042,1,0.08810645962113661,0.11629955947136564,0.11627847140477154,0.1462488585335115,0.021431849348831217,True,1135.0,1003.0,False
2022,22335,60845,1,0.09272704788877448,0.10092592592592593,0.10992841581076875,0.14634088231143244,0.0005873142954831434,True,1080.0,971.0,False
2022,22622,60181,1,0.11925769944341372,0.030592734225621414,0.065443155679538,0.14675171406509524,0.025180094755862137,True,523.0,539.0,False
2022,23910,67944,1,0.06370131067961163,0.04040404040404041,0.22033670033670036,0.1468797618580628,0.012774379556078602,True,99.0,103.0,False
2022,24021,68220,1,0.09132904745617791,0.18972533062054933,0.07833163784333673,0.14720392029442816,0.005582169629975042,True,1966.0,2339.0,False
2022,23858,50995,2,0.09004261097560973,0.0639269406392694,0.13647798742138365,0.14739894766898443,0.05268702263791025,True,219.0,205.0,False
2022,21372,60140,1,0.11665538418803417,0.06306306306306306,0.0627520983797796,0.14807807808041648,0.010354691290820645,True,1998.0,1872.0,False
2022,22617,64896,1,0.07059325471327574,0.1563949635520212,0.15544877102254154,0.14845956910396846,0.1700479184160923,True,1509.0,1273.0,False
2022,22668,67391,2,0.05000234993614307,0.18337531486146097,0.20324930906247388,0.14864590533722805,0.007219869909444759,False,1985.0,2349.0,False
2022,22525,75340,1,0.11171662899050908,0.02441077441077441,0.09708848693260756,0.14935921557853787,0.016147100046936508,False,2376.0,2318.0,False
2022,23437,64464,2,0.04977534654002716,0.17745535714285715,0.2086507017138817,0.1494213957113143,0.023540144296813725,False,1792.0,1474.0,False
2022,23502,68036,1,0.09005643902439021,0.22641509433962265,0.07547169811320754,0.15043379751495625,0.040186157350008606,True,53.0,41.0,False
2022,22743,69168,2,0.06812378988053405,0.016428571428571428,0.2326409923962338,0.1520124229335016,0.015034875392394509,False,2800.0,2846.0,False
2022,23360,69737,1,0.04329000238095237,0.26,0.20000000000000004,0.15229000238095236,0.052285714285714324,True,34.0,21.0,False
2022,23638,69745,1,0.029070066014669965,0.15035055829654634,0.28897324379638406,0.15276328508788634,0.0507757004094488,False,3851.0,3272.0,False
2022,23749,69399,2,0.07454262046651622,0.0074682598954443615,0.2268320105820106,0.15505406315453657,0.0012964772508669287,False,1339.0,1329.0,False
2022,24105,67504,1,0.1490194411764706,0.02,0.013333333333333334,0.15668610784313727,0.00935294117647062,False,16.0,17.0,False
2022,21279,63730,1,0.04221603681672029,0.22443890274314215,0.23199023199023197,0.15707845342477278,0.046398809689026654,False,802.0,622.0,False
2022,23886,67644,2,0.09588612547169814,0.14516129032258066,0.11283950617283951,0.15715414618057907,0.03794983258041977,False,62.0,53.0,False
2022,23670,51163,2,0.021276595744680868,0.38,0.2261904761904762,0.15744326241134754,0.011878787878787905,False,28.0,47.0,False
2022,23772,63960,2,0.06597377108433736,0.1302127659574468,0.20653337055763124,0.15779236567312532,0.1029556470627046,True,1175.0,1328.0,False
2022,23953,65057,2,0.07024674259055981,0.16944801026957637,0.18112267223074338,0.15905687941175645,0.020610997569620232,True,779.0,911.0,False
2022,23637,79847,2,0.13985873437015206,0.01447906830343091,0.053876614622376695,0.16088740973349852,0.11680333865763681,False,3177.0,3223.0,False
2022,21690,67828,2,0.08849501342882722,0.036178107606679034,0.19147607507158568,0.16093835584488408,0.002610985015088496,False,2156.0,2234.0,False
2022,24085,543001,2,0.12722045391271633,0.12151898734177215,0.04514767932489452,0.16124998977769522,0.023597447591849258,False,2370.0,2658.0,False
2022,22925,63749,2,0.07139668909444989,0.2196048632218845,0.1627605725179908,0.16130361895902934,0.012250770100719344,True,1316.0,1027.0,False
2022,24113,51296,1,0.1400862068965517,0.08,0.030303030303030304,0.16269226750261234,0.027661267850922988,False,33.0,29.0,False
2022,23097,649963,1,0.08187509595959597,0.3076923076923077,0.10023310023310023,0.1631105271950272,0.015121285643385135,False,143.0,99.0,False
2022,24053,51516,2,0.0032575245019920186,0.6025336500395883,0.1995249406175772,0.16347130122408227,0.002292614740118132,False,2526.0,1004.0,False
2022,22028,74513,2,0.06542545023948908,0.12920673076923078,0.22977528704588115,0.1652278103209321,0.01621806991959368,False,1664.0,1879.0,False
2022,22731,66705,1,0.05902682230623822,0.20211161387631976,0.21706548547012774,0.1653164843022309,0.00797914858190435,True,663.0,529.0,False
2022,22960,50596,2,0.09983759415584412,0.12994350282485875,0.13157668130543357,0.16538095803647468,0.05342045463843806,True,177.0,154.0,False
2022,23426,66557,2,0.07285888235294112,0.1282051282051282,0.2106759127281094,0.16582622103854863,0.018228379890582208,False,1950.0,1700.0,False
2022,23959,69096,2,0.11609917647058822,0.1724137931034483,0.06896551724137931,0.16609917647058822,0.0032644909951441148,False,58.0,68.0,False
2022,23748,65897,1,0.03493056164383561,0.23958333333333334,0.2722176245462434,0.16614423023502078,0.004695044820932581,False,1152.0,876.0,False
2022,23536,60337,2,0.03379945209706406,0.3131687242798354,0.24557264926224057,0.16672518798082356,0.03145761587160187,False,2430.0,1669.0,False
2022,21558,68501,1,0.09519847452692871,0.05631868131868132,0.1822240901857823,0.1674247082897547,0.05442048875481348,False,1456.0,1374.0,False
2022,23302,78366,2,0.11666107732095493,0.18553459119496854,0.06918238993710692,0.16870510247818762,0.07599352188894604,False,318.0,377.0,False
2022,22508,62920,2,0.03409539743297206,0.27591904171829823,0.266923361642286,0.16890643026551688,0.027805504779331247,False,2421.0,1753.0,False
2022,22250,64613,1,0.1517306382978723,0.056179775280898875,0.026217228464419474,0.16933363455255396,0.004353962768975955,True,178.0,188.0,False
2022,22007,68207,2,0.020263380165289238,0.020242914979757085,0.41794871794871796,0.16958186869430408,0.0548964727361953,True,494.0,484.0,False
2022,23903,592468,1,0.09340581669394435,0.05013602798289934,0.1987765318234431,0.17049800702958434,0.01256117203930568,True,2573.0,2444.0,False
2022,23627,68556,1,0.08903210373525558,0.05314009661835749,0.21020866611405342,0.17057615136792792,0.06886940060849811,False,1449.0,1526.0,False
2022,22922,67591,1,0.1169757094017094,0.007173601147776184,0.15073322990886437,0.17080838004197835,0.01814359644686786,True,1394.0,1404.0,False
2022,21795,63991,1,0.04857995043731779,0.234375,0.254472017540039,0.17280140657633142,0.10384941516130008,True,4480.0,3430.0,False
2022,22583,61156,2,0.09991109813084109,0.19822888283378748,0.12386551405824499,0.17299836047629497,0.039128892421772477,True,1468.0,1177.0,False
2022,23781,518445,2,0.06328104790042746,0.30447708989157046,0.18503121842816497,0.17371353783402077,0.051270093593807436,True,5718.0,3977.0,False
2022,23763,66615,2,0.03909090909090908,0.36,0.23076923076923075,0.17386013986013985,0.11055785723710257,True,26.0,44.0,False
2022,22547,73117,1,0.087021875,0.07951429690560126,0.21479448669155854,0.17412708987788567,0.015430085804681137,False,2553.0,2350.0,False
2022,22782,69539,1,0.09566400042123002,0.04742995808515332,0.20918477836261518,0.17599316656091832,0.022130741571189022,False,4533.0,4748.0,False
2022,22368,64718,1,0.09752101140936685,0.11293436293436293,0.18012407527836763,0.17750459219694997,0.004974800956480896,False,2072.0,2306.0,False
2022,22784,69801,1,0.11689333333333336,0.16883116883116883,0.10082918739635156,0.17750822424673174,0.01186016820200364,True,231.0,192.0,False
2022,23418,51454,2,0.09132125135135138,0.31750741839762614,0.1102868447082097,0.17754775975886872,0.02676562798041672,False,674.0,888.0,False
2022,23238,74359,2,0.010877738379814081,0.3771712158808933,0.316469106823205,0.17821760815006982,0.046052048604691836,False,2418.0,1506.0,False
2022,23904,50900,1,0.017854142553191524,0.27413127413127414,0.3424408014571949,0.17882811418290084,0.01095542825455914,False,259.0,188.0,False
2022,23917,50464,2,0.058964621848739476,0.3075356415478615,0.21447164707283461,0.18016004455641083,0.02375624534541254,True,3437.0,2380.0,False
2022,24140,641149,1,0.1317945845272206,0.18566666666666667,0.06033333333333333,0.18076125119388725,0.042277233654597596,False,3000.0,2443.0,False
2022,21789,63248,2,0.06586529804005109,0.2110924369747899,0.24151872309719388,0.18206071667028745,0.000976016203770913,False,2975.0,2347.0,False
2022,23590,60559,1,0.03389919620792501,0.30521018354055657,0.2926840779073047,0.18212015100656515,0.0020735794036236266,True,3378.0,2347.0,False
2022,23665,79293,1,0.028378757434813252,0.3204022988505747,0.306226370992186,0.18361833210966455,0.010437503370889056,False,2088.0,1419.0,False
2022,23154,65696,2,0.11397100000000002,0.20512820512820512,0.1114032374471595,0.1837313638757366,0.07200970361734357,True,273.0,217.0,False
2022,23262,674491,2,0.1,0.22,0.14666666666666667,0.18433333333333335,0.09199999999999997,True,21.0,10.0,False
2022,23519,66625,1,0.01346799494949498,0.09174311926605505,0.4594594594594595,0.18804027365021403,0.09776346404786773,False,109.0,99.0,False
2022,22524,72862,1,0.1614547116113744,0.12083333333333333,0.024999999999999998,0.1883297116113744,0.10781619815866549,False,240.0,211.0,False
2022,21830,67365,1,0.0751203853741497,0.2598187311178248,0.21264120684013102,0.18851761743586926,0.037830935816476785,False,993.0,735.0,False
2022,24126,67143,2,0.05969096252465486,0.48710166919575115,0.16017534985668522,0.18881758535385734,0.010115098279869617,False,1977.0,1014.0,False
2022,22795,69594,1,0.09327242767295596,0.13733905579399142,0.21432779545186756,0.1888880144502083,0.008776494326320106,True,699.0,795.0,False
2022,22730,68659,2,0.06755407513914656,0.31901452937460517,0.21107648145244193,0.18928302305369202,0.04138756474912811,True,1583.0,1078.0,False
2022,21432,63959,2,0.0009706072514249642,0.3853639548462437,0.3739162820419357,0.189645899193039,0.10251850815453874,False,2569.0,1579.0,False
2022,22094,69620,2,0.08483081881533103,0.2274562584118439,0.20206934392736128,0.18967352795168407,0.07651116559507534,False,2229.0,1722.0,False
2022,23857,50109,2,0.14103224938650308,0.18330308529945555,0.06533575317604355,0.19139522579303664,0.08169867915341833,True,551.0,652.0,False
2022,22867,65206,2,0.016111221192052962,0.1903485254691689,0.4201101928374656,0.19170206750554125,0.06140455225957381,False,373.0,302.0,False
2022,23761,69208,1,0.06802261728395062,0.3355209187858901,0.21158280922431869,0.19240473833034566,0.02914911517665758,False,1219.0,810.0,False
2022,22427,62146,2,0.04972985094339623,0.32884843688167786,0.2690620108479389,0.19322882027242652,0.0015412546672851912,False,2527.0,1696.0,False
2022,24013,51867,2,0.09983287826379544,0.3435804701627486,0.12115732368896925,0.19377501207934697,0.1284075327491253,False,553.0,743.0,False
2022,23964,71837,1,0.15,0.12,0.07692307692307693,0.19492307692307692,0.07142263483642794,False,26.0,20.0,False
2022,23258,50901,1,0.014161152542372837,0.1259259259259259,0.4657828282828283,0.1960740313302516,0.04729407852405179,False,270.0,236.0,False
2022,23362,76858,2,0.07022561216908624,0.25643776824034337,0.25263385234228947,0.19711312572493905,0.012680296265085073,True,932.0,1171.0,False
2022,22254,64760,2,0.05348538209606991,0.2672,0.29667176330559736,0.197400499253029,0.013155822010263746,False,1875.0,1374.0,False
2022,22131,61101,1,0.07639453542234334,0.05397132270017722,0.32267045924719834,0.19742489456388934,0.02731990309783766,False,6207.0,5872.0,False
2022,21622,69206,1,0.11599884248210027,0.0781078107810781,0.2015479146768545,0.19825678423616105,0.06887347134335481,True,909.0,838.0,False
2022,23929,63894,2,0.14060015000000003,0.1267605633802817,0.11077688920387178,0.1983861457283974,0.023589758678165013,False,1775.0,2000.0,False
2022,24059,68068,2,0.094921175136612,0.07575757575757576,0.2638383838383838,0.1986282458436827,0.02946534982318344,False,198.0,183.0,False
2022,23695,68703,2,0.037085751445086676,0.003599712023038157,0.4641207946763502,0.20006798638526496,0.01312830724471431,False,2778.0,2768.0,False
2022,23874,51865,1,0.029452324324324333,0.06329113924050633,0.46296296296296297,0.20098303224743733,0.022876560429303,True,79.0,74.0,False
2022,23643,75138,2,0.07329594143744456,0.019909502262443438,0.3602221308103661,0.2023601125604392,0.036429224300809054,True,1105.0,1127.0,False
2022,23703,67711,2,0.15066710726495725,0.13180169286577992,0.09684705975028556,0.20433383210742417,0.008853035017149957,False,827.0,936.0,False
2022,23644,69134,1,0.03267102683982681,0.19617224880382775,0.41186048883518206,0.20624803525271468,0.02631429093424026,True,2299.0,1848.0,False
2022,23952,50708,2,0.043859815789473726,0.09792284866468842,0.4262948207171315,0.20775143034017302,0.006217504016537784,True,337.0,304.0,False
2022,23035,74454,1,0.11695788661899895,0.06998100063331222,0.23112446524572874,0.20834859955000085,0.008720638515889584,True,3158.0,2937.0,False
2022,21916,65320,1,0.13029070399476095,0.0045632333767926985,0.2254408787657427,0.20987949656928978,0.00799135339492657,True,6136.0,6108.0,False
2022,22667,50206,1,0.12133003658536586,0.02074688796680498,0.24944241967240588,0.21174691666572865,0.07270510751690018,False,482.0,492.0,False
2022,22435,76455,2,0.03254319806763284,0.23062627764356067,0.4139574433097228,0.2120222448725699,0.007995432462104157,True,5381.0,4140.0,False
2022,23231,66064,2,0.02125606558533144,0.3856152512998267,0.3815467593568973,0.2126397190552195,0.019005485152436913,False,2308.0,1418.0,False
2022,23599,592499,1,0.011918618586387424,0.045,0.5555555555555555,0.21311306303083183,0.08655842091449667,False,200.0,191.0,False
2022,23696,68135,1,0.12267477394636014,0.10463202445332706,0.21439327983209558,0.21340722555559266,0.015666506854732143,False,4253.0,4698.0,False
2022,22621,66801,1,0.08072268674698796,0.0012033694344163659,0.3793195834597109,0.21366504637304923,0.018723555365858013,True,831.0,830.0,False
2022,23047,69839,2,0.04427399729729728,0.22228060956384657,0.39027644091741404,0.21421284305296917,0.11829016664233727,True,1903.0,1480.0,False
2022,22015,68910,2,0.08497689336283185,0.32335329341317365,0.23539127464714635,0.2158668335013091,0.02054970354917232,True,1670.0,1130.0,False
2022,23624,65894,1,0.09090868636363637,0.21428571428571427,0.26940170940170943,0.21734214179709183,0.017844903640803655,False,56.0,44.0,False
2022,23385,69994,2,0.04618254907161806,0.017543859649122806,0.4817363013847766,0.2174218335036583,0.060690401206759115,True,741.0,754.0,False
2022,23765,68093,1,0.03222447837837841,0.1297709923664122,0.4775641025641026,0.21883756313077612,0.03532875281576253,False,131.0,148.0,False
2022,23895,65896,1,0.10706370737704915,0.25609756097560976,0.2111764705882353,0.21939010622927296,0.006488087340879356,False,82.0,61.0,False
2022,23634,50449,2,0.05339736900247321,0.2635416666666667,0.3635145750838864,0.22015872028183345,0.014072205094532553,False,1920.0,2426.0,False
2022,23860,50710,1,0.10210121503131528,0.447520184544406,0.14763552479815456,0.22090167639233027,0.03399681149694311,True,867.0,479.0,False
2022,22143,62937,1,0.09957655065554233,0.02442002442002442,0.33808719427000056,0.22157007231304618,0.01236260561129518,True,1638.0,1678.0,False
2022,23257,50594,2,0.04092733720538723,0.041935483870967745,0.49836601307189543,0.22164576436119576,0.14023024976639076,True,310.0,297.0,False
2022,23458,69205,2,0.06611843641058747,0.1608884073672806,0.3755380363372751,0.22169001023372586,0.02435751575972417,True,1846.0,1549.0,False
2022,22233,76540,1,0.08286336960352428,0.2950310559006211,0.2715075909144404,0.22214568480867156,0.0029243493758276673,False,322.0,227.0,False
2022,21991,69054,1,0.10389335607966457,0.1867007672634271,0.2587583412877379,0.2224638906198869,0.04845656790274691,False,1173.0,954.0,False
2022,23684,69113,2,0.052210715661252884,0.28350208457415127,0.367223809543383,0.22326436168755961,0.006188795148180881,False,1679.0,2155.0,False
2022,23694,65933,2,0.04513820504527814,0.47450713800135963,0.313520125208871,0.22604631956858695,0.02428177996509967,False,5884.0,3092.0,False
2022,22540,65343,2,0.04107461446886442,0.16545662972869699,0.4579838242980722,0.22618744743249422,0.04967585058680263,False,2617.0,2184.0,False
2022,22253,65665,2,0.07993403571428573,0.3731946851530907,0.2596783663867332,0.22680066672260596,0.010135765711343225,True,1731.0,1085.0,False
2022,22729,66920,2,0.10295014821124363,0.11596385542168675,0.31027881631360305,0.2289423122342577,0.027748826603141624,False,3984.0,3522.0,False
2022,23690,62929,1,0.14804331818181815,0.024930747922437674,0.22106280193236716,0.2291549110465123,0.036619125086071846,False,361.0,352.0,False
2022,23112,50157,2,0.07030833663366336,0.1734860883797054,0.3882895677659131,0.23223259860868875,0.004952440730798174,False,3055.0,2525.0,False
2022,21699,69111,1,0.04856758150851583,0.18452380952380953,0.447647598704072,0.23292281248351243,0.03284244755515714,True,1008.0,822.0,False
2022,23567,68848,1,0.05061581237623763,0.05759162303664921,0.4968723494486853,0.23315987813877484,0.013843017710244182,True,382.0,404.0,False
2022,23568,64554,1,0.0965147294398093,0.12165775401069519,0.3443294424516095,0.23527869739947688,0.0004416704812285066,True,1496.0,1678.0,False
2022,23284,79617,2,0.1945243024064171,0.05799151343705799,0.09415716005674164,0.23617803544183538,0.010484904305947534,False,707.0,748.0,False
2022,23852,50859,2,0.09939454427653947,0.31760763083268884,0.26135676592018503,0.23851055697350756,0.041975670488294065,True,3879.0,2647.0,False
2022,23122,68201,2,0.0200894121673004,0.4319654427645788,0.44107344087060113,0.2392599328866976,0.04611694014787299,True,463.0,263.0,False
2022,21955,69413,1,0.14452215653577194,0.3607290233837689,0.11886749197615772,0.24023513223499246,0.0053606965823401465,False,2908.0,1859.0,False
2022,22776,69035,2,0.11571654404145076,0.33448275862068966,0.21549095669109078,0.24131079267643596,0.005159462819341654,False,580.0,386.0,False
2022,22309,63791,2,0.10407373188405798,0.5013550135501355,0.18936300155257793,0.24555403445998059,0.0874550510044701,True,1107.0,552.0,False
2022,23737,69213,1,0.17676899999999998,0.1267605633802817,0.15340721795964762,0.2494756107929189,0.03256708330634539,True,568.0,640.0,False
2022,23885,68114,1,0.01724099999999998,0.4,0.49333333333333335,0.24990766666666664,0.1293641538461539,True,30.0,10.0,False
2022,23650,64995,1,0.11014177391742196,0.25084873632591476,0.3023186427441747,0.2535806093267703,0.052746574395237056,False,2651.0,1986.0,False
2022,22595,50298,1,0.07317166887340304,0.22849462365591397,0.42665747713824637,0.2567759794201764,0.006049827922786577,False,1116.0,861.0,False
2022,23500,51058,1,0.054791301369862974,0.3696027633851468,0.41876892028254287,0.256800837976525,0.029562974509667772,False,1158.0,730.0,False
2022,21654,78517,2,0.05281155825977296,0.16531961792799413,0.5194973279842457,0.2594335657434581,0.04803535291983502,True,1361.0,1586.0,False
2022,21875,65937,1,0.0681670413943355,0.25183374083129584,0.4396044504020819,0.25980366015975853,0.020552160949944498,True,1227.0,918.0,False
2022,23414,77637,2,0.1338124578313253,0.3414141414141414,0.23316588760013834,0.26663263970349493,0.04720822747908737,False,1980.0,2656.0,False
2022,22311,63936,1,0.07567889552238803,0.0014903129657228018,0.5544651529626345,0.2699652460041685,0.07983590942638324,False,1342.0,1340.0,False
2022,22548,68617,2,0.14705199425287355,0.05241935483870968,0.3320967741935484,0.27114876844642194,0.013208021824690858,False,248.0,261.0,False
2022,23591,68301,1,0.012403167441860504,0.06,0.7200000000000001,0.2734031674418605,0.11555825669607053,False,46.0,43.0,False
2022,23870,51462,1,0.012511214102564127,0.9144736842105263,0.3607305936073059,0.2759379744967001,0.006408633699919175,False,912.0,78.0,False
2022,22414,50814,2,0.1930884306220095,0.08733624454148471,0.2061861861861862,0.2783540324683974,0.011969887850636851,False,458.0,418.0,False
2022,23175,60757,2,0.01481850421245421,0.8322147651006712,0.40683874796024333,0.28204428076364,0.023013899436879065,False,298.0,546.0,False
2022,24107,50590,1,0.0666663333333333,0.2,0.5333333333333333,0.28333299999999995,0.07295482491312488,False,25.0,15.0,False
2022,22249,79229,2,0.202734287041346,0.052760504993404934,0.20920742585706975,0.2838709618403311,0.10137553743143518,False,5307.0,5587.0,False
2022,22933,66047,2,0.04536028620071683,0.03793103448275862,0.6716038149159168,0.2861112765937015,0.11044319816201881,True,580.0,558.0,False
2022,23110,61214,2,0.12555326624405708,0.006379585326953748,0.4572166612851147,0.2865360354928903,0.0021213844764361722,False,1254.0,1262.0,False
2022,23879,50395,1,0.1996301871345029,0.22142857142857142,0.16590745624550465,0.29091208253471523,0.02205351234463221,False,140.0,171.0,False
2022,23190,67989,1,0.05408865136612022,0.6131078224101479,0.4207650273224044,0.29332258429048397,0.048381551183976856,False,473.0,183.0,False
2022,23654,64051,2,0.13647220126782886,0.16743755781683625,0.3827441078039811,0.29554827267174766,0.04003569489565201,False,1081.0,1262.0,False
2022,23759,72447,2,0.0629392721855011,0.4488836662749706,0.475092600745502,0.2965542323876724,0.029483024969005484,False,1702.0,938.0,False
2022,21549,75258,2,0.11685083427647538,0.5368775739423437,0.2907433229185495,0.29914263338931923,0.026604019009723534,False,2671.0,1237.0,False
2022,22926,62263,1,0.22792777820773935,0.09843400447427293,0.16456370437981782,0.3002901754118165,0.033334588946838106,False,447.0,491.0,False
2022,22734,464400,1,0.05654974352517985,0.4464099895941727,0.5155459146782357,0.30395231210168827,0.0027770428803783886,True,961.0,1390.0,False
2022,23496,61457,2,0.14533305916030534,0.4226531511679154,0.27742211929912547,0.30582877359018656,0.030055704593454136,False,2269.0,1310.0,False
2022,23558,68097,2,0.15125372758620687,0.30337078651685395,0.33498127340823974,0.31400279125661884,0.0954888892577768,False,89.0,116.0,False
2022,23747,67122,2,0.10676636654804272,0.23013698630136986,0.49351423785594645,0.3140168977428295,0.06390761419837065,False,730.0,562.0,False
2022,23640,50711,1,0.046573426470588236,0.24778761061946902,0.6657004830917875,0.3167367371456342,0.02626489119413805,False,904.0,680.0,False
2022,22478,62595,2,0.05661354516129033,0.5377446411929171,0.52829062045033,0.3221769584978434,0.02466064562773118,False,2146.0,992.0,False
2022,22136,68269,2,0.11501702564102567,0.06474820143884892,0.5690849434925264,0.32390898607923724,0.016884274851394543,False,834.0,780.0,False
2022,22201,65058,2,0.0949845,0.4214689265536723,0.5383324714057053,0.3466212039750477,0.0886746557796434,False,1770.0,1024.0,False
2022,22579,62160,1,0.15214647575757578,0.0896551724137931,0.541540404040404,0.3551338930337862,0.0073564061999302766,False,145.0,132.0,False
2022,23754,65801,2,0.16674975338753384,0.12844036697247707,0.5880829205650339,0.39184483063116726,0.03587693112951679,False,327.0,369.0,False
2022,23204,67956,2,0.2264878718535469,0.30135891286970423,0.35505041611453075,0.3959593544240883,0.06602138711765346,False,1251.0,874.0,False
2023,23534,548384,2,0.013695643933386181,0.006304176516942475,0.0006895193065405832,0.014882602168216756,0.18803423644882097,True,2538.0,2522.0,True
2023,24307,52873,1,0.0223312447368421,0.03225806451612903,0.008276740237691002,0.030066813497453306,0.019041808149405773,True,1178.0,1216.0,True
2023,22703,68815,1,0.013260377510040139,0.1510398908966928,0.03716331401295602,0.04892352104907867,0.027055111255770384,True,2933.0,2490.0,True
2023,23672,67603,2,0.022003018464880494,0.026607929515418502,0.07310216223259702,0.05157996467360222,0.06418180026847148,True,5675.0,5524.0,True
2023,23596,68391,2,0.015138024427480912,0.11784511784511785,0.09479665071770335,0.06599361985544476,0.24947098539426216,True,297.0,262.0,True
2023,24097,51299,2,0.021982469418604655,0.19444444444444445,0.05277777777777778,0.06962135830749354,0.1761634059211566,True,180.0,215.0,True
2023,23306,68900,2,0.023962084304172904,0.03436285538965023,0.11871774401970783,0.07066772301951818,0.10182635877799434,True,4889.0,4721.0,True
2023,24152,69991,1,0.012263978057553956,0.2760416666666667,0.068359375,0.07759600930755395,0.04124285380134862,True,768.0,556.0,True
2023,23312,79440,1,0.0186560935214211,0.13861386138613863,0.11143122010655496,0.07844909976663614,0.10043210195522789,True,2222.0,1914.0,True
2023,22123,76355,2,0.021783510028653294,0.07610853739245532,0.15666765760409346,0.0880334707989543,0.09619896923356797,True,1511.0,1396.0,True
2023,24086,68092,2,0.01880228538860102,0.17256162915326903,0.14928571428571427,0.09693652976159137,0.1131400322222127,True,933.0,772.0,True
2023,22624,61145,2,0.0076542113481416554,0.1133692458374143,0.21126356285380413,0.09860184522258524,0.06481804711860233,True,4084.0,4547.0,True
2023,24063,51359,1,0.02210778097885667,0.24258600237247924,0.12107434004162604,0.10087170034929765,0.017930310663105783,True,1686.0,1277.0,True
2023,23491,61557,2,0.023809492857142837,0.3176470588235294,0.08529411764705883,0.10130949285714283,0.1326041288479949,True,85.0,112.0,True
2023,23428,66068,2,0.020273322549019614,0.14285714285714285,0.1761201460338533,0.10334394508943968,0.09823243750098774,True,476.0,408.0,True
2023,22923,64198,1,0.02310206353790612,0.07357859531772576,0.21403083071652867,0.10904964358635003,0.012903573772037324,True,299.0,277.0,True
2023,22028,69399,2,0.022069384615384616,0.04103273397879207,0.2781363635114604,0.12557202194121456,0.059068002713418916,True,2169.0,2080.0,True
2023,23157,64496,1,0.01923040000000002,0.37735849056603776,0.14875,0.1278966735849057,0.14693570754716984,True,53.0,33.0,True
2023,22007,68207,2,0.020263380165289238,0.020242914979757085,0.31346153846153846,0.13301135587379126,0.06934776705591061,True,494.0,484.0,True
2023,21943,69104,2,0.023077460793237983,0.18624338624338624,0.2508487119154339,0.13881101790014777,0.10145051406179068,True,1890.0,1538.0,True
2023,22205,50812,2,0.016045155565862702,0.09182813816343724,0.31928459528893055,0.14156898464150397,0.17439141155551607,True,1187.0,1078.0,True
2023,22795,69969,1,0.019974708823529405,0.05116279069767442,0.3983844033051801,0.1670836685849936,0.0450926200151458,True,1075.0,1020.0,True
2023,23634,51516,2,0.01042343693913816,0.22352535357019662,0.35323235424704447,0.16758356396113322,0.044254764716553846,True,2899.0,2251.0,True
2023,23515,64047,2,0.016157438376394585,0.2783898305084746,0.3793605849459176,0.19069211768373692,0.1047480620005016,True,2360.0,1703.0,True
2023,23122,68201,2,0.0200894121673004,0.4319654427645788,0.33080508065295083,0.20066600681052,0.0806958138201716,True,463.0,263.0,True
2023,22763,68362,2,0.001976395454545428,0.04,0.06,0.028976395454545424,0.11204545454545459,True,24.0,22.0,False
2023,24310,52206,1,0.026466812915479587,0.04533091568449683,0.008159564823209429,0.036122297956277416,0.08901115893163589,True,1103.0,1053.0,False
2023,24173,52864,2,0.041787603658536565,0.0,0.0007621951219512195,0.04205437195121949,0.06969557885292751,True,328.0,328.0,False
2023,23777,64501,1,0.01503773684210527,0.06,0.06,0.04503773684210527,0.01267220433436532,True,22.0,19.0,False
2023,23984,50604,2,0.042605093410852696,0.0078125,0.00390625,0.0451441559108527,0.08845836223673764,True,128.0,129.0,False
2023,24283,656212,2,0.029910471056439902,0.06590064210882055,0.015799256505576207,0.04532530714971465,0.1614963390369814,True,2959.0,2764.0,False
2023,23444,61208,2,0.011905000000000027,0.2,0.01,0.04540500000000003,0.19268999999999997,True,22.0,12.0,False
2023,23384,63619,2,0.03964890967741934,0.025157232704402517,0.006289308176100629,0.045623752444714935,0.09988136399733362,True,159.0,155.0,False
2023,23514,50008,2,0.014285999999999965,0.12,0.041666666666666664,0.0468693333333333,0.2679166666666667,True,36.0,30.0,False
2023,24178,52295,2,0.04335554032697547,0.013812154696132596,0.006215469613259668,0.047602777896036244,0.03692447825542583,False,362.0,367.0,False
2023,24313,51097,1,0.04862576139410189,0.004037685060565276,0.004037685060565276,0.05064460392438453,0.04505788912182456,True,743.0,746.0,False
2023,24303,543594,2,0.027132636806231708,0.11769759450171821,0.029424398625429553,0.05508581550038978,0.05894423974572992,True,1164.0,1027.0,False
2023,24222,544150,1,0.0214166560509554,0.14702886247877758,0.03395585738539898,0.05535553550766168,5.2396006239553705e-05,True,2945.0,2512.0,False
2023,24241,51901,2,0.03819899615384617,0.07772020725388601,0.020077720207253884,0.05688422931446793,0.07537609780713136,True,386.0,416.0,False
2023,21595,66444,1,0.04348532309941521,0.07065217391304347,0.008152173913043478,0.05693641005593695,0.050168575679705237,True,368.0,342.0,False
2023,21178,69047,2,0.02688107746478873,0.1393939393939394,0.03484848484848485,0.05998713807084934,0.05082320858361478,True,165.0,142.0,False
2023,24224,52440,1,0.05960305033112587,0.006578947368421052,0.001644736842105263,0.06116555033112587,0.017666625049949737,True,152.0,151.0,False
2023,23950,69630,1,0.038606255555555545,0.1,0.025,0.062356255555555545,0.14744494589371981,True,60.0,54.0,False
2023,23107,69709,1,0.05714314285714289,0.02,0.006944444444444444,0.06257369841269846,0.08425141269841267,True,36.0,35.0,False
2023,24265,52714,1,0.045689139534883724,0.08040201005025126,0.020100502512562814,0.0647846169218184,0.031450544486315124,True,199.0,215.0,False
2023,24084,52392,1,0.05163058478260868,0.06,0.015306122448979591,0.06598772763975154,0.05284810119622731,True,49.0,46.0,False
2023,23431,60255,2,0.04834713953488369,0.08,0.02564102564102564,0.06932149850924266,0.08979975790101377,True,39.0,43.0,False
2023,22029,62648,1,0.03385466666666663,0.11627906976744186,0.05232558139534884,0.06961048062015501,0.03638175255240897,False,129.0,144.0,False
2023,23352,477587,1,0.06666648333333336,0.02,0.01,0.07316648333333337,0.13168218484848485,True,16.0,15.0,False
2023,23951,50563,2,0.06243036654676255,0.034722222222222224,0.024462483545414655,0.076200569120991,0.20065162081611587,True,576.0,556.0,False
2023,24223,605138,2,0.0732306781627463,0.013530927835051547,0.005154639175257732,0.07706444104934423,0.07956545328055262,True,1552.0,1573.0,False
2023,21095,60634,2,0.06765951004016063,0.053231939163498096,0.012357414448669201,0.07996939597171956,0.05142492023422021,True,263.0,249.0,False
2023,24286,52629,2,0.073943661971831,0.0273972602739726,0.010273972602739725,0.0816491414238858,0.03855905601033904,True,73.0,71.0,False
2023,24209,571616,2,0.07747101738544473,0.023448275862068966,0.006206896551724138,0.08316067255785853,0.058152021217392824,True,725.0,742.0,False
2023,24205,52639,2,0.026735917695473232,0.2476780185758514,0.06037151702786378,0.08501765144160325,0.1119140906398447,True,323.0,243.0,False
2023,23912,65909,2,0.07380999999999999,0.04,0.02,0.08681,0.21986363636363637,True,22.0,20.0,False
2023,24197,52868,2,0.051983384615384626,0.14698162729658792,0.03674540682414698,0.08689152109832426,0.0024729205133156296,False,381.0,325.0,False
2023,23967,67096,2,0.06122474999999999,0.12,0.025,0.08797474999999998,0.19840300000000005,True,50.0,44.0,False
2023,24012,51705,1,0.07478235000000005,0.06,0.015957446808510637,0.08936745638297877,0.054247348328267414,True,47.0,50.0,False
2023,24248,52204,2,0.04150476325088338,0.2116991643454039,0.05153203342618384,0.09129584960185831,0.04484923849622882,False,359.0,283.0,False
2023,23785,62637,1,0.0488718947368421,0.1875,0.046875,0.0934031447368421,0.06963648026315787,True,64.0,76.0,False
2023,24129,51897,1,0.031763842883548964,0.20964207450693936,0.08775499766191255,0.09392440324125925,0.036395015539783054,True,1369.0,1082.0,False
2023,24240,623381,2,0.07308730000000002,0.09700176366843033,0.024250440917107582,0.09612521887125222,0.05045333615160025,False,567.0,512.0,False
2023,21874,79825,1,0.08124602439024392,0.05592105263157895,0.022009297030642253,0.09733743624570555,0.12773637558516449,True,1216.0,1148.0,False
2023,24306,52731,1,0.04294994528650646,0.22934472934472935,0.05733618233618234,0.09741931850587968,0.006969258702097539,True,1404.0,1082.0,False
2023,22551,63930,1,0.058608333333333346,0.17391304347826086,0.043478260869565216,0.0999126811594203,0.03819951138716356,True,92.0,108.0,False
2023,24076,51297,2,0.06968539240506329,0.046357615894039736,0.06888686131386862,0.10074943624902327,0.12603553291178476,True,604.0,632.0,False
2023,24259,52417,1,0.0444215,0.2459016393442623,0.06147540983606557,0.1028231393442623,0.03931525409836062,True,122.0,152.0,False
2023,22617,64896,1,0.025167153322259085,0.06811145510835913,0.19642340810373599,0.10413206442482055,0.2296584744525368,True,1938.0,1806.0,False
2023,22675,79358,2,0.04986633435818599,0.06871868289191124,0.1264893263606628,0.10444540101820465,0.10100166487957093,True,2794.0,2602.0,False
2023,23614,62611,2,0.045710518104405753,0.04490806223479491,0.15216820866254527,0.10570560047151584,0.030337981765538508,True,2828.0,2701.0,False
2023,24269,476594,1,0.04022856426332295,0.2843482637141419,0.07121288374433819,0.10780531313096259,0.00014069838544436553,False,1987.0,2552.0,False
2023,24300,642098,1,0.10514383673469388,0.014492753623188406,0.004485852311939268,0.10888779808735088,0.018052563501753965,False,1449.0,1470.0,False
2023,24170,674491,2,0.0,0.12,0.26,0.109,0.03433333333333334,True,16.0,10.0,False
2023,22293,65769,2,0.07204352315711096,0.06841686555290374,0.0780013818229197,0.10960653662806841,0.007513610977260693,True,5028.0,5372.0,False
2023,24198,52006,2,0.052053835046728954,0.22988505747126436,0.06609195402298851,0.10966877757546459,0.21312734559921567,True,87.0,107.0,False
2023,23783,61896,1,0.03559677952755906,0.30927835051546393,0.07989690721649484,0.10995244963065184,0.0039629164936856864,False,97.0,127.0,False
2023,21432,76650,2,0.034009213265306135,0.06860706860706861,0.18917147271542348,0.11051028900676464,0.11397801654817584,True,3367.0,3136.0,False
2023,22302,66018,1,0.039555235325131784,0.08629247804505537,0.17001673657902844,0.11200496483455004,0.07732621630795537,True,2619.0,2845.0,False
2023,23947,67049,2,0.059013759036144586,0.23853211009174313,0.05045871559633028,0.11245412600862165,0.0004588959396365083,False,109.0,83.0,False
2023,22539,66103,2,0.0532820857142857,0.17204301075268819,0.09616745283018868,0.11274714581775497,0.07136316950699936,True,186.0,154.0,False
2023,24048,51104,2,0.0020160500000000123,0.0,0.320625,0.1142348,0.03782954545454542,False,32.0,32.0,False
2023,22890,77446,2,0.04066613694267518,0.0872093023255814,0.17921105538538937,0.11647140167639866,0.0534190520334448,True,8428.0,7693.0,False
2023,23727,68397,1,0.049350664285714295,0.10256410256410256,0.14923076923076922,0.1169660489010989,0.10213626406848964,False,78.0,70.0,False
2023,20700,68413,2,0.10311766666666668,0.061522419186652764,0.016312814521005647,0.11805551462701656,0.1681726834670072,True,959.0,900.0,False
2023,22487,61329,2,0.031679440111420584,0.3674008810572687,0.09052863436123348,0.11847459429644261,0.09612080725431651,True,1135.0,718.0,False
2023,23673,79535,2,0.04280137377963737,0.32358490566037734,0.08042452830188679,0.11948769453435434,0.04623684038785683,True,1060.0,717.0,False
2023,24015,64504,1,0.0,0.2,0.26,0.121,0.0005000000000000004,True,18.0,8.0,False
2023,22640,62918,1,0.07373069678714861,0.06183368869936034,0.11066098081023455,0.12173709337563475,0.00024469852378196377,True,469.0,498.0,False
2023,24167,52395,2,0.11020427448979596,0.07109004739336493,0.0035545023696682463,0.12211185742818459,0.14835199373739072,False,211.0,196.0,False
2023,24115,68220,1,0.05798040295267044,0.07315936626281454,0.15540310001109756,0.12334539289597676,0.08096483720486661,True,4292.0,4606.0,False
2023,22743,67391,2,0.05153265950389384,0.09240837696335079,0.16888319217122255,0.12450303330832434,0.034656783043649844,True,3820.0,3467.0,False
2023,22321,74748,1,0.08868428099173552,0.156794425087108,0.037456445993031356,0.1253132008523627,0.13442961944990767,False,287.0,242.0,False
2023,23719,518852,2,0.06296492764711437,0.10731095073737057,0.13275929349224144,0.12552732298000446,0.03653896095439868,True,9561.0,10587.0,False
2023,22597,63235,2,0.028366959459459426,0.22594142259414227,0.181131221719457,0.12565410045039072,0.023326651432925893,False,239.0,185.0,False
2023,22761,76329,2,0.08238174910394265,0.03682393555811277,0.1089322121847594,0.12603161370232535,0.10782706906028267,True,1738.0,1674.0,False
2023,23092,50556,1,0.030895079283887447,0.03805309734513274,0.25761837429271806,0.12676947488810866,0.02825039678595484,True,2260.0,2346.0,False
2023,24267,65703,1,0.07142838809523808,0.16,0.09,0.12692838809523807,0.04923846190476197,True,13.0,21.0,False
2023,23853,73211,1,0.04632697734410046,0.02642498362087792,0.2208383448126526,0.12758414557166056,0.05750049869768356,True,4579.0,4458.0,False
2023,22815,68592,1,0.04087969109947648,0.28187919463087246,0.13108814445236397,0.12904242085243472,0.014851602648114415,True,298.0,382.0,False
2023,21830,67443,1,0.04794917540192929,0.2527693856998993,0.13173513017938712,0.13197187881969968,0.041385987890936116,True,993.0,1244.0,False
2023,23745,69446,1,0.039095230769230785,0.1984264934589699,0.18378754609708167,0.13318484592205485,0.011591397494221362,True,10931.0,8762.0,False
2023,23556,65509,2,0.11462443207343413,0.060851926977687626,0.02797294089722288,0.1335427504341153,0.06660232528408366,True,493.0,463.0,False
2023,23229,51761,1,0.1138275955696203,0.039473684210526314,0.03964759608585728,0.1336253068312493,0.00334398782526385,False,1444.0,1501.0,False
2023,24018,51713,1,0.02685282254196642,0.36818181818181817,0.1473981385055975,0.13366944374619827,0.05591933575864122,True,1980.0,1251.0,False
2023,23884,52140,2,0.10349306721311474,0.12962962962962962,0.032407407407407406,0.13428010425015177,0.07463077352762595,False,108.0,122.0,False
2023,24038,51586,1,0.03686054811183731,0.30524722502522705,0.14965297860034701,0.13502617437574282,0.04462544590082407,False,1982.0,1377.0,False
2023,22651,663399,2,0.024035864440078582,0.47109826589595377,0.11777456647398844,0.1359217025903676,0.04247990519296385,False,692.0,1018.0,False
2023,22110,65042,1,0.08810645962113661,0.11629955947136564,0.08720885355357866,0.13607449228559398,0.014709630878841584,True,1135.0,1003.0,False
2023,21857,69501,2,0.07142833333333333,0.2,0.1,0.13642833333333332,0.005608527131782948,True,22.0,12.0,False
2023,22335,60845,1,0.09272704788877448,0.10092592592592593,0.08244631185807656,0.13672214592799017,0.0029293622257663687,True,1080.0,971.0,False
2023,21279,63730,1,0.04221603681672029,0.22443890274314215,0.17399267399267399,0.1367793081256275,0.02626826132159138,True,802.0,622.0,False
2023,23670,51163,2,0.021276595744680868,0.38,0.16964285714285715,0.13765159574468086,0.05544705029013543,False,28.0,47.0,False
2023,23630,72523,2,0.014703726300578063,0.026706231454005934,0.34342930175004127,0.1389099166311934,0.004836342589143672,False,2696.0,2768.0,False
2023,22278,61643,1,0.05544982214236024,0.11127137852874511,0.19607867483387525,0.14076806511352835,0.009507762179993717,True,4853.0,4313.0,False
2023,23871,50203,1,0.05749926137091603,0.04624664879356569,0.22020060396893876,0.14150647007907946,0.054631071114377316,True,1492.0,1561.0,False
2023,23158,69984,1,0.05484476404494382,0.02197802197802198,0.2390873015873016,0.14182202289720267,0.021746998678366408,True,182.0,178.0,False
2023,24088,51665,2,0.06102730648330059,0.18298555377207062,0.16078173374613003,0.1447487463602567,0.0044441830233013235,False,623.0,509.0,False
2023,23332,74630,2,0.08422552368421052,0.2621359223300971,0.06067961165048544,0.14478377611139498,0.034563879906126777,True,618.0,456.0,False
2023,24157,52149,2,0.1284999119893428,0.06628787878787878,0.019412878787878788,0.1452376013832822,0.022137049417884566,False,528.0,563.0,False
2023,23177,65802,2,0.10038850413223137,0.17475728155339806,0.055825242718446605,0.1461409313166974,0.06849202808312613,True,103.0,121.0,False
2023,24056,64017,2,0.12193810249739853,0.08038277511961722,0.03615240845741638,0.14664886172543684,0.16436876295344893,False,2090.0,1922.0,False
2023,23843,67762,1,0.10238375653377632,0.18940754039497307,0.04533213644524237,0.1466611353488571,0.06265609598224128,True,1114.0,903.0,False
2023,23886,67644,2,0.09588612547169814,0.14516129032258066,0.08462962962962964,0.1472806893904556,0.04605168443227162,False,62.0,53.0,False
2023,23501,66451,1,0.06749288822284907,0.14216575922565033,0.1672193420971425,0.1473445218406965,0.04748244748077779,True,1653.0,1418.0,False
2023,23519,66625,1,0.01346799494949498,0.09174311926605505,0.3445945945945946,0.14783757094751135,0.0942161667505704,False,109.0,99.0,False
2023,23636,68639,2,0.07852903896103894,0.008183306055646482,0.19627868408583227,0.1484540742994272,0.13184620662886942,True,1222.0,1232.0,False
2023,22156,65702,1,0.06459324090909091,0.36046511627906974,0.08866279069767442,0.1496949850951374,0.0050907248344794764,False,172.0,110.0,False
2023,22292,51648,2,0.07485040314136128,0.05002748763056625,0.1934016723227093,0.15004511159889447,0.019946653430693767,True,1819.0,1910.0,False
2023,23307,62869,1,0.09178362478485373,0.03842716711349419,0.1527706978055538,0.15101744408382167,0.02095126427362462,True,5595.0,5810.0,False
2023,22717,67048,1,0.05918135086528675,0.09656652360515021,0.22541367121541733,0.15256111433145536,0.002933700044215698,False,3262.0,2947.0,False
2023,22742,69585,2,0.020851206375838885,0.28019323671497587,0.2565359477124183,0.15266777358243167,0.09886834604237005,False,207.0,149.0,False
2023,23763,66615,2,0.03909090909090908,0.36,0.17307692307692307,0.15366783216783214,0.10046170339094873,True,26.0,44.0,False
2023,22960,50596,2,0.09983759415584412,0.12994350282485875,0.09868251097907518,0.15386799842224924,0.03249293806218728,True,177.0,154.0,False
2023,23590,62242,1,0.0353203263699667,0.24295209718083888,0.23461309871935707,0.1538777254988675,0.004301925803947643,True,4363.0,3303.0,False
2023,22525,75340,1,0.07192424293785307,0.06325088339222615,0.20827892026553496,0.15430949753962422,0.024592955792031856,True,2830.0,3009.0,False
2023,24161,52203,2,0.11932794285714288,0.14619883040935672,0.039473684210526314,0.1550735568922306,0.03899483412356029,False,171.0,196.0,False
2023,23910,64907,1,0.08386499999999997,0.29292929292929293,0.07828282828282829,0.1552033838383838,0.02760308325978228,False,99.0,128.0,False
2023,21558,67962,1,0.050089334291876356,0.044642857142857144,0.2816414733556986,0.15536027853779943,0.07004246768136624,True,1456.0,1391.0,False
2023,23781,518445,2,0.06328104790042746,0.30447708989157046,0.13877341382112374,0.15752330622155636,0.037806414302360924,True,5718.0,3977.0,False
2023,22996,76430,1,0.08582986291192331,0.10970744680851063,0.15853280282416166,0.15777246092165648,0.0005033321309661498,True,3008.0,3338.0,False
2023,23504,51715,2,0.12040794549958711,0.05625817706061927,0.08273561821357567,0.1578041384334315,0.03353715444771263,False,2293.0,2422.0,False
2023,23151,68157,1,0.12675852168674695,0.06752411575562701,0.05979921431689218,0.15781686406100326,0.01556649770334595,True,311.0,332.0,False
2023,24026,60636,2,0.07012972727272727,0.37735849056603776,0.08962264150943396,0.1581014253859348,0.16125592780290043,True,106.0,66.0,False
2023,24051,51393,1,0.12953268674698795,0.09289617486338798,0.04281695769798327,0.15845304817079028,0.00022461977670343303,False,732.0,664.0,False
2023,24021,68260,1,0.017871999999999943,0.5930824008138352,0.14750762970498474,0.15846203051881988,0.02308906481416967,True,1966.0,800.0,False
2023,24146,543208,1,0.09386541414141412,0.27624309392265195,0.07021178637200737,0.1598760034600145,0.015797737579792775,False,1086.0,1386.0,False
2023,23959,69096,2,0.11609917647058822,0.1724137931034483,0.05172413793103448,0.16006469371196755,0.003767364558362518,False,58.0,68.0,False
2023,23874,51865,1,0.029452324324324333,0.06329113924050633,0.3472222222222222,0.16047377298817805,0.02316182147970758,True,79.0,74.0,False
2023,24089,51594,2,0.054047302325581345,0.26180257510729615,0.1963758099899821,0.16204922208816952,0.009796777471275414,True,1165.0,860.0,False
2023,24253,52257,2,0.005602476190476158,0.6648936170212766,0.1622340425531915,0.16211843363728468,0.04044558141554494,False,188.0,63.0,False
2023,23879,50395,1,0.07247815384615383,0.023474178403755867,0.2477182634170052,0.16270067280266903,0.15032500540675198,True,213.0,208.0,False
2023,22540,79847,2,0.038797715937149285,0.03604651162790698,0.3412365620166904,0.16363748938717695,0.01830688365285979,True,3440.0,3564.0,False
2023,24147,605498,2,0.05476644200426437,0.45878693623639194,0.11586314152410575,0.16413658197316017,0.12839414259915705,True,1286.0,1876.0,False
2023,23599,592499,1,0.011918618586387424,0.045,0.41666666666666663,0.16450195191972072,0.10684053667553417,True,200.0,191.0,False
2023,23054,68908,2,0.07866029390581716,0.17011494252873563,0.1727579054275042,0.16464280218475397,0.14824456367195488,True,435.0,361.0,False
2023,23782,68419,2,0.08305832849503439,0.16846652267818574,0.16382237835787922,0.16566613932201996,0.1550441932466317,True,7871.0,6545.0,False
2023,23361,78366,2,0.11608385145888597,0.20063694267515925,0.05573248407643312,0.16568576228691145,0.01304345728308308,False,314.0,377.0,False
2023,22250,64613,1,0.1517306382978723,0.056179775280898875,0.019662921348314606,0.16703962706191725,0.0033708167015602253,True,178.0,188.0,False
2023,22721,68585,1,0.08471172900335946,0.24027777777777778,0.1324851687059696,0.1671232047171155,0.002298902923246776,False,1440.0,1786.0,False
2023,24168,50955,1,0.15714266666666665,0.04,0.011627906976744186,0.16721243410852712,0.05210797342192691,True,43.0,45.0,False
2023,22784,69801,1,0.11689333333333336,0.16883116883116883,0.07562189054726368,0.16868567034955095,0.010370345894182065,False,231.0,192.0,False
2023,22547,61365,1,0.05052781820697954,0.023084025854108958,0.33292810941382456,0.17051526037993447,0.035198966276247995,True,3249.0,3324.0,False
2023,24105,52802,1,0.09393296721311474,0.045714285714285714,0.19930817610062893,0.1705479717054777,0.025167656929086207,False,175.0,183.0,False
2023,23979,65057,2,0.04396685622317599,0.36425648021828105,0.2066682700160063,0.17093922276152035,0.03179263826477319,True,2199.0,1398.0,False
2023,23895,67944,1,0.0077913063106795875,0.25609756097560976,0.3572058823529412,0.17122799928055044,0.02968416577225194,False,82.0,103.0,False
2023,22899,65844,2,0.045864381132844335,0.28579743888242143,0.24117111806044222,0.17314388828636232,0.026999383689822548,True,1718.0,1227.0,False
2023,22782,65048,1,0.05652960256410255,0.11957671957671957,0.2834737513899209,0.1736819234870828,0.0030913465373670623,False,5670.0,4992.0,False
2023,23288,63464,1,0.08001482925502991,0.09594755661501787,0.2265140565538319,0.17368688254112374,0.06472082107073474,True,3356.0,3678.0,False
2023,23484,51306,1,0.11491251171641795,0.1308016877637131,0.11284994400895856,0.1740302452841104,0.0037079925997065277,True,237.0,268.0,False
2023,23362,76858,2,0.07022561216908624,0.25643776824034337,0.18947538925671709,0.1750076636449887,0.006770663890804718,True,932.0,1171.0,False
2023,23418,67143,2,0.0572164830677291,0.09516943042537851,0.29643261431407397,0.17524331264146176,0.029061620427904902,False,1387.0,1255.0,False
2023,23385,69994,2,0.04618254907161806,0.017543859649122806,0.3613022260385824,0.17526990713249033,0.050775406276104856,True,741.0,754.0,False
2023,23437,60337,2,0.13852820823234432,0.09080547112462006,0.07366369788455326,0.17793132316063096,0.03194509603317644,True,2632.0,2393.0,False
2023,24020,596049,2,0.031314380927835006,0.06945975744211687,0.3899556868537666,0.17821783494297083,0.007579226450519838,False,907.0,970.0,False
2023,24117,51110,1,0.07693089806866954,0.1480804387568556,0.22703984819734346,0.17860691075126808,0.02039471257685163,True,547.0,466.0,False
2023,22622,50206,1,0.11323753658536585,0.05927342256214149,0.1640214359124945,0.17953605253906016,0.010109798129753295,True,523.0,492.0,False
2023,22772,63492,2,0.0766271492370673,0.155827835375432,0.2294329634195938,0.1803028617402399,0.01806556306831872,False,3183.0,2687.0,False
2023,23952,50412,2,0.07903446296296299,0.04154302670623145,0.27579218011674234,0.18179318000975753,0.02638033169698717,True,337.0,351.0,False
2023,21916,65320,1,0.1073455429078464,0.0392156862745098,0.19799632172490944,0.18252660845274116,0.02430745389450828,True,8211.0,7889.0,False
2023,22203,68705,1,0.12000000000000001,0.2,0.09615384615384616,0.18365384615384617,0.05455244755244751,False,26.0,16.0,False
2023,24226,52123,1,0.11805052425742579,0.27848101265822783,0.06962025316455696,0.1841897647637549,0.0063858670477394686,False,79.0,101.0,False
2023,23496,62920,2,0.06094630638930164,0.24636058230683092,0.24729106014890687,0.18445226478744367,0.052965727175357136,True,2679.0,2019.0,False
2023,24153,50590,1,0.12034633333333333,0.06451612903225806,0.1564516129032258,0.18478181720430106,0.09164764114522604,False,155.0,165.0,False
2023,24133,543557,2,0.10070099188640977,0.1191827468785471,0.19041570438799077,0.1852239004539886,0.18780447210734838,True,881.0,986.0,False
2023,22524,72862,1,0.1614547116113744,0.12083333333333333,0.01875,0.1861422116113744,0.10611480926977658,False,240.0,211.0,False
2023,23852,50859,2,0.08644474727808245,0.20826632357671276,0.19783459025886474,0.186926802405192,0.08716877567009562,True,6218.0,4923.0,False
2023,23954,50995,2,0.057110299999999975,0.058823529411764705,0.34692505328311585,0.18735759806085522,0.03643220934952196,True,680.0,640.0,False
2023,22508,66557,2,0.07157521764705886,0.29781082197439074,0.20488779584624287,0.18795756948940245,0.06494336446213045,True,2421.0,1700.0,False
2023,23762,65206,2,0.07591267549668876,0.1396011396011396,0.2620274914089347,0.18856246842998683,0.08299921979930966,True,351.0,302.0,False
2023,23929,63894,2,0.11148430573248407,0.06582372629230197,0.19303890322675504,0.18892148080569363,0.015911151856098732,True,2689.0,2512.0,False
2023,23759,74359,2,0.15274352355245685,0.11515863689776733,0.05537614466848639,0.1893989697210922,0.026316659375123536,True,1702.0,1506.0,False
2023,23555,51264,2,0.04494160204885741,0.43662597114317425,0.22586237213882357,0.1894873279689218,0.008649524943838333,True,4505.0,2538.0,False
2023,22735,74857,2,0.0054257510148604735,0.3851125473590372,0.36244481733809536,0.19004831918704942,0.055984692979918066,False,4487.0,2759.0,False
2023,23502,65958,1,0.020512666666666707,0.7169811320754716,0.1792452830188679,0.19079568553459123,0.031537559748427646,False,53.0,15.0,False
2023,24100,592644,1,0.06512805155089557,0.054838709677419356,0.33834373227453207,0.19177416429859467,0.0020699126781549837,False,2170.0,2289.0,False
2023,22254,69620,2,0.07573236648328396,0.14662332972192127,0.27133970986300976,0.19269476439362554,0.009706319093867155,False,2769.0,2363.0,False
2023,22220,63550,1,0.15473466359447008,0.14411247803163443,0.04701230228471002,0.19280584109886376,0.027480607191012696,False,569.0,651.0,False
2023,22668,65343,2,0.02908894406463644,0.19790628115653042,0.38443470723644013,0.19332703377087004,0.002141447868637847,False,4012.0,3218.0,False
2023,23654,79617,2,0.032338197860962564,0.3080481036077706,0.32816297207808603,0.19340245362945824,0.043259642800352605,True,1081.0,748.0,False
2023,23624,65894,1,0.09090868636363637,0.21428571428571427,0.20205128205128206,0.19376949222444223,0.017097040392940382,False,56.0,44.0,False
2023,23848,50464,2,0.08289595744680853,0.0,0.3168489017983779,0.19379307307624077,0.014079431346748439,True,2773.0,2773.0,False
2023,23761,69208,1,0.06663061728395066,0.33877551020408164,0.218687106918239,0.19398743123594653,0.03129563211091274,False,1225.0,810.0,False
2023,23713,543184,2,0.06981599756097559,0.5260115606936416,0.13053949903660886,0.19440655632783493,0.055045125948518514,True,2076.0,984.0,False
2023,23696,68135,1,0.12267477394636014,0.10463202445332706,0.1607949598740717,0.19464781357028427,0.010118304185324722,True,4253.0,4698.0,False
2023,23638,76225,1,0.05055811037618853,0.3718514671513892,0.2549612193484467,0.19557225722085325,0.013532497251419084,False,3851.0,2419.0,False
2023,23665,73117,1,0.11777228344338066,0.04991334488734835,0.20534736016582983,0.19713086123452334,0.016568589210607998,True,2885.0,3029.0,False
2023,24229,50094,1,0.059546147349397616,0.580952380952381,0.14523809523809525,0.1975223378255881,0.013271374865923252,False,105.0,166.0,False
2023,22233,76540,1,0.08286336960352428,0.2950310559006211,0.2036306931858303,0.19838877060365803,0.008756734143845951,False,322.0,227.0,False
2023,23423,64155,2,0.05703442894736841,0.2578125,0.2964939024390244,0.19947916980102695,0.01388961316017187,False,512.0,380.0,False
2023,24085,51454,2,0.07348309629294761,0.4711507810009563,0.15961703497103624,0.20002167568295373,0.011202441882204511,False,3137.0,1659.0,False
2023,21754,69408,1,0.07610915936106985,0.4111986001749781,0.1793928923988154,0.20057646172690197,0.0052886784771557505,False,1143.0,673.0,False
2023,22427,62146,2,0.07753605067873301,0.2603748326639893,0.24138436063053118,0.20107680179901732,0.006472211518817439,False,2988.0,2210.0,False
2023,23747,67122,2,0.02139268496420045,0.22046511627906976,0.4194110407108004,0.20125631665484106,0.014891502883694091,False,1075.0,838.0,False
2023,23644,69134,1,0.05392824219653179,0.07548430193720775,0.3923486040364585,0.2025728988998734,0.018463371063503542,True,2994.0,2768.0,False
2023,23964,586512,1,0.04081614999999998,0.14,0.4034615384615384,0.20302768846153843,0.06619624849498332,False,50.0,43.0,False
2023,23459,51111,2,0.15247088122605362,0.07282415630550622,0.11666296491015976,0.20422654239043547,0.03138279068105476,False,1689.0,1566.0,False
2023,23043,51867,2,0.06609468423050385,0.17623649801023308,0.3196518340772422,0.20440830085907358,0.0451579946108287,False,1759.0,1449.0,False
2023,22881,65696,2,0.0888075997695853,0.38873239436619716,0.1637323943661972,0.2044237969526839,0.017396086355776136,False,355.0,217.0,False
2023,23568,64554,1,0.0965147294398093,0.12165775401069519,0.25824708183870715,0.20514987118496109,7.788098824573764e-05,False,1496.0,1678.0,False
2023,22253,66064,2,0.0605688755364807,0.07060231352213801,0.38374135403017573,0.20546869647536292,0.02109364483425863,False,2507.0,2330.0,False
2023,23360,52711,1,0.06554844794520545,0.018604651162790697,0.39248618784530387,0.20570931136548037,0.002864450096556892,False,215.0,219.0,False
2023,23885,68114,1,0.01724099999999998,0.4,0.37,0.20674099999999998,0.19290902564102566,True,30.0,10.0,False
2023,24254,458913,1,0.04347826086956523,0.18,0.39,0.20697826086956522,0.04409485024154591,True,14.0,23.0,False
2023,21789,63248,2,0.0664286744186047,0.14613713931120073,0.33940517135515347,0.2071410552895885,0.008915709228222046,False,3223.0,2752.0,False
2023,23336,67164,1,0.13449122877138414,0.09168081494057725,0.16828346362950913,0.20714256328279892,0.029900483845557962,True,589.0,643.0,False
2023,23513,51202,2,0.014722753346080301,0.3388116308470291,0.4057598049960982,0.20756042972176902,0.008941022146194216,False,791.0,523.0,False
2023,22368,67421,1,0.02798944884401113,0.07646176911544228,0.4835605374321207,0.2087049023125697,0.012595217820135007,True,2668.0,2872.0,False
2023,23235,64498,2,0.056004517937219736,0.1725417439703154,0.3640680494783838,0.20930959685020137,0.02541647032648478,False,2695.0,2230.0,False
2023,21372,79545,1,0.057860746197786556,0.023009495982468955,0.42424261971347255,0.20979708749487228,0.001266746056518775,False,2738.0,2801.0,False
2023,23591,68301,1,0.012403167441860504,0.06,0.54,0.2104031674418605,0.087699675,False,46.0,43.0,False
2023,22397,69168,2,0.09582506314395053,0.13120204603580563,0.27130876379396385,0.2104634373772087,0.01853315947170861,False,3910.0,3397.0,False
2023,22154,64760,2,0.040847329865125286,0.36162361623616235,0.33298499372356893,0.21163562010379877,0.05840941740198982,False,2439.0,1557.0,False
2023,23860,50710,1,0.10556535727440149,0.41423948220064727,0.12739331026528258,0.21228893819734748,0.10944011214069596,True,927.0,543.0,False
2023,22922,65411,1,0.04719426512465373,0.09125235997482693,0.4337414267355608,0.21269161847832405,0.022660638434955666,True,1589.0,1444.0,False
2023,22118,63342,1,0.024003825723472635,0.2809248554913295,0.41930142283211785,0.2128980520384133,0.06006323300463326,True,3460.0,2488.0,False
2023,23475,66564,2,0.02222209999999998,0.56353591160221,0.3038461538461539,0.2130986405864853,0.022542060729276003,False,181.0,79.0,False
2023,23769,50157,2,0.022472382503490013,0.27078384798099764,0.43156113170361815,0.214136355796906,0.014385572445866773,True,5894.0,4298.0,False
2023,23893,67768,2,0.027152590551181084,0.46683459277917716,0.3344644671252297,0.21424034296188804,0.006275584550213431,False,2382.0,1270.0,False
2023,23331,69592,1,0.0856163,0.22404371584699453,0.27203989703989706,0.21443682134101316,0.01701242242865253,True,366.0,284.0,False
2023,22666,65398,1,0.09346295527039411,0.025022341376228777,0.34017057007304763,0.2162760060023951,0.007574116935989028,True,1119.0,1091.0,False
2023,22729,65933,2,0.0596538744855967,0.06484510294400615,0.42227659674703544,0.21717744878866002,0.025387501203388785,False,5197.0,4860.0,False
2023,21961,593417,1,0.057727529768085845,0.32063492063492066,0.3204584874498402,0.217983238470768,0.03591720290178704,False,8505.0,5778.0,False
2023,22311,63936,1,0.07567889552238803,0.0014903129657228018,0.4158488647219759,0.221449545119938,0.08115778729361808,True,1342.0,1340.0,False
2023,24109,575070,1,0.10306400370653418,0.15389589395408987,0.2743317340644277,0.22216449472219735,0.03325973150911754,True,3093.0,2617.0,False
2023,23564,52460,1,0.07572964705882354,0.046153846153846156,0.3991228070175439,0.2223457064380408,0.010795347986663179,False,260.0,272.0,False
2023,23627,69041,1,0.11331111253951526,0.140625,0.25483783000130733,0.2235981030399728,0.020718624624187137,True,1664.0,1898.0,False
2023,23765,69629,1,0.11201531900826442,0.07633587786259542,0.2956730769230769,0.22695127761073064,0.008682397561627864,False,131.0,121.0,False
2023,23933,60264,2,0.11640214047619048,0.12903225806451613,0.2609289617486339,0.22708211579788976,0.03164531393346001,True,217.0,189.0,False
2023,22932,67711,2,0.06326225359576078,0.38035527690700105,0.30874102379746005,0.22837490346092193,0.006011971940305755,False,957.0,1321.0,False
2023,22309,63791,2,0.10407373188405798,0.5013550135501355,0.14202225116443346,0.22898477182413002,0.08970420199289952,False,1107.0,552.0,False
2023,23943,50637,1,0.11363649999999997,0.14606741573033707,0.2678787878787879,0.22930418811712627,0.011178812438252528,True,89.0,76.0,False
2023,23915,543001,2,0.10995288365650971,0.021216407355021217,0.3351058766839286,0.2304224015991379,0.061839444636051566,False,2828.0,2888.0,False
2023,21402,64596,2,0.008717410162601618,0.4043583535108959,0.4658992882375487,0.23243591407237804,0.05961755283893641,False,3304.0,1968.0,False
2023,23258,50613,1,0.09935871923076925,0.003194888178913738,0.3794309372797745,0.2326387805055274,0.037389372927541575,True,313.0,312.0,False
2023,24055,51411,2,0.10038927586206892,0.07906976744186046,0.3442324695640345,0.23273110532576008,0.08933859030451088,False,430.0,464.0,False
2023,23512,50354,2,0.018767358490566016,0.2774369461486026,0.4997212106587106,0.2352853241434051,0.018391501048916487,False,1467.0,1060.0,False
2023,23643,67956,2,0.05296046402151985,0.14244521337946944,0.46039454715925304,0.2354653375341788,0.04028477227820787,True,1734.0,1487.0,False
2023,24059,68068,2,0.05030211509535158,0.39600665557404324,0.359789457853974,0.23562942368034895,0.008499841521973528,False,601.0,839.0,False
2023,24042,51597,1,0.054892799999999985,0.4238095238095238,0.33550913838120106,0.23589242700484891,0.025043851503548153,True,420.0,242.0,False
2023,23567,67606,1,0.025271328838174307,0.16319444444444445,0.5322558432360116,0.23604004063744502,0.04388475172888115,False,576.0,482.0,False
2023,23749,68910,2,0.14936183893805305,0.15608663181478716,0.1813425925925926,0.23624474111767854,0.09259724552480322,True,1339.0,1130.0,False
2023,23206,68406,1,0.019310875378100403,0.4071018651362984,0.44542374165661835,0.23627446472836156,0.04488060585100195,False,2788.0,1653.0,False
2023,23977,50393,1,0.05672464197530866,0.10596026490066225,0.4698940278696116,0.23708159146477206,0.0027464891135992042,True,453.0,405.0,False
2023,21795,63991,1,0.047336950437317796,0.2398049645390071,0.44085401315502926,0.2376065997224291,0.08086442356693485,False,4512.0,3430.0,False
2023,22389,50449,2,0.03342436585365857,0.3320889190565077,0.4414579990891551,0.237748003393339,0.013248899309278028,False,5893.0,3936.0,False
2023,23500,51301,1,0.07085931829368336,0.19378306878306878,0.3984183926525167,0.2393732160395245,0.001395477478130569,False,1512.0,1219.0,False
2023,24183,51006,1,0.1660078181818182,0.26,0.1,0.2400078181818182,0.0597772929292929,False,24.0,11.0,False
2023,22731,66201,1,0.034943381044487444,0.3078982597054886,0.45546695206750637,0.24054155322393794,0.011732671622736501,True,747.0,517.0,False
2023,24073,61891,1,0.1309520476190476,0.34,0.17,0.2414520476190476,0.017007936507936472,False,25.0,42.0,False
2023,22548,68617,2,0.14705199425287355,0.05241935483870968,0.24907258064516127,0.24209030070448645,0.02543920462038976,False,248.0,261.0,False
2023,22280,65348,1,0.05189077373068434,0.5155080213903743,0.32259629950509827,0.24212568176602486,0.012266601111537573,True,935.0,453.0,False
2023,23597,68797,2,0.13666424824355972,0.11776859504132231,0.25188690647113743,0.24248995476465615,0.009276497379207965,False,1936.0,1708.0,False
2023,23903,50205,1,0.04979187275010462,0.531935736677116,0.32312408959067035,0.24267566460840662,0.010839416204925872,False,5104.0,2389.0,False
2023,21699,69646,1,0.1743702545824847,0.025793650793650792,0.18755562393672268,0.24388377057938523,0.02899551407381809,False,1008.0,982.0,False
2023,23748,68415,1,0.1196749240506329,0.14824797843665768,0.2927765555510786,0.24438391525900907,0.012749292675613283,True,1855.0,1580.0,False
2023,22621,66493,1,0.09849128571428573,0.05135520684736091,0.39487566012885456,0.24440104778648894,0.038490810800910796,True,1402.0,1330.0,False
2023,23554,69205,2,0.16473073014848288,0.10358796296296297,0.1843370660713485,0.2447868977178993,0.03127091919181024,True,1728.0,1549.0,False
2023,23690,75250,1,0.1668439840764331,0.13019390581717452,0.1701449275362319,0.24592379458669045,0.006862461525558083,False,361.0,314.0,False
2023,23175,60757,2,0.01481850421245421,0.8322147651006712,0.3051290609701825,0.24644589031711875,0.002141625293576893,False,298.0,546.0,False
2023,23110,61214,2,0.12555326624405708,0.006379585326953748,0.342912495963836,0.24652957763044275,0.011715798990149767,False,1254.0,1262.0,False
2023,22592,64464,2,0.04588265556660039,0.18189211168338304,0.49605604341647846,0.2467860875148753,0.001223571916960292,False,3689.0,3018.0,False
2023,21690,78517,2,0.12090264159292038,0.22829268292682928,0.27093015700061107,0.24997209898215866,0.05097565820132283,False,3075.0,2373.0,False
2023,23462,68097,2,0.11240363397129186,0.09229098805646037,0.3539124443290528,0.25011663769492937,0.0024481760218729165,False,921.0,836.0,False
2023,23112,67828,2,0.029813472197705207,0.27208480565371024,0.5142935236933923,0.250628926338449,0.1466338239246392,False,3113.0,2266.0,False
2023,23794,65908,1,0.017786909090909082,0.72,0.36,0.25178690909090906,0.04812377757220675,False,47.0,11.0,False
2023,23695,66920,2,0.0306752658579732,0.2956777996070727,0.5082469085639375,0.2529133537964122,0.048172789349197886,False,3054.0,3957.0,False
2023,22926,63104,1,0.04459726986301371,0.34675615212527966,0.44707974353836905,0.25308860292023483,0.0035948079290468726,True,447.0,292.0,False
2023,23190,69996,1,0.029224941719745216,0.23489278752436646,0.5415957923122451,0.25401738715768596,0.026914527574479652,True,1026.0,785.0,False
2023,23289,66492,1,0.11311386084583896,0.14469078179696615,0.3418244100070395,0.2544560216178477,0.025450432642068754,False,1714.0,1466.0,False
2023,21991,69054,1,0.04316349056603773,0.38372093023255816,0.4440687559658034,0.25614569468895265,0.03707560769309676,True,1548.0,954.0,False
2023,23097,595001,1,0.13447882777777775,0.07692307692307693,0.3146853146853147,0.25615714945609946,0.06751690841322719,False,195.0,180.0,False
2023,22667,69213,1,0.1461576055592323,0.029291553133514985,0.3019981742637468,0.2562506995215709,0.0399000557806965,True,1468.0,1511.0,False
2023,23857,50109,2,0.13626130674157302,0.20624303232998886,0.2556492137259633,0.2566749863951585,0.00902662919111688,False,897.0,712.0,False
2023,24140,641149,1,0.12190157788161994,0.036036036036036036,0.37631060606060607,0.25901569540823743,0.011585434600135558,True,3330.0,3210.0,False
2023,24107,51296,1,0.22988472413793104,0.08,0.05,0.25938472413793107,0.08812149157979157,False,25.0,29.0,False
2023,23536,69113,2,0.0649798096491228,0.060955518945634266,0.5296555442104056,0.2595025779646099,0.002046918584449886,False,3035.0,2850.0,False
2023,24113,66715,1,0.013469357462686616,0.4596774193548387,0.5075757575757576,0.26007248551742757,0.0026845886064176816,False,124.0,67.0,False
2023,23518,502010,1,0.11819877861873225,0.1944825483920134,0.33105321513184227,0.26323978617367905,0.05125442106483008,False,6561.0,5285.0,False
2023,24252,69430,2,0.06909493555093557,0.4947478991596639,0.34841386554621845,0.2652519733660616,0.0022419251132688167,False,952.0,481.0,False
2023,22776,69035,2,0.1208718542713568,0.3137931034482759,0.28161821751831806,0.2665071959200095,0.0017013530820261247,False,580.0,398.0,False
2023,23904,50900,1,0.01584384255319149,0.49866666666666665,0.5068306010928962,0.26803455293570516,0.015700377464923254,False,375.0,188.0,False
2023,22435,76455,2,0.03717475743048898,0.2909585316111489,0.5445635099176798,0.27141576564334924,0.01097323085397739,False,5884.0,4172.0,False
2023,22015,63960,2,0.07525871245136184,0.014853857211308098,0.5551892237225373,0.2718030193359461,0.04752405022522058,False,2087.0,2056.0,False
2023,23684,63914,2,0.11317629294283699,0.1971671388101983,0.3691970951027435,0.27197034705032697,0.0045174185320154825,False,1765.0,1417.0,False
2023,23238,69839,2,0.0637495635103926,0.34069280548153785,0.4502213834054089,0.27243096852451637,0.004167763948061898,False,2627.0,1732.0,False
2023,21549,75258,2,0.11685083427647538,0.5368775739423437,0.21805749218891213,0.2737025926339462,0.0009737629621391908,False,2671.0,1237.0,False
2023,23870,52809,1,0.0019059711086226727,0.5505787619526925,0.542093023255814,0.27422534354106143,0.011613928110475236,False,1987.0,893.0,False
2023,22143,63638,1,0.1453652195121951,0.344982526210684,0.22918690891630933,0.27732801656450595,0.015566371096709719,False,2003.0,1312.0,False
2023,21654,75138,2,0.16201089148181008,0.1719324026451139,0.2564317859672485,0.27755187696711414,0.01612076359028758,False,1361.0,1127.0,False
2023,23231,63959,2,0.15963844444444444,0.25291416460614624,0.22869819572152647,0.27761993763790066,0.0070915975967133504,False,2831.0,2115.0,False
2023,23676,67564,2,0.24655919805194804,0.1323529411764706,0.03308823529411765,0.2779930215813598,0.009275679792847324,False,68.0,77.0,False
2023,23236,50814,2,0.07862790430622006,0.2628398791540785,0.460352422907489,0.279177234196953,0.01763151028265239,False,331.0,418.0,False
2023,24169,52391,1,0.27822589999999997,0.015873015873015872,0.003968253968253968,0.2819957412698412,0.051081226056891416,False,63.0,64.0,False
2023,23737,66160,1,0.04265053846153845,0.09859154929577464,0.6453708439897698,0.28331906625232406,0.0012400566134966318,False,568.0,624.0,False
2023,22820,68703,2,0.0929416907514451,0.22153574580759047,0.4498224800152555,0.28360992062792306,0.003196745849451177,False,2266.0,2768.0,False
2023,22741,61156,2,0.06480309545454548,0.47761194029850745,0.422949363286664,0.2844771636496539,0.06830608798836274,True,3685.0,1925.0,False
2023,23082,50594,2,0.18555958720538723,0.21721311475409835,0.19866379310344828,0.2876738820047089,0.008274437442998828,False,244.0,297.0,False
2023,22419,74513,2,0.11070220288206298,0.43106796116504853,0.3237572896275038,0.2886774484264466,0.022839178617398065,False,4635.0,2637.0,False
2023,22598,68269,2,0.024281814988290434,0.43041351711871945,0.5757166039496471,0.2903446539384748,0.006128577418154757,True,2249.0,1281.0,False
2023,22541,65618,1,0.03874060816326526,0.5069182389937107,0.5049447808536167,0.2915090173110877,0.00424272176320728,False,795.0,392.0,False
2023,22231,77637,2,0.10778755263157895,0.2263843648208469,0.42854640298579283,0.29173644839973345,0.02741750253686548,False,5526.0,4275.0,False
2023,23650,64995,1,0.10074305928853758,0.29452771000348554,0.42857384444345215,0.2949230613442686,0.0515785668429215,False,2869.0,2024.0,False
2023,22469,77829,2,0.08297239613435917,0.12236731255265375,0.5552231151556815,0.29565558332174574,0.014843569541627383,False,4748.0,5329.0,False
2023,23426,65665,2,0.12220852524752474,0.3785890073831009,0.35121519051995026,0.30192219303697243,0.0010440023501414597,False,2438.0,1515.0,False
2023,22131,599683,1,0.1819453620816477,0.12389237957145159,0.3018085785781476,0.30616222151971706,0.018274679363483703,False,6207.0,5438.0,False
2023,22579,62160,1,0.15214647575757578,0.0896551724137931,0.406155303030303,0.30774910768025077,0.01444993012650786,False,145.0,132.0,False
2023,21622,60181,1,0.11371157142857143,0.19424460431654678,0.4716380689704472,0.30792158621571,0.002174929192805597,False,1390.0,1120.0,False
2023,23035,65064,1,0.02450479187817256,0.6792836792836793,0.524597527577999,0.3100064784230241,0.013012838652482372,False,4914.0,1576.0,False
2023,22925,68659,2,0.11201980813953485,0.06203135650988412,0.5438653739709367,0.3116773925058453,0.007862071737105902,False,1467.0,1376.0,False
2023,23414,50708,2,0.05015275757575757,0.7596722803823396,0.42626023478346653,0.3132946818073218,0.07187736599346084,True,2197.0,528.0,False
2023,22595,65897,1,0.1671974485854189,0.22447257383966246,0.32211020758784137,0.3136069073171127,0.0034768575329280904,False,1185.0,919.0,False
2023,22234,72447,2,0.20987498933901916,0.30104321907600595,0.17000429805307854,0.31453297651899753,0.007009518617141081,False,1342.0,938.0,False
2023,22734,464400,1,0.051345893525179855,0.27289377289377287,0.6366594360086768,0.3151107620622826,0.050117792434112296,True,1092.0,1390.0,False
2023,23488,554428,1,0.09556632142857144,0.1,0.6,0.32056632142857144,0.04250724637681155,False,30.0,35.0,False
2023,21955,621169,1,0.15437358551157582,0.5167809455070371,0.25493545937737283,0.3211181381197119,0.0398528163095509,False,5542.0,2678.0,False
2023,22596,63749,2,0.12050571760154742,0.015862944162436547,0.5723004680823669,0.3231903230547413,0.016682349969389942,False,1576.0,1551.0,False
2023,21875,65937,1,0.07123079956427016,0.33813987022350395,0.5797033378015615,0.3248479483283423,0.0005162653976496512,True,1387.0,918.0,False
2023,22473,66047,2,0.25412620609319,0.1267605633802817,0.15372609302501036,0.3269444231589858,0.01536131065246421,False,639.0,558.0,False
2023,24185,52003,2,0.29887090873634947,0.13451327433628318,0.034955752212389384,0.3312824131611282,0.007839726808673092,False,565.0,641.0,False
2023,22094,64051,2,0.10486489456159821,0.42057877813504824,0.4696421038771559,0.33232644763886,0.007835663860429248,False,3110.0,1802.0,False
2023,23754,65801,2,0.16674975338753384,0.12844036697247707,0.4410621904237754,0.3403875750817268,0.021859232113292937,False,327.0,369.0,False
2023,23988,664641,2,0.06787511671924293,0.5316193853427896,0.5795425466323869,0.35045791584199676,0.029439012231035844,False,6768.0,3170.0,False
2023,23640,50711,1,0.05670427647058823,0.2696025778732546,0.7492753623188406,0.35939103996317057,0.0018489777805967833,False,931.0,680.0,False
2023,23314,62595,2,0.14844914354838712,0.21271393643031786,0.5220719898775481,0.3630814304700766,0.021557502838060016,False,818.0,992.0,False
2023,23411,79229,2,0.31827680792912116,0.052958914436486995,0.10614103794371392,0.3633700083748941,0.0030841824043024713,False,5306.0,5587.0,False
2023,22478,61457,2,0.18030856039694657,0.4216335540838852,0.4740114599052893,0.4094576044763806,0.07232265058975826,False,2265.0,1310.0,False
2023,22201,65058,2,0.21524988602305478,0.35291375291375293,0.40841602022094564,0.4111325560374487,0.10681053032200336,False,2145.0,1388.0,False
2023,23699,52065,2,0.483061173553719,0.08333333333333333,0.001893939393939394,0.49622405234159783,0.060384062667491245,False,132.0,121.0,False
2023,24181,52716,2,0.4081635,0.38,0.095,0.4984135,0.0958321933825173,False,50.0,69.0,False
2023,24271,52659,2,0.3913652347328244,0.6960556844547564,0.1740139211136891,0.5566784597908291,0.02966447275949527,False,862.0,262.0,False
2023,24179,50294,2,0.6321291428571428,0.06870229007633588,0.025763358778625955,0.6514516619411124,0.06507220892044586,False,262.0,280.0,False
2024,23534,548384,2,0.013695643933386181,0.006304176516942475,0.0005516154452324665,0.014834335816758915,0.17554014661430564,True,2538.0,2522.0,True
2024,22029,61896,1,0.016794299212598417,0.015503875968992248,0.0015503875968992248,0.019662516266861982,0.03570345797876556,True,129.0,127.0,True
2024,24178,52868,2,0.023184063694267537,0.024844720496894408,0.025077750539680217,0.035687984457689774,0.0639370824669834,True,966.0,942.0,True
2024,24344,641855,2,0.015932028925619804,0.12268041237113401,0.024536082474226804,0.042921719647269284,0.06661021959820643,True,970.0,1089.0,True
2024,22703,68815,1,0.013260377510040139,0.1510398908966928,0.029730651210364816,0.04632208906817175,0.02938208022951739,True,2933.0,2490.0,True
2024,23596,68391,2,0.015138024427480912,0.11784511784511785,0.07583732057416268,0.05935785430520553,0.23436184468469345,True,297.0,262.0,True
2024,24097,51299,2,0.021982469418604655,0.19444444444444445,0.042222222222222223,0.0659269138630491,0.17460785036560106,True,180.0,215.0,True
2024,23312,79440,1,0.0186560935214211,0.13861386138613863,0.08914497608524397,0.07064891435917728,0.09428385690644561,True,2222.0,1914.0,True
2024,22123,76355,2,0.021783510028653294,0.07610853739245532,0.12533412608327477,0.07706673476666775,0.09282701186189435,True,1511.0,1396.0,True
2024,22624,61145,2,0.005647765728320424,0.06456154465004023,0.20099283226502526,0.0856794887185853,0.08972347495229777,True,4972.0,5293.0,True
2024,24152,69991,1,0.021809340804597694,0.24768375540457072,0.0965206374853114,0.09274412723514229,0.042914210068571254,True,1619.0,1218.0,True
2024,22923,64198,1,0.02310206353790612,0.07357859531772576,0.17122466457322294,0.094067485436193,0.027199653322898504,True,299.0,277.0,True
2024,23491,61557,2,0.023809492857142837,0.3176470588235294,0.06823529411764706,0.09533890462184871,0.13733942296564197,True,85.0,112.0,True
2024,24265,53919,1,0.020860713692946016,0.017736486486486486,0.24568527918781724,0.10951103438165502,0.017248332936513372,True,1184.0,1205.0,True
2024,23590,64718,1,0.016914394079107005,0.2193597272210646,0.203202500719615,0.12093922841413193,0.04238356604736024,True,5279.0,4121.0,True
2024,23599,592499,1,0.011918618586387424,0.045,0.3333333333333333,0.13533528525305408,0.11457309481506905,True,200.0,191.0,True
2024,24234,53202,2,0.009862999999999976,0.3579454253611557,0.21392111368909514,0.13842720359535662,0.06576264551018016,True,623.0,400.0,True
2024,22772,79847,2,0.013726722153618226,0.10537810537810538,0.31561654722699845,0.1399992294897835,0.048058571369138325,True,3663.0,4049.0,True
2024,22205,50812,2,0.013239322157856621,0.17502986857825567,0.32934964748371115,0.15476617906389387,0.17529591600379787,True,1674.0,1381.0,True
2024,24051,66160,1,0.004470794871794859,0.15902964959568733,0.37626168224299067,0.1600168310961947,0.0404503386912326,True,742.0,624.0,True
2024,24020,68092,2,0.023075663097787302,0.4040833687792429,0.23226050237932544,0.16497934424743763,0.027824543213080838,True,2351.0,1401.0,True
2024,22368,67421,1,0.02161137811366389,0.06744111003549533,0.38963265268351555,0.1680989730582186,0.04348176706776616,True,3099.0,3308.0,True
2024,23429,52204,2,0.0031309663265305654,0.18604651162790697,0.3993815397606034,0.1708214819869278,0.02576292512316103,True,1505.0,1225.0,True
2024,23122,68201,2,0.0200894121673004,0.4319654427645788,0.26464406452236067,0.17750965116481343,0.09807884004885381,True,463.0,263.0,True
2024,22738,74857,2,0.017537051169506233,0.2942734868555125,0.34410958612909315,0.1821164293430157,0.09990913761371145,True,4907.0,3463.0,True
2024,23229,51897,1,0.02365060574712647,0.4733257661748014,0.3148924086504381,0.20486181370099998,0.03507793813379448,True,2643.0,1392.0,True
2024,22763,68362,2,0.001976395454545428,0.04,0.048,0.02477639545454543,0.09664545454545456,True,24.0,22.0,False
2024,24391,53627,1,0.03949585714285716,0.0,0.0,0.03949585714285716,0.18564699999999992,True,35.0,35.0,False
2024,23777,64501,1,0.01503773684210527,0.06,0.048,0.040837736842105274,0.013372204334365312,True,22.0,19.0,False
2024,23444,61208,2,0.011905000000000027,0.2,0.008,0.04470500000000002,0.19338999999999998,True,22.0,12.0,False
2024,23384,63619,2,0.03964890967741934,0.025157232704402517,0.005031446540880504,0.04518350087238789,0.0953687853809814,True,159.0,155.0,False
2024,24303,543594,2,0.027132636806231708,0.11769759450171821,0.023539518900343642,0.053026107596609716,0.07299264986210216,True,1164.0,1027.0,False
2024,21595,66444,1,0.04348532309941521,0.07065217391304347,0.006521739130434782,0.05636575788202391,0.04507305949897753,True,368.0,342.0,False
2024,23107,69709,1,0.05714314285714289,0.02,0.005555555555555555,0.06208758730158734,0.08473752380952379,True,36.0,35.0,False
2024,24044,52396,2,0.04417391304347825,0.0873015873015873,0.01746031746031746,0.06338026224982746,0.0034035004355745663,True,126.0,115.0,False
2024,24084,52392,1,0.05163058478260868,0.06,0.012244897959183673,0.06491629906832297,0.14075055093167704,True,49.0,46.0,False
2024,23431,60255,2,0.04834713953488369,0.08,0.020512820512820513,0.06752662671437086,0.07947924508050098,True,39.0,43.0,False
2024,24467,658792,1,0.02732669449081801,0.18379446640316205,0.03695652173913043,0.06783064705998797,0.008983085922005848,True,1012.0,1198.0,False
2024,24355,53609,2,0.0306374251091703,0.18650088809946713,0.0369449378330373,0.07154328656565342,0.004926859523024643,False,563.0,458.0,False
2024,23352,477587,1,0.06666648333333336,0.02,0.008,0.07246648333333336,0.11138218484848486,True,16.0,15.0,False
2024,23951,50563,2,0.06243036654676255,0.034722222222222224,0.019569986836331724,0.07448819527281199,0.17936085001020685,True,576.0,556.0,False
2024,24398,53897,2,0.05228157377049182,0.08928571428571429,0.03571428571428571,0.07817443091334896,0.013398711943793898,False,112.0,122.0,False
2024,21095,60634,2,0.06765951004016063,0.053231939163498096,0.00988593155893536,0.07910437696031271,0.04942872251558904,True,263.0,249.0,False
2024,23912,65909,2,0.07380999999999999,0.04,0.016,0.08540999999999999,0.07564153846153845,True,22.0,20.0,False
2024,23967,67096,2,0.06122474999999999,0.12,0.02,0.08622474999999999,0.18965300000000004,True,50.0,44.0,False
2024,24012,51705,1,0.07478235000000005,0.06,0.01276595744680851,0.08825043510638303,0.04828990151975676,True,47.0,50.0,False
2024,24461,53139,1,0.05831866523605153,0.14416896235078053,0.027731864095500457,0.08965016202209378,0.03227086349524487,True,1089.0,932.0,False
2024,23921,572143,1,0.07424258333333328,0.07142857142857142,0.014285714285714285,0.089956869047619,0.0444910238095239,True,56.0,60.0,False
2024,23785,62637,1,0.0488718947368421,0.1875,0.0375,0.0901218947368421,0.06143335526315788,True,64.0,76.0,False
2024,23886,69096,2,0.03278695000000001,0.0967741935483871,0.12325925925925926,0.09044381977299881,0.05091279554338274,True,62.0,68.0,False
2024,24276,53808,2,0.0479381443298969,0.19753086419753085,0.03950617283950617,0.0913949344533537,0.10571029092706552,True,81.0,97.0,False
2024,24048,51104,2,0.0020160500000000123,0.0,0.2565,0.09179105000000001,0.02085454545454543,False,32.0,32.0,False
2024,23866,53101,2,0.03493,0.25925925925925924,0.05185185185185185,0.09196703703703703,0.00041001214329086655,False,108.0,80.0,False
2024,22651,52295,2,0.033607218844984806,0.012307692307692308,0.16694391266905811,0.09388374212530898,0.12601412611641274,True,1625.0,1645.0,False
2024,24313,606162,1,0.026673453608247424,0.30551816958277256,0.06110363391655451,0.09388745091645738,0.07478017774890018,True,743.0,970.0,False
2024,21874,79825,1,0.08124602439024392,0.05592105263157895,0.017607437624513802,0.0957967854535606,0.12272100702430686,True,1216.0,1148.0,False
2024,22551,63930,1,0.058608333333333346,0.17391304347826086,0.034782608695652174,0.09686920289855074,0.037058207039337474,True,92.0,108.0,False
2024,24460,642203,1,0.06465519032979318,0.15732454074422986,0.031182289213377297,0.09916767266610971,0.03822601015239965,True,2123.0,1789.0,False
2024,21402,76650,2,0.030725921486596277,0.08521179093386178,0.16372019999742812,0.10080976012577539,0.08013444944759926,True,4037.0,3693.0,False
2024,24015,50204,1,0.0,0.06,0.26399999999999996,0.10139999999999998,0.0002000000000000196,True,18.0,15.0,False
2024,24283,656212,2,0.04994186067084408,0.12107438016528925,0.09589299372120738,0.10166556549806005,0.11065212150195261,True,4840.0,5426.0,False
2024,24307,642098,1,0.04705539149659864,0.24787775891341257,0.05042444821731749,0.10188561220967166,0.008289785030977298,True,1178.0,1470.0,False
2024,22203,65958,1,0.040000000000000036,0.22,0.08461538461538462,0.10261538461538465,0.051860139860139834,True,26.0,15.0,False
2024,24269,476594,1,0.04022856426332295,0.2843482637141419,0.05697030699547055,0.10282041126885892,0.05363909549791422,True,1987.0,2552.0,False
2024,24465,668684,2,0.0980895083135392,0.02546296296296296,0.00478395061728395,0.10358333547403303,0.041496423879630734,False,1296.0,1263.0,False
2024,23853,73211,1,0.03434915445612824,0.03236030025020851,0.18486276624560233,0.10390516767962032,0.07982136054262468,True,5995.0,5801.0,False
2024,24078,52864,2,0.0707321543771044,0.10820895522388059,0.049685525580595705,0.10435343161389497,0.11636946354910961,True,536.0,594.0,False
2024,22293,65769,2,0.07188167156862744,0.041666666666666664,0.07650366956089986,0.1049079559149424,0.03977684662236311,True,6120.0,6375.0,False
2024,24198,52006,2,0.052053835046728954,0.22988505747126436,0.052873563218390804,0.1050423407938554,0.21554113870266395,True,87.0,107.0,False
2024,22539,66103,2,0.0532820857142857,0.17204301075268819,0.07693396226415095,0.10601542411964177,0.06338085818624464,True,186.0,154.0,False
2024,24447,53711,2,0.010814524999999988,0.434878587196468,0.0869757174392936,0.10648781418322294,0.079023652511881,False,906.0,512.0,False
2024,24423,645307,2,0.09877451776023678,0.036298568507157465,0.008077709611451944,0.10704650140031857,0.04261344654438966,False,1956.0,2027.0,False
2024,24244,53096,2,0.09090909090909088,0.06,0.024,0.10830909090909088,0.08735790909090915,True,25.0,22.0,False
2024,22743,67391,2,0.04086458683729434,0.09305699481865284,0.15341501144842082,0.10851839006703955,0.08190350583170151,True,4825.0,4376.0,False
2024,23947,67049,2,0.059013759036144586,0.23853211009174313,0.04036697247706422,0.10892201591687853,0.14956105046196652,True,109.0,83.0,False
2024,21178,69585,2,0.0877800436241611,0.09696969696969697,0.019393939393939394,0.10911337695749443,0.04572274669841955,True,165.0,149.0,False
2024,22487,61329,2,0.031679440111420584,0.3674008810572687,0.07242290748898679,0.11213758989115626,0.0960437147433033,True,1135.0,718.0,False
2024,24311,50008,2,0.08823515000000001,0.1,0.02857142857142857,0.11323515,0.12660217619047615,True,35.0,30.0,False
2024,23673,79535,2,0.04280137377963737,0.32358490566037734,0.06433962264150943,0.11385797755322227,0.04209297246332852,True,1060.0,717.0,False
2024,22640,62918,1,0.07373069678714861,0.06183368869936034,0.08852878464818764,0.11399082471891833,4.320598646853635e-05,True,469.0,498.0,False
2024,24459,642558,1,0.06817601546192499,0.21741176470588236,0.04404705882352941,0.11620425075604264,0.0105748952670396,True,2125.0,2587.0,False
2024,24310,52701,1,0.06741220928261725,0.10416666666666667,0.0962112373478504,0.11671114235436489,0.011957426082971068,True,2832.0,2537.0,False
2024,20700,68413,2,0.10311766666666668,0.061522419186652764,0.013050251616804518,0.11691361761054617,0.15042193784083494,True,959.0,900.0,False
2024,24358,53703,2,0.0693364860465116,0.21818181818181817,0.04363636363636363,0.11733648604651159,0.10106457477823072,True,55.0,43.0,False
2024,24129,51301,1,0.02891256107249257,0.15767461313258052,0.18995568043148925,0.11904824119340088,0.09770355471499079,True,2391.0,2014.0,False
2024,24444,53298,2,0.027866594427244595,0.4164408310749774,0.08310749774164408,0.11942034329806664,0.04721469613911572,False,1107.0,646.0,False
2024,24410,606273,2,0.06959090429958391,0.22667143367894171,0.045262781551662495,0.11943359289450703,0.04716994688937942,False,2797.0,2163.0,False
2024,22815,68592,1,0.04087969109947648,0.28187919463087246,0.10487051556189117,0.11986625074076925,0.016733197703441713,True,298.0,382.0,False
2024,24055,51665,2,0.02569663859315588,0.015444015444015444,0.26785890943715873,0.12176385921276374,0.14406100052713083,True,518.0,526.0,False
2024,24376,53297,1,0.11901851351351349,0.0136986301369863,0.0027397260273972603,0.12203221214365048,0.01151131094247547,False,219.0,222.0,False
2024,22321,74748,1,0.08868428099173552,0.156794425087108,0.029965156794425084,0.1226912496328505,0.13436864384015157,False,287.0,242.0,False
2024,24306,52731,1,0.04376261243282854,0.27411347517730494,0.10914578202713796,0.12308065741892256,0.09549512786434745,True,2820.0,2047.0,False
2024,24446,69737,1,4.761904765990255e-08,0.02,0.344,0.12340004761904765,0.04529004329004328,True,22.0,21.0,False
2024,23519,66625,1,0.01346799494949498,0.09174311926605505,0.2756756756756757,0.12371594932588972,0.09208778837219203,False,109.0,99.0,False
2024,24222,544150,1,0.0470387983002155,0.2674500175377061,0.10638122562540298,0.12438972989976244,0.04204841625729261,True,5702.0,4177.0,False
2024,21279,63730,1,0.04221603681672029,0.22443890274314215,0.1391941391941392,0.12459982094614033,0.0188824052421869,True,802.0,622.0,False
2024,24334,668766,1,0.07770491803278688,0.21393034825870647,0.042786069651741296,0.1247695946497023,0.05284820805651186,True,201.0,244.0,False
2024,23670,51163,2,0.021276595744680868,0.38,0.13571428571428573,0.12577659574468086,0.047322050290135434,False,28.0,47.0,False
2024,23023,63235,2,0.10292549054054055,0.1552511415525114,0.0009132420091324201,0.1265327964766136,0.026863916235099636,False,219.0,185.0,False
2024,24063,51586,1,0.04985365019062341,0.221107544141252,0.13016581891539147,0.12857781843219823,0.04154876977152666,True,2492.0,1941.0,False
2024,21857,69501,2,0.07142833333333333,0.2,0.08,0.1294283333333333,0.002091472868217037,False,22.0,12.0,False
2024,22110,65042,1,0.08810645962113661,0.11629955947136564,0.06976708284286293,0.12996987253684347,0.010676299796847782,True,1135.0,1003.0,False
2024,22335,60845,1,0.09272704788877448,0.10092592592592593,0.06595704948646125,0.13095090409792481,0.004334590983936293,True,1080.0,971.0,False
2024,23556,65509,2,0.11462443207343413,0.060851926977687626,0.022378352717778306,0.13158464457130967,0.05101473924088404,True,493.0,463.0,False
2024,22278,65616,1,0.025042096637667537,0.24752300070771407,0.20088621886617924,0.13248072334698738,0.001413180840719147,True,5652.0,4253.0,False
2024,24300,592644,1,0.0660472664660568,0.016891064871481027,0.18775242409866677,0.13429427463131233,0.03845736326313895,True,4085.0,4154.0,False
2024,24211,52395,2,0.08254057548125633,0.1516919486581097,0.0832229759922005,0.13442240937724295,0.059561210037211765,True,857.0,987.0,False
2024,22617,64896,1,0.03652041700336701,0.1447084233261339,0.21880539314965547,0.13480856810466652,0.16748903864919457,True,2778.0,2376.0,False
2024,21558,67962,1,0.050089334291876356,0.044642857142857144,0.22531317868455888,0.13564537540290053,0.07397867616834525,True,1456.0,1391.0,False
2024,23874,51865,1,0.029452324324324333,0.06329113924050633,0.2777777777777778,0.1361682174326225,0.01765256222044831,True,79.0,74.0,False
2024,22154,79358,2,0.059324298078401234,0.06683066830668306,0.1917195528626406,0.13645074182632788,0.051875928716821035,True,2439.0,2602.0,False
2024,22345,53637,2,0.00909094999999998,0.06,0.34400000000000003,0.13849095,0.07975454545454544,False,23.0,20.0,False
2024,23332,74630,2,0.08422552368421052,0.2621359223300971,0.04854368932038835,0.140536203295861,0.03595142035920121,True,618.0,456.0,False
2024,23763,66615,2,0.03909090909090908,0.36,0.13846153846153847,0.14155244755244756,0.09295664335664333,True,26.0,44.0,False
2024,24105,50590,1,0.04357324242424245,0.05714285714285714,0.258062893081761,0.14246668357428738,0.01412971580414632,True,175.0,165.0,False
2024,23843,67762,1,0.10238375653377632,0.18940754039497307,0.0362657091561939,0.14348788579769012,0.06213143726247719,True,1114.0,903.0,False
2024,22156,65702,1,0.06459324090909091,0.36046511627906974,0.07093023255813954,0.14348858974630022,0.003055841113549229,False,172.0,110.0,False
2024,24226,52123,1,0.02658019865900381,0.3972286374133949,0.16530072230565684,0.14401974707799295,0.008235467284708226,True,433.0,261.0,False
2024,24392,53312,1,0.13139977952755902,0.05925925925925926,0.011851851851851853,0.14443681656459606,0.015949604243363863,False,270.0,254.0,False
2024,23719,518852,2,0.06010870689655172,0.03989405727528555,0.22576316664623267,0.145109923814026,0.00892987110866314,True,12082.0,11600.0,False
2024,23879,50395,1,0.07247815384615383,0.023474178403755867,0.19817461073360415,0.14536039436347864,0.11444363436140631,True,213.0,208.0,False
2024,23630,62611,2,0.026155097777450724,0.06701455644053832,0.3131881664577008,0.14582313950372675,0.016471963516222793,True,3641.0,3397.0,False
2024,23288,63464,1,0.07024633644859819,0.06553960166743864,0.188695652727473,0.14612075515332953,0.0695043721929339,True,4318.0,4601.0,False
2024,23895,67944,1,0.0077913063106795875,0.25609756097560976,0.285764705882353,0.14622358751584458,0.04360181283107545,False,82.0,103.0,False
2024,24293,674491,2,0.05000000000000002,0.14,0.21600000000000003,0.1466,0.021199999999999997,False,17.0,10.0,False
2024,23910,65617,1,0.06874308270676695,0.3434343434343434,0.08282828282828283,0.14924813321181746,0.0332155094008927,False,99.0,133.0,False
2024,23385,69994,2,0.04618254907161806,0.017543859649122806,0.28904178083086596,0.14997875130978958,0.04482640931771223,True,741.0,754.0,False
2024,24115,68220,1,0.08849036904043457,0.030710734132787364,0.1650923150442276,0.15087928942583234,0.08967075974053768,True,6838.0,6628.0,False
2024,24223,596049,2,0.07241597680412368,0.375,0.06391752577319587,0.15103711082474222,0.03171550760397118,False,1552.0,970.0,False
2024,24026,60636,2,0.07012972727272727,0.37735849056603776,0.07169811320754717,0.15182784048027445,0.16422762591610793,True,106.0,66.0,False
2024,24389,607200,1,0.07865917582417581,0.3336590131900342,0.0668295065950171,0.15209835511093692,0.01828852593326666,True,2047.0,2730.0,False
2024,22996,76430,1,0.08886896960453336,0.09883412824589295,0.13831449291207082,0.1521041613606421,0.08150646374455245,True,3774.0,4147.0,False
2024,23484,52440,1,0.03437801746835439,0.21782178217821782,0.2434478411597857,0.15225802920101206,0.1360119080078669,True,404.0,316.0,False
2024,22302,65643,1,0.07723034476058285,0.06337341566460838,0.1883115351415618,0.15264539440982072,0.012714269344432594,True,3077.0,2882.0,False
2024,24209,571616,2,0.07916826738544475,0.013297872340425532,0.2049655172413793,0.15290087927099133,0.06409802801668743,False,752.0,742.0,False
2024,24086,51454,2,0.003747088704318918,0.007828594973217964,0.42326401403935066,0.15306378286407435,0.06405498131062048,True,2427.0,2408.0,False
2024,24440,53164,1,0.026961758606124597,0.5783615316117542,0.11567230632235084,0.15420129556071052,0.02006324722295652,False,2246.0,947.0,False
2024,22729,67603,2,0.08276200976290095,0.05752212389380531,0.1808303261574635,0.15468094250208397,0.1406455018072691,True,5424.0,5736.0,False
2024,24146,543208,1,0.09386541414141412,0.27624309392265195,0.056169429097605895,0.15496117841397397,0.013428953049406056,True,1086.0,1386.0,False
2024,22890,77446,2,0.06017126297577852,0.14211502782931354,0.2103756470293999,0.15511999361046552,0.0366406920816463,False,10780.0,9248.0,False
2024,24164,605138,2,0.09298279995416002,0.041098901098901096,0.16027834209578,0.1552450548525182,0.023433459879499213,True,4550.0,4363.0,False
2024,24147,605498,2,0.05476644200426437,0.45878693623639194,0.09269051321928459,0.15602616206647277,0.12197112549184755,True,1286.0,1876.0,False
2024,23418,67143,2,0.02848791666666667,0.08936170212765958,0.33110213540730316,0.1577779193783717,0.012922365945990028,False,2115.0,2304.0,False
2024,24240,663399,2,0.06927540138099106,0.07547878332707472,0.221296632874241,0.15805104038603662,0.013902912108698207,True,2663.0,2462.0,False
2024,24107,586512,1,0.0542632325581395,0.36,0.144,0.1586632325581395,0.07743233887043194,False,25.0,43.0,False
2024,23848,51715,2,0.036557432141897335,0.020789473684210528,0.3424414852042498,0.15953037301601633,0.06552067576417495,False,3800.0,3721.0,False
2024,24327,668948,2,0.11304312910284466,0.2131542699724518,0.042561983471074386,0.15991296381358844,0.048938252924367084,False,2904.0,2285.0,False
2024,23421,68639,2,0.05340925146699264,0.3491406747294717,0.15472860940851754,0.15993536596939453,0.09645454551659724,True,3142.0,2045.0,False
2024,21961,593417,1,0.027342089165867667,0.25870646766169153,0.2681443254015297,0.1599985732056568,0.09397733482983195,True,11256.0,8344.0,False
2024,22721,51460,1,0.09092575618698438,0.026327532351628737,0.18677744310157354,0.16024699112527943,0.02535051594255472,False,2241.0,2182.0,False
2024,24333,53709,2,0.038461538461538436,0.42,0.16799999999999998,0.16026153846153843,0.0047384615384615525,True,5.0,26.0,False
2024,24167,52140,2,0.08343213018433185,0.26936026936026936,0.10529042213159925,0.160687818334432,0.09278692273909397,True,297.0,217.0,False
2024,23362,76858,2,0.07022561216908624,0.25643776824034337,0.15158031140537367,0.16174438639701852,0.003224884466236505,True,932.0,1171.0,False
2024,22094,69620,2,0.03639117540181688,0.2706422018348624,0.24373837822889807,0.16229593805716055,0.01973081264613466,True,3924.0,2862.0,False
2024,23952,50412,2,0.07903446296296299,0.04154302670623145,0.22063374409339387,0.16248772740158557,0.024420844066115277,True,337.0,351.0,False
2024,22821,65802,2,0.08701975413223137,0.35638297872340424,0.06595744680851064,0.16356230732372073,0.035249383052330774,True,188.0,121.0,False
2024,21789,63248,2,0.050005103494987865,0.10586240310077519,0.28014292161450954,0.16393448652518247,0.07868020260783806,True,4128.0,3691.0,False
2024,24153,52711,1,0.09699210000000004,0.08614232209737828,0.15579493087557603,0.1644416741210584,0.023765826990455485,True,267.0,290.0,False
2024,22782,77318,1,0.04898020418848166,0.12900842323038275,0.27793272235772365,0.16560792049824236,0.019772948865237838,True,6767.0,7640.0,False
2024,22250,64613,1,0.1517306382978723,0.056179775280898875,0.015730337078651686,0.1656632225675352,0.0027809290611107984,True,178.0,188.0,False
2024,23634,50449,2,0.008703783057680381,0.11016754647693366,0.4016210774182614,0.16579629212561192,0.009826402143081614,False,4357.0,4837.0,False
2024,21830,69208,1,0.11027222283950618,0.18429003021148035,0.08101060420436014,0.16626943884275427,0.040035706639445334,False,993.0,810.0,False
2024,21916,65320,1,0.08040560893633845,0.03224489795918367,0.23983192207470413,0.16918351635636245,0.03557884606925382,True,9800.0,10116.0,False
2024,23439,72523,2,0.034357854209075,0.010909992561368709,0.38200058156395633,0.16969455664066502,0.0016703711519476805,False,4033.0,3989.0,False
2024,23762,65206,2,0.07591267549668876,0.1396011396011396,0.20962199312714777,0.17022054403136141,0.0778273984934677,True,351.0,302.0,False
2024,23654,79617,2,0.032338197860962564,0.3080481036077706,0.26253037766246884,0.17043104558399225,0.04519401154317293,True,1081.0,748.0,False
2024,24021,51058,1,0.03254931506849312,0.6286876907426246,0.12502543234994914,0.170611370002369,0.025776951826464306,True,1966.0,730.0,False
2024,23694,518445,2,0.07579895209957253,0.32409925220938135,0.13260119943858437,0.17082425973448426,0.11504760698777902,True,5884.0,3977.0,False
2024,21372,66018,1,0.024903419904378436,0.005566801619433198,0.41514025416063294,0.17103752910351494,0.08410711760414574,True,3952.0,3974.0,False
2024,24133,543557,2,0.10070099188640977,0.1191827468785471,0.15233256351039262,0.17189480114682926,0.17450770536369942,True,881.0,986.0,False
2024,23591,68301,1,0.012403167441860504,0.06,0.43200000000000005,0.1726031674418605,0.0657153,False,46.0,43.0,False
2024,24038,52873,1,0.04434721111111114,0.2786885245901639,0.2479290144910618,0.17292564487150736,0.0321022985820702,False,2745.0,1980.0,False
2024,24184,51006,1,0.0681818181818182,0.12,0.24800000000000005,0.17298181818181824,0.03928484848484845,True,17.0,11.0,False
2024,23745,69446,1,0.04339762032774813,0.09716565539024187,0.32957549142311987,0.17332389063437637,0.02275325668843889,True,12031.0,10862.0,False
2024,22508,66557,2,0.07157521764705886,0.29781082197439074,0.16391023667699428,0.17361542378016545,0.052025462977207726,True,2421.0,1700.0,False
2024,22525,67266,1,0.09173480887810448,0.06336898395721925,0.2111011837762326,0.17512557079336877,0.031147451637015933,True,3740.0,3503.0,False
2024,23501,66451,1,0.021157393827160517,0.36044216344255825,0.2878663827686231,0.17597695231256233,0.008579366660917992,True,2533.0,1620.0,False
2024,24100,51948,1,0.0828834452365522,0.2329107631121054,0.16769520231239649,0.17651338051270676,0.03401639279215973,False,4023.0,3086.0,False
2024,23555,51264,2,0.050064598703661624,0.34704484704484706,0.21388864154237336,0.17698235030021936,0.012782180734373122,True,6734.0,4397.0,False
2024,24117,50904,1,0.022207665254237327,0.4606946983546618,0.24614800759013283,0.17746367266398308,0.014749551286529022,False,547.0,295.0,False
2024,23423,64155,2,0.05703442894736841,0.2578125,0.23719512195121953,0.17872459663029525,0.014156381452854805,True,512.0,380.0,False
2024,23158,64960,1,0.041650838547486024,0.06770833333333333,0.3641269841269842,0.1792515329919305,0.03974870034140279,False,192.0,179.0,False
2024,23305,52257,2,0.12679297619047616,0.25,0.04285714285714286,0.17929297619047618,0.05932583400089009,False,84.0,63.0,False
2024,23624,65894,1,0.09090868636363637,0.21428571428571427,0.16164102564102564,0.17962590248085247,0.01664832244422243,False,56.0,44.0,False
2024,24254,458913,1,0.04347826086956523,0.18,0.312,0.17967826086956523,0.04969485024154588,True,14.0,23.0,False
2024,24224,53560,1,0.08582875855457227,0.09720372836218376,0.22671118530884807,0.17975823266699664,0.00032625207305048143,False,751.0,678.0,False
2024,22292,51648,2,0.0874641034813159,0.12747569319409435,0.20962739213791695,0.179955044708701,0.04250492143722545,True,2777.0,3131.0,False
2024,24241,51901,2,0.059835846153846135,0.2984822934232715,0.21606217616580312,0.18022995182536794,0.0728245096071674,False,593.0,416.0,False
2024,23885,68114,1,0.01724099999999998,0.4,0.296,0.18084099999999997,0.17760371428571436,True,30.0,10.0,False
2024,22007,50814,2,0.07880143062200956,0.15384615384615385,0.22967032967032966,0.182262969083548,0.07362645540099505,True,494.0,418.0,False
2024,23783,51109,1,0.04135849290429048,0.12222222222222222,0.35028901734104045,0.18229298230698798,0.004551939005637551,False,270.0,303.0,False
2024,23696,68135,1,0.12267477394636014,0.10463202445332706,0.12863596789925735,0.18339216637909928,0.004022882378373338,True,4253.0,4698.0,False
2024,23157,52702,1,0.029414010201511284,0.15072463768115943,0.37660273972602737,0.18383366475779478,0.0076643586451263235,True,345.0,397.0,False
2024,22233,76540,1,0.08286336960352428,0.2950310559006211,0.16290455454866423,0.1841346220806499,0.01048975708022104,False,322.0,227.0,False
2024,22524,72862,1,0.1614547116113744,0.12083333333333333,0.015,0.1848297116113744,0.10509397593644326,False,240.0,211.0,False
2024,23871,50203,1,0.051795261370916085,0.010145846544071021,0.376160483175151,0.1849733074638296,0.03189667514001468,True,1577.0,1561.0,False
2024,24340,68096,2,0.14618908737864084,0.17714285714285713,0.03542857142857143,0.1851605159500694,0.054685490261110664,True,175.0,206.0,False
2024,23713,543184,2,0.06981599756097559,0.5260115606936416,0.10443159922928709,0.1852687913952723,0.06034738991769001,True,2076.0,984.0,False
2024,22028,69399,2,0.04334397959183675,0.18196994991652754,0.3329207130851974,0.18716172165913497,0.007599950404840322,True,2995.0,2450.0,False
2024,23512,50354,2,0.013742298129812952,0.1355206847360913,0.4390851446275974,0.18775020145988572,0.07417514227289199,True,2103.0,1818.0,False
2024,21754,69408,1,0.07610915936106985,0.4111986001749781,0.1435143139190523,0.18801895925898487,0.006895691158452705,False,1143.0,673.0,False
2024,23459,51111,2,0.14457139761795695,0.029777777777777778,0.1132947213042419,0.18869121674110828,0.03355975174136344,False,2250.0,2183.0,False
2024,22220,63550,1,0.15473466359447008,0.14411247803163443,0.03760984182776801,0.18951497993893404,0.030740712639167334,False,569.0,651.0,False
2024,24329,53464,2,0.1795998670694864,0.04746835443037975,0.00949367088607595,0.19004290504416996,0.0007952676123486879,False,316.0,331.0,False
2024,23306,68900,2,0.009401268813440694,0.09296097934200459,0.4819948441833179,0.19204361117890265,0.01045255774773926,False,5228.0,5714.0,False
2024,22311,63936,1,0.07567889552238803,0.0014903129657228018,0.3326790917775807,0.1923401245893997,0.06640834978655202,True,1342.0,1340.0,False
2024,22666,65398,1,0.09346295527039411,0.025022341376228777,0.2721364560584381,0.19246406609728176,0.01426949199338065,True,1119.0,1091.0,False
2024,22881,65696,2,0.0888075997695853,0.38873239436619716,0.13098591549295774,0.1929625293470501,0.010063339876902888,False,355.0,217.0,False
2024,22547,61365,1,0.04829775838231837,0.10324254215304798,0.3745933126135679,0.1948917991200243,0.012258054231601728,True,3855.0,4253.0,False
2024,24085,543001,2,0.12658406855955678,0.07937519923493784,0.16711468321423267,0.1969804875697789,0.027092192012291155,True,3137.0,2888.0,False
2024,24136,52639,2,0.05667406349206351,0.14188422247446084,0.3436865316317371,0.19824698293434062,0.02882373897544807,False,881.0,756.0,False
2024,24169,51526,1,0.10528809818731112,0.1620253164556962,0.20060240963855422,0.19980273902915952,0.03347738115733187,False,395.0,331.0,False
2024,24412,53995,2,0.14534360317460315,0.25,0.05,0.20034360317460315,0.04299487154311904,True,84.0,63.0,False
2024,22015,76329,2,0.10425680179211472,0.19789171058936272,0.19006004934847137,0.20046157565248413,0.04656814500715939,True,2087.0,1674.0,False
2024,24185,623381,2,0.1257596118881119,0.2791430371770636,0.09508200128154062,0.2009097679132107,0.05804330947750316,False,1587.0,1144.0,False
2024,23513,50995,2,0.04176685546167772,0.23656716417910448,0.35333708824183513,0.20091991097318568,0.0019729935458024372,False,1340.0,1657.0,False
2024,24154,52203,2,0.194951612244898,0.02617801047120419,0.007329842931937172,0.2014437588417566,0.07781982405527652,False,191.0,196.0,False
2024,23424,52149,2,0.06387610099191772,0.08532695374800638,0.3575348942041813,0.20181235702558212,0.056442696126929676,False,1254.0,1361.0,False
2024,22776,63791,2,0.08962208695652174,0.04827586206896552,0.3016139073799147,0.20242833384983672,0.08304659579005702,True,580.0,552.0,False
2024,24369,53914,1,0.07250720371900829,0.5921052631578947,0.11842105263157894,0.20277036161374512,0.04027664394457223,False,76.0,121.0,False
2024,24109,575070,1,0.10306400370653418,0.15389589395408987,0.21946538725154213,0.20296127333768738,0.02969736002179746,True,3093.0,2617.0,False
2024,23695,67828,2,0.020315472197705214,0.25802226588081206,0.41623286612417043,0.2047003152232867,0.02950528179717954,False,3054.0,2266.0,False
2024,23426,62146,2,0.11221965191864923,0.10905982905982906,0.2182391428873387,0.20496232628819214,0.03895961468797707,False,2925.0,2606.0,False
2024,23747,67122,2,0.038493577537058135,0.2211367673179396,0.38258765609805206,0.20556977226906728,0.11218519583482786,True,1126.0,877.0,False
2024,23653,68908,2,0.033627781086142366,0.2870493991989319,0.3688100960209468,0.2057687245733135,0.13385361821420252,True,749.0,534.0,False
2024,24018,51713,1,0.06881411111111112,0.2052980132450331,0.30458517747114466,0.2062136252127667,0.01545268730419963,True,2265.0,1800.0,False
2024,23765,69629,1,0.11201531900826442,0.07633587786259542,0.23653846153846153,0.20625416222611526,0.009523743715474042,False,131.0,121.0,False
2024,23769,50859,2,0.04467558837772398,0.04262717321313587,0.44369525227645534,0.20636300265645374,0.0030691420122091195,True,7765.0,7434.0,False
2024,24183,641312,1,0.01944547541450775,0.5196850393700787,0.3114214876033058,0.20639575198117657,0.015182180505722759,False,508.0,772.0,False
2024,21795,63991,1,0.047336950437317796,0.2398049645390071,0.3526832105240234,0.20674681880157703,0.0668370698717139,True,4512.0,3430.0,False
2024,22932,67711,2,0.06326225359576078,0.38035527690700105,0.24699281903796805,0.20676303179509975,0.06415477735677905,True,957.0,1321.0,False
2024,23092,50036,1,0.09136088045151358,0.15076252723311548,0.2732996520229177,0.20963013774450212,0.08666697057647677,True,2295.0,1949.0,False
2024,23488,50955,1,0.07380951666666667,0.21052631578947367,0.3,0.2103884640350877,0.04896129211918687,False,57.0,45.0,False
2024,23943,50637,1,0.11363649999999997,0.14606741573033707,0.2143030303030303,0.21055267296561114,0.07129383724889343,True,89.0,76.0,False
2024,23782,68419,2,0.10730288054856232,0.20866100450875538,0.21016954734416654,0.21216137279533392,0.1400608692404105,True,9537.0,7547.0,False
2024,23665,73117,1,0.14398068260396849,0.04964336661911555,0.17395530748750257,0.2123115452174617,0.030029308236091068,False,3505.0,3679.0,False
2024,24042,51597,1,0.054892799999999985,0.4238095238095238,0.2684073107049608,0.2124067873181648,0.029746570516805515,True,420.0,242.0,False
2024,23090,78366,2,0.08177622413793104,0.5967914438502674,0.11786096256684493,0.21254627761386685,0.049634694770851945,False,935.0,377.0,False
2024,21441,50157,2,0.12497199854862122,0.05842159207379569,0.2270631218518632,0.21320733000784267,0.05380823909155916,False,5854.0,5512.0,False
2024,23564,50094,1,0.05946981666666671,0.3736951983298539,0.28256028198349753,0.21442019511036892,0.016960531386395805,False,479.0,300.0,False
2024,23360,52802,1,0.09596048469945356,0.14883720930232558,0.27531491712707185,0.21464628708927752,0.0015082137900511716,False,215.0,183.0,False
2024,23151,67066,1,0.008403807197943418,0.259047619047619,0.48244440863680305,0.21611649307796732,0.010084365772648818,False,525.0,389.0,False
2024,22583,69104,2,0.166858689206762,0.08397855866587255,0.10543865109887351,0.2163590008912486,0.005211773280657028,False,1679.0,1538.0,False
2024,23627,69645,1,0.049659299999999996,0.3562231759656652,0.3284459417218454,0.21804885599749566,0.01984551428683154,True,2330.0,1500.0,False
2024,23977,67164,1,0.054861500000000014,0.17370892018779344,0.3927620288434957,0.21838454812339253,0.0010181036584744896,True,852.0,1000.0,False
2024,24168,61891,1,0.21428552380952381,0.02,0.004651162790697674,0.21891343078626802,0.05251495016611299,False,43.0,42.0,False
2024,23307,69539,1,0.05395938403990025,0.05693199789140749,0.4488262362518949,0.21958836641177457,0.036032249899886876,True,5691.0,6015.0,False
2024,24463,53049,2,0.16511110611735333,0.25210084033613445,0.04892623716153128,0.22005041517430945,0.05721263072228097,False,1071.0,801.0,False
2024,22926,63104,1,0.04459726986301371,0.34675615212527966,0.3576637948306952,0.22179302087254898,0.028727084607314657,True,447.0,292.0,False
2024,23504,64017,2,0.11076701421969427,0.04185185185185185,0.2993259652990651,0.2218088798521448,0.0010233199801786552,True,2700.0,2813.0,False
2024,23632,62920,2,0.1167279232441472,0.1994645247657296,0.21577475241893646,0.2221687653056344,0.014382105279809265,False,2988.0,2392.0,False
2024,23110,61214,2,0.12555326624405708,0.006379585326953748,0.2743299967710688,0.22252570291297422,0.01747244769837794,False,1254.0,1262.0,False
2024,23693,67644,2,0.03773584905660375,0.64,0.256,0.22333584905660375,0.03985454545454542,False,21.0,53.0,False
2024,23231,63749,2,0.04648481783149834,0.38540747278611354,0.3427903406099273,0.22427255796288992,0.03731586488864716,False,3399.0,2089.0,False
2024,22548,68617,2,0.14705199425287355,0.05241935483870968,0.199258064516129,0.22465522005932514,0.011125478373826575,False,248.0,261.0,False
2024,22397,69168,2,0.08098904746915134,0.21691973969631237,0.3181667354107094,0.22488536581734647,0.049946566641319745,False,5071.0,3971.0,False
2024,23175,60757,2,0.01481850421245421,0.8322147651006712,0.244103248776146,0.22508685604920597,0.010381739192404399,False,298.0,546.0,False
2024,22540,64464,2,0.05613362034459907,0.12267441860465116,0.43132319943816266,0.22549790293865365,0.007591832908181911,False,3440.0,3018.0,False
2024,23794,65908,1,0.017786909090909082,0.72,0.288,0.22658690909090906,0.09166311260617274,False,47.0,11.0,False
2024,24380,554428,1,0.053968142857142826,0.04,0.48,0.2279681428571428,0.12294693050193055,False,37.0,35.0,False
2024,21415,60264,2,0.07891180952380952,0.23170731707317074,0.3293103448275862,0.22892652777444028,0.028550565070750156,True,246.0,189.0,False
2024,22742,66564,2,0.032567515822784804,0.6183574879227053,0.29673202614379085,0.22917734816151736,0.09446709091895497,False,207.0,79.0,False
2024,22899,65844,2,0.09515956450079241,0.09857142857142857,0.3416279939247936,0.22951507666018445,0.02607529131385314,False,2100.0,1893.0,False
2024,23684,64047,2,0.04082298695652178,0.027997886951928157,0.5274054106892202,0.22961456374053807,0.05513772920998061,False,1893.0,1840.0,False
2024,21699,69646,1,0.1743702545824847,0.025793650793650792,0.15004449914937815,0.23075487690381466,0.016874081327270057,False,1008.0,982.0,False
2024,23502,64496,1,0.15384600000000004,0.37735849056603776,0.06037735849056604,0.23158184905660378,0.03847152201257856,False,53.0,33.0,False
2024,21943,67768,2,0.08611099951456308,0.22814321398834306,0.3202244782726179,0.23241104900823079,0.0007141877427952192,False,2402.0,1854.0,False
2024,24140,641149,1,0.12190157788161994,0.036036036036036036,0.30104848484848484,0.232673952983995,0.07083868239796226,True,3330.0,3210.0,False
2024,22731,66705,1,0.07445682230623818,0.2918340026773762,0.3302392912820767,0.23381567465657144,0.015674574915821304,False,747.0,529.0,False
2024,23690,75250,1,0.1668439840764331,0.13019390581717452,0.13611594202898553,0.23401364965915422,0.009246519496572597,False,361.0,314.0,False
2024,23336,50592,1,0.054259235031847125,0.06621392190152801,0.48863431088535253,0.2352133321269497,0.025137795407128294,False,589.0,628.0,False
2024,24267,53973,1,0.15333485849056602,0.2638888888888889,0.12433898305084745,0.23643683589169595,0.0001412285470632213,False,72.0,53.0,False
2024,21840,68910,2,0.0924874955752212,0.29463171036204744,0.2871618247925833,0.23718889080693248,0.04418603235015853,False,1602.0,1130.0,False
2024,23500,68260,1,0.033460993009565815,0.33804188991719436,0.44509942532701896,0.2399520753616016,0.012157751024121394,False,2053.0,1359.0,False
2024,24399,53596,2,0.17008903703703704,0.3211009174311927,0.06422018348623854,0.2407312388718994,0.04728386838134152,False,327.0,432.0,False
2024,22622,50114,1,0.21328270370370372,0.019120458891013385,0.07270591689913375,0.24159784345205254,0.023389823020088685,False,523.0,513.0,False
2024,24259,52163,1,0.22247039189189188,0.09016393442622951,0.016393442622950817,0.2417326869738591,0.00073677757055568,True,122.0,111.0,False
2024,23458,69205,2,0.06689593641058748,0.17606382978723403,0.4253228218023651,0.24216849850950037,0.10967016728813397,True,1880.0,1549.0,False
2024,23727,68397,1,0.06631821428571429,0.43548387096774194,0.3193846153846154,0.24342541031549095,0.017162801277056577,False,124.0,70.0,False
2024,23930,51202,2,0.009391213872832378,0.727344365642238,0.3580376253238707,0.2438060375825228,0.0460306179554382,False,2538.0,692.0,False
2024,23860,53892,1,0.014939148148148132,0.32877563704164076,0.5178885630498533,0.24551649077184287,0.0013340326275342596,False,1609.0,1080.0,False
2024,22784,64255,1,0.041666666666666616,0.7922077922077922,0.2444776119402985,0.2460649996769399,0.030395679140184206,False,231.0,48.0,False
2024,24339,53805,1,0.06451835509554141,0.8255813953488372,0.16511627906976745,0.2461462620722856,0.08554911807290665,False,86.0,157.0,False
2024,23258,50613,1,0.13332729323308273,0.023076923076923078,0.313040298785244,0.2463529362694566,0.1533233433767222,True,650.0,665.0,False
2024,22575,50464,2,0.059591341138115,0.22508038585209003,0.4385862892620258,0.2468586002576375,0.028521036588825932,False,4354.0,3374.0,False
2024,23950,68705,1,0.022245899999999992,0.7333333333333333,0.328,0.24704589999999998,0.04132803188405795,False,60.0,16.0,False
2024,23929,63894,2,0.09403290311418686,0.2538726333907057,0.3320973710130226,0.24834787797735064,0.00971350109487587,False,3486.0,2601.0,False
2024,22668,65343,2,0.045443708506841166,0.27667814113597244,0.46163581610361754,0.24851796531350318,0.04328703603079784,False,4648.0,3362.0,False
2024,23597,67956,2,0.08112476764705884,0.11642411642411643,0.43116890972308636,0.24949750351375652,0.034283687722710926,False,2405.0,2125.0,False
2024,23638,63292,1,0.05705747368421051,0.4158059092000961,0.37176262384650516,0.24954527841050173,0.005755504035613701,True,4163.0,2432.0,False
2024,22143,60559,1,0.03649126695413563,0.273589615576635,0.49226212198990804,0.24982145198709868,0.023443210880612547,True,2003.0,2551.0,False
2024,23737,51110,1,0.07259786266094419,0.1795774647887324,0.4324092071611253,0.25087770488564787,0.012734597712607681,False,568.0,466.0,False
2024,22253,66064,2,0.11039187518684604,0.10291652698625545,0.3595140916275019,0.25165928630441003,0.0008620390496612285,False,2983.0,2676.0,False
2024,23915,64498,2,0.06324701793721975,0.21145685997171146,0.45096296983362977,0.25280258637474684,0.04583759614348393,False,2828.0,2230.0,False
2024,23964,53469,1,0.02803974157303374,0.3244047619047619,0.5031888111888112,0.2528165397748319,0.013555066279308081,False,336.0,445.0,False
2024,23568,64554,1,0.0967777294398093,0.09960681520314547,0.4065976654709657,0.25402793463511913,0.008534766240530844,False,1526.0,1678.0,False
2024,22734,62929,1,0.04450662746365103,0.5129819040125885,0.38029116403356195,0.254555820477286,0.04139061089698309,True,1271.0,619.0,False
2024,21940,63492,2,0.11886223255813956,0.3535049802668671,0.23677810881172334,0.2547603176822728,0.06973793160012942,False,5321.0,3440.0,False
2024,22118,63342,1,0.023880725723472645,0.29076396807297605,0.5354411382656943,0.25489971932741207,0.08337756926125711,True,3508.0,2488.0,False
2024,24205,52659,2,0.1975365941860465,0.20645905420991925,0.0811532507739938,0.2569090900884322,0.049976265126450425,True,867.0,688.0,False
2024,23644,67048,1,0.07397161538461541,0.0003206155819172812,0.5241676759930595,0.25747839431947384,0.04245017215862423,False,3119.0,3120.0,False
2024,21549,75258,2,0.11685083427647538,0.5368775739423437,0.1744459937511297,0.2584385681807223,0.0010616538393050656,False,2671.0,1237.0,False
2024,22761,63959,2,0.1135831891252955,0.2399497487437186,0.31141690622538515,0.25857156861573805,0.015089267441133702,False,2388.0,2961.0,False
2024,24064,51594,2,0.10815809670987038,0.5243161094224924,0.20679807595277339,0.2591848397067149,0.0583264564364675,True,658.0,1003.0,False
2024,22592,69113,2,0.06631654306839187,0.1907255048616305,0.47018602305298474,0.2594904768661811,0.0016307123563247261,False,4011.0,3246.0,False
2024,23437,60337,2,0.16337156692985677,0.2190995124749068,0.18103622146553736,0.2595991713140309,0.013361826563927232,False,3487.0,2723.0,False
2024,21654,75138,2,0.16201089148181008,0.1719324026451139,0.20514542877379882,0.25960165194940676,0.00838071302607174,False,1361.0,1127.0,False
2024,22710,51516,2,0.14297178535773708,0.041233541233541234,0.3169175761342944,0.2600779681897713,0.022788493732804588,False,2886.0,3005.0,False
2024,23759,62595,2,0.08830664016129032,0.4171562867215041,0.31475160693845206,0.26104314559797415,0.004528774150152182,False,1702.0,992.0,False
2024,22427,63960,2,0.0707253464566929,0.24337205838546322,0.43969256356072617,0.2611235524607665,0.0297877784734496,False,3357.0,2540.0,False
2024,22621,50411,1,0.10403808133086877,0.061307113938692884,0.42774015938725124,0.2629432042072106,0.04015323953440303,True,1729.0,1623.0,False
2024,23748,69360,1,0.026375029582929206,0.042467138523761376,0.6617618646393809,0.2643617529852767,0.007600661723677071,True,1978.0,2062.0,False
2024,23536,68797,2,0.030114759768637495,0.3852718078381795,0.5053443042969631,0.26477603744830147,0.014344355662341601,False,3164.0,1945.0,False
2024,23643,74359,2,0.10972179017264273,0.1314878892733564,0.3878979843685726,0.2652092680926466,0.025870820147804147,False,1734.0,1506.0,False
2024,22717,63765,1,0.06740271889400923,0.058859408356206164,0.5412282507061827,0.2656615178946041,0.03170627983655433,False,3279.0,3472.0,False
2024,22834,65933,2,0.08379952145009753,0.3675299921515865,0.3626337178094881,0.26585082150615635,0.00018291672536513426,False,8919.0,5641.0,False
2024,21622,66556,1,0.011756887959257917,0.2973100519112789,0.6000823637734176,0.26638222306664594,0.019317351081853507,False,2119.0,2749.0,False
2024,22741,61156,2,0.06165028829568789,0.44646510570584225,0.39494212368255244,0.26684979744045756,0.0035122580450372975,False,4399.0,2435.0,False
2024,23761,67467,1,0.07783349613650997,0.1743753322700691,0.4734429360331339,0.2696948235886172,0.021839693333139232,False,1881.0,1553.0,False
2024,22419,66920,2,0.09816723339931616,0.028326630529812904,0.4805960791194573,0.27062485567059813,0.027628700726544553,False,5719.0,5557.0,False
2024,23515,64760,2,0.1235455327842004,0.3402542372881356,0.27624345441558357,0.271268877422875,0.03872873056235543,False,2360.0,1557.0,False
2024,23558,68097,2,0.059946023180076594,0.47904191616766467,0.4012311553463078,0.27223321497643405,0.003048205183075303,False,2505.0,1305.0,False
2024,23005,69047,2,0.10355111580516897,0.3640960809102402,0.3273740544020602,0.27274644698242606,0.0012024990563059834,True,791.0,503.0,False
2024,23343,67564,2,0.03944805194805196,0.04938271604938271,0.648,0.2736554593554594,0.07050242547051064,False,81.0,77.0,False
2024,22922,78247,1,0.09365702914746543,0.05084745762711865,0.49259700750499535,0.2736931004182816,0.03281847207058475,True,1652.0,1736.0,False
2024,23082,50594,2,0.18555958720538723,0.21721311475409835,0.15893103448275864,0.2737674164874675,0.016798144339550514,False,244.0,297.0,False
2024,22469,68659,2,0.019099814931650874,0.633314054366686,0.4570598519383413,0.2740678712650732,0.0509410657440828,False,5187.0,1902.0,False
2024,22254,78517,2,0.12312121588254918,0.22074882995319814,0.33892973366120044,0.27485894715694903,0.014766726427436344,False,3846.0,2997.0,False
2024,24073,79191,1,0.13636363636363635,0.06,0.376,0.27696363636363636,0.0028502415458937502,False,25.0,22.0,False
2024,23284,69035,2,0.16211141364452425,0.3538283062645012,0.1776724437812304,0.27737101490763005,0.022614013453160886,True,862.0,557.0,False
2024,23672,79229,2,0.1595926079291212,0.015506607929515418,0.32993786688769966,0.2773968525292434,0.03037069580261459,False,5675.0,5587.0,False
2024,24239,69430,2,0.09631643555093558,0.5401529636711281,0.28747227533460806,0.2779546764687176,0.024046607029990064,False,1046.0,481.0,False
2024,23870,50710,1,0.010059137452711225,0.6419864559819413,0.4922542009318276,0.27864607617614207,0.03389823795147845,False,2215.0,793.0,False
2024,22579,62160,1,0.15214647575757578,0.0896551724137931,0.3249242424242424,0.2793182364681296,0.03151243012650787,False,145.0,132.0,False
2024,22598,68269,2,0.05806650577427824,0.3142548596112311,0.4976243228572602,0.27937324771600397,0.018599744836619414,False,2778.0,1905.0,False
2024,23857,50109,2,0.11699960784313727,0.3722304283604136,0.3050484715098712,0.2796011371256542,0.026702019201274796,False,2031.0,1275.0,False
2024,22667,60181,1,0.05549007326332796,0.22914072229140722,0.5432977305786335,0.28001538730956077,0.06271510982154738,True,1606.0,1238.0,False
2024,21432,64596,2,0.047004228153921114,0.43396746622553073,0.48005905641020075,0.28012001783132096,0.028286608616954312,False,3627.0,2053.0,False
2024,23289,67443,1,0.09126081189710611,0.28832951945080093,0.4193838211873249,0.28129457723028994,0.046001814440770616,False,1748.0,1244.0,False
2024,21875,605156,1,0.09112857707509879,0.09444844989185291,0.5030134152391206,0.2813505398925689,0.0029181747896639965,True,1387.0,1518.0,False
2024,22820,68703,2,0.08353531688403246,0.06028486253726399,0.5415312907851128,0.2821139980394115,0.06608326659164321,True,3019.0,2837.0,False
2024,23331,50901,1,0.029203952542372853,0.4229828850855746,0.5418918918918919,0.2823135474673712,0.00038734448619609507,True,409.0,236.0,False
2024,23238,69839,2,0.08547297368421052,0.33098591549295775,0.42084882936788076,0.28241795128691244,0.041359354907725215,False,3550.0,2375.0,False
2024,23190,68036,1,0.031986258146021324,0.3073863636363636,0.584221467977694,0.2825717264836688,0.010136934254540486,False,1760.0,1219.0,False
2024,21414,63914,2,0.04007995553987296,0.41252072968490877,0.518502654947693,0.2834339942243018,0.0038337852517926208,False,2412.0,1417.0,False
2024,22131,599683,1,0.1819453620816477,0.12389237957145159,0.24144686286251807,0.28503562101924673,0.01834225110974158,False,6207.0,5438.0,False
2024,24059,68068,2,0.05357693681818182,0.42394822006472493,0.4798315662831792,0.28511021802700326,0.025540575026810508,False,618.0,880.0,False
2024,22231,77637,2,0.1110875231096321,0.23666384419983066,0.39655507110658295,0.2853813746269107,0.06702879620209029,False,7086.0,5409.0,False
2024,24451,53428,1,0.26890760714285716,0.06,0.024,0.2863076071428572,0.01683673376623368,True,18.0,21.0,False
2024,23628,65057,2,0.0427051058655222,0.11572226656025539,0.6504517247091505,0.2877215494977632,0.04642830577567578,False,1253.0,1398.0,False
2024,24387,53613,2,0.2704482368335147,0.08374875373878365,0.01655034895314058,0.2888031720279315,0.02823097391874596,False,1003.0,919.0,False
2024,24056,51297,2,0.09692460126582278,0.6976076555023923,0.25392839713451015,0.29044068858826017,0.02735388117449611,False,2090.0,632.0,False
2024,23903,50726,1,0.010611598726114668,0.6724047991653626,0.5114029217460747,0.2904633412120452,0.097793089284682,False,7668.0,2512.0,False
2024,23642,66068,2,0.08398905459508643,0.6603831891223733,0.3074984969125719,0.2906710068828426,0.004400071644256265,False,3236.0,1099.0,False
2024,23790,50604,2,0.02348980083857445,0.3665338645418327,0.6110216718266254,0.29232746565916823,0.06769519653983744,False,753.0,477.0,False
2024,24089,51411,2,0.03569537586206894,0.768,0.410334901533116,0.29451259139865954,0.04431591928233025,False,2000.0,464.0,False
2024,23893,51867,2,0.04633737853692203,0.5504188644120385,0.4767710987298299,0.29577009275416827,0.026341614169108546,False,3223.0,1449.0,False
2024,23097,595001,1,0.10059977777777773,0.256198347107438,0.45174825174825173,0.29714141795578153,0.0293046903195171,False,242.0,180.0,False
2024,21690,74513,2,0.21442014561027842,0.10622009569377991,0.19227691296450664,0.29765007950192274,0.016164318365900626,False,4180.0,3736.0,False
2024,23206,68406,1,0.08575916244725738,0.4054189663823382,0.43663949416001924,0.29939583036061485,0.0006428042286255597,False,3986.0,2370.0,False
2024,22234,72447,2,0.20987498933901916,0.30104321907600595,0.13600343844246282,0.302632675655282,0.004379580987203452,False,1342.0,938.0,False
2024,23953,50708,2,0.14734275757575757,0.453416149068323,0.24937611408199648,0.30263681986470475,0.07294318539009279,False,966.0,528.0,False
2024,23567,51702,1,0.041095525539568335,0.10032362459546926,0.7159203588573227,0.3067161948289516,0.04938000807030812,False,618.0,556.0,False
2024,23640,50711,1,0.05670427647058823,0.2696025778732546,0.5994202898550725,0.30694176460085176,0.005354977533412908,False,931.0,680.0,False
2024,23411,76455,2,0.08084040609318993,0.211270260082925,0.5607372783320707,0.3087889925218534,0.021878444786047502,False,5306.0,4185.0,False
2024,23754,65801,2,0.16674975338753384,0.12844036697247707,0.35284975233902033,0.30951322175206253,0.03457538511274255,False,327.0,369.0,False
2024,24286,53594,2,0.1788567692307692,0.30574098798397864,0.24319526627218932,0.30983626062363223,0.016615510617707274,False,749.0,520.0,False
2024,24271,52003,2,0.2546125175507021,0.25638051044083526,0.050580046403712296,0.31077261035812664,0.028208427339538045,False,862.0,641.0,False
2024,24113,66715,1,0.007860205970149307,0.6058823529411764,0.6060606060606061,0.31086377103253787,0.007595911528103072,False,170.0,67.0,False
2024,22541,51546,1,0.0788162449302915,0.18575851393188855,0.5890859858532272,0.3128601170687043,0.030232353536835177,False,969.0,789.0,False
2024,24262,52629,2,0.15159335211267605,0.64,0.18974358974358974,0.31400360852293246,0.040793453748129815,False,39.0,71.0,False
2024,23904,50900,1,0.060194487739463606,0.37259615384615385,0.5664400906304146,0.3143379425370318,0.02545181329359142,True,416.0,261.0,False
2024,22280,69507,1,0.16505089072847678,0.31175934366453967,0.2999497412063901,0.31679720170039427,0.040631581530258365,True,1097.0,755.0,False
2024,22675,64051,2,0.11268125064599485,0.3609643328929987,0.4319996169657451,0.31802576651795544,0.069560077189807,False,3028.0,1935.0,False
2024,22795,51809,1,0.16085660853432282,0.04601769911504425,0.43399451180198456,0.31965734253227407,0.03003295925575805,True,1130.0,1078.0,False
2024,23650,64995,1,0.09167654545454546,0.3785310734463277,0.4904000591613191,0.32009622717795627,0.03413132130310792,True,3540.0,2200.0,False
2024,23314,68207,2,0.14776805195381887,0.3716517857142857,0.3345628448343049,0.32061281550296844,0.017592342015595175,False,896.0,563.0,False
2024,24229,51596,1,0.004739711408450683,0.3238095238095238,0.768,0.3221111399798792,0.023712009776021142,False,105.0,71.0,False
2024,23518,76225,1,0.07182337670787249,0.6022256728778468,0.4589417710230251,0.3227868474976083,0.05477901154431225,False,7728.0,3074.0,False
2024,23035,68130,1,0.09660456716417909,0.534641430803959,0.41781602268908424,0.3230363897259524,0.019281735644938958,False,5759.0,2680.0,False
2024,24346,51296,1,0.07376672413793103,0.6375,0.44000000000000006,0.32339172413793105,0.03205984848484841,False,80.0,29.0,False
2024,21991,63628,1,0.06387827472527477,0.043694690265486724,0.7267876093351332,0.3248081415323944,0.00951895524855223,False,1808.0,1729.0,False
2024,22925,65665,2,0.11087861259583792,0.018973214285714284,0.6185685140372992,0.3302235746517498,0.027772871547251887,False,1792.0,1826.0,False
2024,23633,77829,2,0.12202026118322518,0.4124807508982914,0.4210499854594361,0.33125986872877156,0.04835452521968342,False,13637.0,8012.0,False
2024,22428,50596,2,0.10487953846153844,0.2261904761904762,0.5627058355479877,0.33575515233190556,0.03609861362554123,True,336.0,260.0,False
2024,22595,50298,1,0.05321271887340306,0.4053867403314917,0.6559944862829479,0.34361880012215856,0.036641124869026986,False,1448.0,861.0,False
2024,23979,664641,2,0.07912997634069402,0.058784235136940546,0.7383888805409466,0.3463837198005664,0.06379375670285614,False,2994.0,3170.0,False
2024,23787,66047,2,0.07211193945163748,0.07183673469387755,0.7605555555555555,0.3490818941001635,0.022430284663352895,True,1225.0,1313.0,False
2024,21955,53007,1,0.038826714285714284,0.9496402877697842,0.5699785561115082,0.3807652520902097,0.024498286287790716,False,8340.0,420.0,False
2024,24411,53584,2,0.3763062605042017,0.125,0.025,0.40380626050420165,0.02931884778653729,False,272.0,238.0,False
2024,22163,65058,2,0.0496180347874103,0.7338330393885949,0.7638231718506601,0.42703110084343054,0.01167168049914491,False,6804.0,1811.0,False
2024,23496,61457,2,0.15256180916030537,0.5155325443786982,0.5664532715794752,0.4281503358699264,0.06669300185389304,False,2704.0,1310.0,False
2024,23598,52716,2,0.216667,0.13114754098360656,0.752,0.499539131147541,0.06806270153525895,False,61.0,69.0,False
2024,24253,52065,2,0.47301917355371903,0.35638297872340424,0.05851063829787234,0.5469553437664849,0.0034017200752642085,False,188.0,121.0,False
2024,24179,50294,2,0.6321291428571428,0.06870229007633588,0.020610687022900764,0.6496482268266085,0.03809322976536056,False,262.0,280.0,False
