model,validation_season,dimension,segment,rows,weight,actual_rate,predicted_rate,mean_bias,brier,weighted_excess_vs_fold_reference
constant,2022,game_month,4,41395,0.1672714488911877,0.5335426983935257,0.5431423520563062,0.009599653662780483,0.24896704073492637,-3.2880082254592e-05
constant,2022,game_month,5,44865,0.1812932372147152,0.55056279950964,0.5431423520563062,-0.007420447453333812,0.24749846634615566,-0.0003018789111149868
constant,2022,game_month,6,39951,0.16143644533522986,0.5368826812845736,0.5431423520563062,0.006259670771732617,0.24867885129943115,-7.825738992663015e-05
constant,2022,game_month,7,33468,0.1352395422512446,0.5188538305246803,0.5431423520563062,0.024288521531625973,0.25023446535273897,0.00014482226546023026
constant,2022,game_month,8,36914,0.14916434990625202,0.5183670152245761,0.5431423520563062,0.024775336831730166,0.25027647006686593,0.0001659993547462778
constant,2022,game_month,9,41603,0.16811194801836168,0.516621397495373,0.5431423520563062,0.026520954560933285,0.25042709017612397,0.00021240645893864772
constant,2022,game_month,10,9276,0.03748302838300899,0.5028029322984044,0.5431423520563062,0.040339419757901784,0.2516194123569348,9.205098642613071e-05
constant,2022,count_state,0-0,64084,0.2589545483933536,0.5315991511141627,0.5431423520563063,0.011543200942143672,0.2491347391368551,-7.475709518067996e-06
constant,2022,count_state,0-1,31161,0.12591727548975237,0.5402265652578544,0.5431423520563062,0.002915786798451836,0.24839032526020965,-9.736964901862225e-05
constant,2022,count_state,0-2,15595,0.06301723023210706,0.5218339211285669,0.5431423520563061,0.021308430927739264,0.2499773291167538,5.127845434186117e-05
constant,2022,count_state,1-0,25393,0.10260958815542769,0.5280195329421494,0.5431423520563062,0.015122819114156805,0.24944360543166333,2.8730426655463114e-05
constant,2022,count_state,1-1,25225,0.10193072347578716,0.5361744301288405,0.5431423520563061,0.006967921927465648,0.2487399625408409,-4.318248267784711e-05
constant,2022,count_state,1-2,23740,0.09593004461110752,0.5291491154170177,0.5431423520563062,0.013993236639288531,0.24934613974204853,1.7510283307023156e-05
constant,2022,count_state,2-0,8700,0.03515549233852719,0.5264367816091954,0.5431423520563062,0.01670557044711085,0.2495801726621111,1.4644537674436269e-05
constant,2022,count_state,2-1,13114,0.052991853623844315,0.5273753240811346,0.5431423520563062,0.0157670279751716,0.24949919080262273,1.7783157599777286e-05
constant,2022,count_state,2-2,20240,0.08178703045192992,0.5267786561264822,0.5431423520563062,0.016363695929824007,0.24955067412054338,3.165699297798316e-05
constant,2022,count_state,3-0,2809,0.011350779078037112,0.5062299750800997,0.5431423520563063,0.03691237697620664,0.25132371098453493,2.4518852372555497e-05
constant,2022,count_state,3-1,5605,0.02264902696062585,0.5095450490633363,0.5431423520563062,0.033597302992969924,0.25103767080677997,4.244570025242758e-05
constant,2022,count_state,3-2,11806,0.04770640718950023,0.5016940538709131,0.5431423520563062,0.041448298185393084,0.2517150916039478,0.00012172211830806676
constant,2022,pitcher_n_bucket,0,88,0.00035559578457360834,0.5454545454545454,0.5431423520563062,-0.002312193398239182,0.24793923053583156,-4.353834458974346e-07
constant,2022,pitcher_n_bucket,1-10,864,0.0034913040667227,0.5717592592592593,0.5431423520563063,-0.028616907202952957,0.24566953608842487,-1.2198867286896426e-05
constant,2022,pitcher_n_bucket,1001+,187283,0.7567846059352169,0.5201379730141017,0.543142352056306,0.023004379042204315,0.25012366349800075,0.0007265552623533689
constant,2022,pitcher_n_bucket,11-50,3122,0.012615568629986423,0.5598975016015375,0.5431423520563062,-0.016755149545231274,0.2466930243381769,-3.116781706466999e-05
constant,2022,pitcher_n_bucket,201-1000,45627,0.18437237344022758,0.55359765051395,0.5431423520563062,-0.010455298457643813,0.2472366051252229,-0.00035528608375199185
constant,2022,pitcher_n_bucket,51-200,10488,0.04238055214327278,0.5655034324942791,0.5431423520563062,-0.022361080437972913,0.24620931824982092,-0.00012520442852888332
constant,2022,batter_n_bucket,0,88,0.00035559578457360834,0.6590909090909091,0.5431423520563062,-0.11594855703460283,0.23813415052303472,-3.9220285658549324e-06
constant,2022,batter_n_bucket,1-10,842,0.0034024051205792977,0.6413301662707839,0.5431423520563062,-0.09818781421447764,0.23966663096208943,-3.2312563121175515e-05
constant,2022,batter_n_bucket,1001+,191269,0.7728914786319261,0.5142077388390173,0.543142352056306,0.02893461321728874,0.2506353519991164,0.0011374984371322683
constant,2022,batter_n_bucket,11-50,3199,0.01292671494148833,0.6348859018443264,0.5431423520563062,-0.09174354978802013,0.24022267241134976,-0.00011557692497080536
constant,2022,batter_n_bucket,201-1000,42269,0.17080316156979375,0.5675317608649365,0.5431423520563062,-0.024389408808630275,0.24603430453651562,-0.0005344949159060093
constant,2022,batter_n_bucket,51-200,9805,0.03962064395163897,0.6040795512493625,0.5431423520563062,-0.06093719919305629,0.2428807892572256,-0.00024892932229337894
constant,2022,li_bucket,0.5-1,77154,0.3117686041249111,0.530808512844441,0.5431423520563062,0.01233383921186526,0.24920295912601806,1.2268462364611953e-05
constant,2022,li_bucket,1-2,66369,0.2681879162087024,0.5351293525591767,0.5431423520563062,0.008012999497129525,0.24883013674971416,-8.94329453337906e-05
constant,2022,li_bucket,2+,26079,0.10538161893062649,0.5271674527397523,0.5431423520563062,0.015974899316553937,0.24951712691980743,3.725440174862275e-05
constant,2022,li_bucket,<=0.5,77870,0.31466186073576,0.5223449338641325,0.5431423520563062,0.020797418192173733,0.24993323653406777,0.00024217276349562179
constant,2022,score_bucket,four_plus,56644,0.22889054115213034,0.5236918296730457,0.5431423520563062,0.019450522383260505,0.24981702002772518,0.00014955984490779036
constant,2022,score_bucket,one_run,56159,0.22693072347578716,0.5345002581954806,0.5431423520563063,0.008642093860825706,0.24888441797074454,-6.335678314490593e-05
constant,2022,score_bucket,tie,66107,0.2671292105773582,0.5274781793153523,0.5431423520563062,0.015664172740953886,0.24949031596917187,8.72732562332642e-05
constant,2022,score_bucket,two_three,68562,0.2770495247947243,0.5300603833027041,0.5431423520563062,0.013081968753602125,0.24926751126216476,2.8786364278924288e-05
constant,2022,pitcher_history_missing,available,244531,0.9881158272451025,0.528603735313723,0.5431423520563059,0.014538616742582944,0.2493931977028902,0.000226861272238717
constant,2022,pitcher_history_missing,missing,2941,0.011884172754897523,0.555253315198912,0.5431423520563063,-0.012110963142605624,0.24709374658777125,-2.459858996370005e-05
constant,2022,pitcher_seen_before,new,38950,0.15739154328570504,0.5438767650834403,0.5431423520563062,-0.0007344130271340621,0.24807536884830708,-0.0001712796311003595
constant,2022,pitcher_seen_before,seen,208522,0.842608456714295,0.526126739624596,0.5431423520563059,0.017015612431709903,0.24960692454301484,0.00037354231337546233
constant,2022,batter_seen_before,new,27278,0.11022661149544191,0.5533030280812377,0.5431423520563062,-0.010160676024931425,0.24726202653465443,-0.000209604875490799
constant,2022,batter_seen_before,seen,220194,0.8897733885045581,0.5258998882803346,0.543142352056306,0.017242463775971384,0.2496264983441319,0.0004118675577658248
constant,2022,pitcher_hand,1,62216,0.2514062196935411,0.5157837212292657,0.5431423520563063,0.027358630827040598,0.25049936882488716,0.00033581859289467296
constant,2022,pitcher_hand,2,185256,0.748593780306459,0.5333322537461674,0.543142352056306,0.00981009831013857,0.24898519888905574,-0.00013355591061961592
constant,2022,batter_hand,1,124834,0.5044368655847934,0.5255058717977474,0.5431423520563063,0.017636480258558906,0.24966049593974748,0.00025064862195043567
constant,2022,batter_hand,2,122638,0.49556313441520655,0.5323961577977462,0.5431423520563062,0.010746194258560049,0.2490659696509863,-4.838593967535769e-05
constant,2022,pitcher_team_id,12,25163,0.1016801900821103,0.5205261693756706,0.5431423520563062,0.022616182680635588,0.2500901680898052,9.421281151191489e-05
constant,2022,pitcher_team_id,13,35983,0.14540230813991079,0.5759108467887614,0.5431423520563062,-0.03276849473245513,0.24531131758684419,-0.0005601319098931527
constant,2022,pitcher_team_id,14,24085,0.0973241417210836,0.5374714552626115,0.5431423520563062,0.005670896793694702,0.24862804911094688,-5.2122803993994414e-05
constant,2022,pitcher_team_id,15,22765,0.09199020495247948,0.5184713375796178,0.5431423520563062,0.024671014476688402,0.2502674686433288,0.00010154437175667536
constant,2022,pitcher_team_id,16,22697,0.0917154263916726,0.5147816892100278,0.5431423520563062,0.028360662846278473,0.2505858288611785,0.0001304395976292464
constant,2022,pitcher_team_id,17,25005,0.10104173401435314,0.5212157568486303,0.5431423520563062,0.021926595207675925,0.2500306672387411,8.760917439931962e-05
constant,2022,pitcher_team_id,18,23092,0.0933115665610655,0.5318725099601593,0.5431423520563062,0.011269842096146898,0.2491111524497117,-4.894704563416096e-06
constant,2022,pitcher_team_id,19,22838,0.09228518781922804,0.5006130133987214,0.5431423520563062,0.04252933865758479,0.25180836886122454,0.0002440722577687649
constant,2022,pitcher_team_id,20,21199,0.08566221633154458,0.5157318741450069,0.5431423520563062,0.027410477911299358,0.25050384243521157,0.00011480745672228339
constant,2022,pitcher_team_id,21,23979,0.09689581043511994,0.521247758455315,0.5431423520563062,0.02189459360099122,0.2500279059895772,8.374685935873231e-05
constant,2022,pitcher_team_id,23,666,0.002691213551432081,0.6906906906906907,0.5431423520563061,-0.14754833863438455,0.23540757271767435,-3.7020428421312784e-05
constant,2022,batter_team_id,12,23500,0.09496023792590677,0.5279148936170213,0.5431423520563062,0.015227458439284969,0.2494526342048706,2.7446002278641042e-05
constant,2022,batter_team_id,13,37271,0.15060693735048813,0.5639773550481608,0.5431423520563062,-0.02083500299185459,0.24634099539071225,-0.00042510503232736935
constant,2022,batter_team_id,14,24752,0.10001939613370402,0.5248868778280543,0.5431423520563061,0.0182554742282518,0.24971390565126994,5.504044414268935e-05
constant,2022,batter_team_id,15,21626,0.08738766405896424,0.524738740405068,0.5431423520563062,0.018403611651238272,0.2497266876449803,4.9206219544802744e-05
constant,2022,batter_team_id,16,23154,0.09356209995474235,0.5181826034378509,0.5431423520563062,0.02495974861845529,0.25029238198331843,0.00010561046927580944
constant,2022,batter_team_id,17,24518,0.09907383461563328,0.529039889061098,0.5431423520563062,0.014102462995208231,0.2493555643058504,1.9017852617368758e-05
constant,2022,batter_team_id,18,22393,0.09048700459041831,0.521502255169026,0.5431423520563062,0.02164009688728019,0.250005946815937,7.622072116157195e-05
constant,2022,batter_team_id,19,22302,0.09011928622227969,0.5062774639045825,0.5431423520563062,0.03686488815172373,0.2513196134253658,0.00019429767486278085
constant,2022,batter_team_id,20,23128,0.0934570375638456,0.5169923901764095,0.5431423520563062,0.02614996187989671,0.2503950791824127,0.00011508965357015639
constant,2022,batter_team_id,21,24017,0.09704936316027672,0.5275013532081443,0.5431423520563062,0.015640998848161947,0.24948831641668914,3.151275026191095e-05
constant,2022,batter_team_id,23,811,0.0032771384237408677,0.6942046855733662,0.5431423520563062,-0.15106233351706,0.2351043687089695,-4.607407311329204e-05
constant,2023,game_month,4,41288,0.16816210161897974,0.4866547180778919,0.5395365039034486,0.05288178582555675,0.2526183867225196,0.00044031372165981286
constant,2023,game_month,5,39576,0.16118928825985135,0.49676571659591673,0.5395365039034486,0.04277078730753192,0.2518188796577682,0.000293184212263175
constant,2023,game_month,6,42446,0.17287852560839018,0.5028271215191066,0.5395365039034486,0.03670938238434207,0.25133958613895613,0.00023158599280367315
constant,2023,game_month,7,28611,0.11652988494043376,0.5042116668414246,0.5395365039034485,0.03532483706202394,0.2512301059758755,0.00014334432095344446
constant,2023,game_month,8,38825,0.15813053660523368,0.5046490663232454,0.5395365039034486,0.034887437580203295,0.2511955194832347,0.00018904842660899413
constant,2023,game_month,9,37141,0.15127176458609104,0.5019250962548127,0.5395365039034486,0.03761140764863591,0.25141091198972165,0.00021343142302001773
constant,2023,game_month,10,17638,0.07183789838102027,0.5099784556072117,0.5395365039034486,0.029558048296236983,0.25077410864277766,5.561046939921826e-05
constant,2023,count_state,0-0,63138,0.25715507585785563,0.5028508980328804,0.5395365039034486,0.03668560587056824,0.2513377060584968,0.0003439983732561538
constant,2023,count_state,0-1,30327,0.12351898991956013,0.5120519668941867,0.5395365039034486,0.0274845370092619,0.250610149868595,7.536532137083152e-05
constant,2023,count_state,0-2,14526,0.059163018022604624,0.5017898939832025,0.5395365039034486,0.037746609920246144,0.25142160284000015,8.410642264646223e-05
constant,2023,count_state,1-0,25591,0.10422971184197129,0.49658082919776486,0.5395365039034485,0.04295567470568368,0.2518334992604457,0.00019110529020321458
constant,2023,count_state,1-1,25293,0.103015986152123,0.5050804570434507,0.5395365039034486,0.034456046859997924,0.25116140812144805,0.0001196437913607805
constant,2023,count_state,1-2,23456,0.09553405966805824,0.504305934515689,0.5395365039034486,0.0352305693877597,0.25122265194733234,0.00011680507881083342
constant,2023,count_state,2-0,8774,0.03573566846553304,0.49213585593799863,0.5395365039034486,0.047400647965450016,0.25218497666571665,7.808166708751979e-05
constant,2023,count_state,2-1,13479,0.054898686488137664,0.49692113658283255,0.5395365039034486,0.042615367320616104,0.25180659013192946,9.917952566892077e-05
constant,2023,count_state,2-2,20380,0.08300580388962428,0.49730127576054955,0.5395365039034486,0.042235228142899095,0.2517765313837622,0.0001474625674526674
constant,2023,count_state,3-0,2858,0.011640362488544954,0.48775367389783064,0.5395365039034488,0.05178283000561812,0.2525314889803901,2.946747065641953e-05
constant,2023,count_state,3-1,5807,0.02365135933204358,0.4802824177716549,0.5395365039034488,0.05925408613179384,0.2531222636743825,7.384582334790024e-05
constant,2023,count_state,3-2,11896,0.04845127787394359,0.4656186953597848,0.5395365039034486,0.07391780854366387,0.2542817683111345,0.00020745723484659717
constant,2023,pitcher_n_bucket,0,63,0.0002565930149679259,0.42857142857142855,0.5395365039034486,0.1109650753320201,0.25721120712711426,1.8503458475843897e-06
constant,2023,pitcher_n_bucket,1-10,624,0.0025414927196823135,0.4951923076923077,0.5395365039034486,0.04434419621114094,0.25194329383228675,4.938871775066458e-06
constant,2023,pitcher_n_bucket,1001+,200385,0.8161490683229814,0.5045587244554233,0.5395365039034486,0.03497777944802538,0.2512026630864543,0.000981553850161532
constant,2023,pitcher_n_bucket,11-50,2504,0.010198554118725181,0.46565495207667734,0.5395365039034488,0.07388155182677142,0.2542789013834766,4.363862598008965e-05
constant,2023,pitcher_n_bucket,201-1000,33667,0.1371224926178597,0.4840051088603083,0.5395365039034486,0.055531395043140364,0.25282789929286675,0.00038776885069188556
constant,2023,pitcher_n_bucket,51-200,8282,0.03373179920578352,0.46474281574498916,0.5395365039034486,0.07479368815845949,0.25435102674675314,0.00014676802225216113
constant,2023,batter_n_bucket,0,71,0.00028917625496385297,0.5070422535211268,0.5395365039034486,0.0324942503823219,0.25100628297325317,2.9099367051029326e-07
constant,2023,batter_n_bucket,1-10,662,0.002696263109662967,0.4697885196374622,0.5395365039034486,0.06974798426598644,0.2539520477634723,1.0655765523440276e-05
constant,2023,batter_n_bucket,1001+,204856,0.8343590265757052,0.5017768578904206,0.5395365039034486,0.03775964601302806,0.25142263364306644,0.0011869887475521718
constant,2023,batter_n_bucket,11-50,2427,0.009884940433764382,0.4672435105067985,0.5395365039034486,0.07229299339665013,0.25415328929032993,4.105503531755418e-05
constant,2023,batter_n_bucket,201-1000,29727,0.1210752469198656,0.49550913311131295,0.5395365039034486,0.0440273707921357,0.2519182414934563,0.0002322517839052502
constant,2023,batter_n_bucket,51-200,7782,0.03169534670603808,0.4817527627859162,0.5395365039034486,0.05778374111753243,0.253005999071591,9.52762407393518e-05
constant,2023,li_bucket,0.5-1,74489,0.30338662050707665,0.5018593349353596,0.5395365039034486,0.037677168968089036,0.2514161119350481,0.0004296299690941985
constant,2023,li_bucket,1-2,67102,0.2733000712758375,0.5049476915740216,0.5395365039034486,0.03458881232942701,0.25117190628644875,0.0003202825714503316
constant,2023,li_bucket,2+,26675,0.10864474086141941,0.498369259606373,0.5395365039034486,0.041167244297075634,0.25169208268878374,0.00018383608393809117
constant,2023,li_bucket,<=0.5,77259,0.31466856735566645,0.4943372293195615,0.5395365039034486,0.04519927458388717,0.25201090745113036,0.0006327699422256666
constant,2023,score_bucket,four_plus,56057,0.22831483555646065,0.4893055283015502,0.5395365039034486,0.05023097560189843,0.2524087791850096,0.0005499604410796067
constant,2023,score_bucket,one_run,54981,0.22393238977700844,0.5007548062057802,0.5395365039034486,0.03878169769766848,0.25150345034390514,0.0003366716379690572
constant,2023,score_bucket,tie,66328,0.27014764280623155,0.5074176818236642,0.5395365039034486,0.03211882207978445,0.2509765967281557,0.0002638257981533858
constant,2023,score_bucket,two_three,68159,0.27760513186029934,0.5008142725098667,0.5395365039034486,0.038722231393581996,0.25149874816437784,0.00041606068950625125
constant,2023,pitcher_history_missing,available,242803,0.9889135525913858,0.5000720748919907,0.5395365039034488,0.03946442901145808,0.25155743596241037,0.0015401713391331845
constant,2023,pitcher_history_missing,missing,2722,0.011086447408614194,0.48971344599559147,0.5395365039034486,0.04982305790785718,0.25237652390600407,2.634722757510173e-05
constant,2023,pitcher_seen_before,new,33878,0.13798187557275227,0.49864218666981525,0.5395365039034486,0.040894317233633404,0.25167050152496545,0.00023049918591530467
constant,2023,pitcher_seen_before,seen,211647,0.8620181244272478,0.5001677321199922,0.5395365039034488,0.039368771783456546,0.2515498720576739,0.0013360193807930379
constant,2023,batter_seen_before,new,23091,0.09404744934324406,0.4936122298731107,0.5395365039034486,0.04592427403033794,0.25206823533801964,0.00019451243018458317
constant,2023,batter_seen_before,seen,222434,0.905952550656756,0.5006159130348777,0.5395365039034488,0.038920590868571026,0.2515144330446922,0.0013720061365237156
constant,2023,pitcher_hand,1,69113,0.2814906832298137,0.4878532258764632,0.5395365039034486,0.05168327802698547,0.25252361710600657,0.0007103752181952335
constant,2023,pitcher_hand,2,176412,0.7185093167701864,0.5046992268099676,0.5395365039034486,0.034837277093481056,0.25119155314267655,0.0008561433485131321
constant,2023,batter_hand,1,118462,0.4824844720496894,0.501798044942682,0.5395365039034486,0.03773845896076666,0.2514209583191176,0.0006855912068142408
constant,2023,batter_hand,2,127063,0.5175155279503105,0.49824103004021625,0.5395365039034486,0.0412954738632324,0.25170222218626953,0.0008809273598940687
constant,2023,pitcher_team_id,12,24435,0.09952143366255982,0.5185185185185185,0.5395365039034486,0.02101798538493016,0.25009882018152046,9.834908153290242e-06
constant,2023,pitcher_team_id,13,34583,0.14085327359739333,0.5214990024000231,0.5395365039034486,0.018037501503425535,0.24986314435628995,-1.9276307821943895e-05
constant,2023,pitcher_team_id,14,23769,0.09680887893289888,0.480163237830788,0.5395365039034486,0.059373266072660635,0.2531316875907771,0.00030317534188382066
constant,2023,pitcher_team_id,15,23112,0.09413298034823338,0.5146244375216338,0.5395365039034486,0.024912066381814868,0.25040673687858783,3.828752675771051e-05
constant,2023,pitcher_team_id,16,22547,0.09183178902352103,0.4845877500332639,0.5395365039034486,0.054948753870184774,0.25278182810284905,0.0002554604193906142
constant,2023,pitcher_team_id,17,24198,0.09855615517768047,0.4805355814530127,0.5395365039034486,0.05900092245043598,0.2531022452606301,0.00030574554555407436
constant,2023,pitcher_team_id,18,22842,0.09303329599837083,0.5292443743980387,0.5395365039034486,0.01029212950540992,0.24925069449582352,-6.971019061575878e-05
constant,2023,pitcher_team_id,19,22705,0.09247530801344059,0.48161197974014536,0.5395365039034486,0.05792452416330329,0.2530171312104683,0.0002790103071320252
constant,2023,pitcher_team_id,20,21239,0.08650442928418695,0.49672771787748954,0.5395365039034486,0.04280878602595911,0.2518218843307271,0.0001576012224582844
constant,2023,pitcher_team_id,21,24914,0.10147235515731595,0.4816970378100666,0.5395365039034486,0.05783946609338203,0.2530104054130414,0.00030547311282123717
constant,2023,pitcher_team_id,23,1181,0.004810100804398737,0.5173581710414903,0.5395365039034486,0.02217833286195836,0.25019057234663017,9.166809949587025e-07
constant,2023,batter_team_id,12,24163,0.0984136035026983,0.4996068368993916,0.5395365039034486,0.039929667004057035,0.25159422372983126,0.00015689348202968775
constant,2023,batter_team_id,13,35157,0.1431911210671011,0.5137525955001849,0.5395365039034486,0.025783908403263722,0.25047567604955623,6.8112848681283e-05
constant,2023,batter_team_id,14,23947,0.09753385602280827,0.48715914310769615,0.5395365039034486,0.0523773607957525,0.25257850031819984,0.00025149125716859025
constant,2023,batter_team_id,15,22780,0.0927807758884024,0.4982001755926251,0.5395365039034486,0.04133632831082357,0.25170545267032285,0.00015823339167917117
constant,2023,batter_team_id,16,22529,0.09175847673353019,0.5023303297971503,0.5395365039034486,0.03720617410629834,0.2513788689546647,0.0001265230827111878
constant,2023,batter_team_id,17,24225,0.09866612361266673,0.5043550051599587,0.5395365039034486,0.03518149874348997,0.25121877178389496,0.0001202516679347228
constant,2023,batter_team_id,18,22287,0.0907728337236534,0.5051823933234622,0.5395365039034486,0.0343541105799865,0.25115334771318293,0.00010469280620767753
constant,2023,batter_team_id,19,22516,0.09170552896853681,0.4927607034997335,0.5395365039034486,0.04677580040371515,0.2521355680895895,0.00019584356902329383
constant,2023,batter_team_id,20,23033,0.09381122085327359,0.5007597794468805,0.5395365039034486,0.0387767244565681,0.2515030570947727,0.0001410037926430415
constant,2023,batter_team_id,21,23682,0.09645453619794318,0.48961236382062323,0.5395365039034486,0.04992414008282542,0.25238451677761453,0.00022999763624559016
constant,2023,batter_team_id,23,1206,0.00491192342938601,0.48507462686567165,0.5395365039034486,0.054461877037776996,0.252743329287279,1.3475032384065492e-05
constant,2024,game_month,3,12361,0.04875999479304319,0.5026292371167381,0.5315815109059132,0.028952273789175087,0.25083132126974733,4.9949471117920086e-05
constant,2024,game_month,4,42588,0.16799536107484211,0.49213393444162673,0.5315815109059132,0.03944757646428648,0.2514942363015371,0.000283460176215158
constant,2024,game_month,5,44078,0.17387291080719663,0.4878851127546622,0.5315815109059132,0.04369639815125104,0.25176260471842543,0.00034003941979138903
constant,2024,game_month,6,44514,0.17559278442015408,0.48757694208563596,0.5315815109059132,0.04400456882027726,0.25178206970911493,0.0003468208506269333
constant,2024,game_month,7,33070,0.13045004674427135,0.47989114000604777,0.5315815109059132,0.051690370899865445,0.2522675281935093,0.00032098557243931544
constant,2024,game_month,8,41920,0.16536032535590733,0.4841125954198473,0.5315815109059132,0.04746891548606591,0.25200088831312983,0.0003627941967750421
constant,2024,game_month,9,33305,0.13137704284299842,0.47566431466746734,0.5315815109059132,0.055917196238445876,0.25253450725456483,0.0003583414599141568
constant,2024,game_month,10,1671,0.00659153396158686,0.5050867743865949,0.5315815109059133,0.02649473651931844,0.250676095789568,5.729157197929181e-06
constant,2024,count_state,0-0,65317,0.25765363481087306,0.4862899398318967,0.5315815109059132,0.04529157107401649,0.25186336066053966,0.0005298476700499337
constant,2024,count_state,0-1,31402,0.12387034677543421,0.5010508884784408,0.5315815109059132,0.030530622427472398,0.2509310145392148,0.00013924114341523825
constant,2024,count_state,0-2,16155,0.06372605095717278,0.49229340761374185,0.5315815109059133,0.03928810329217147,0.2514841634940884,0.00010688367378845015
constant,2024,count_state,1-0,26438,0.10428903343891885,0.4799152734700053,0.5315815109059132,0.051666237435907925,0.252266003850999,0.0002564547733070537
constant,2024,count_state,1-1,25313,0.09985128615777868,0.4862323707186031,0.5315815109059132,0.04534914018731012,0.2518669968996983,0.00020570065334483712
constant,2024,count_state,1-2,24399,0.09624586303336792,0.497807287183901,0.5315815109059133,0.03377422372201233,0.25113589019853066,0.00012790723339031984
constant,2024,count_state,2-0,9392,0.037048286635083055,0.47327512776831343,0.5315815109059132,0.05830638313759978,0.25268541551878865,0.00010664307673046617
constant,2024,count_state,2-1,13446,0.05303995550418726,0.47411869701026327,0.5315815109059132,0.057462813895649945,0.25263213313635957,0.00014984882066262329
constant,2024,count_state,2-2,20640,0.0814178701179849,0.49064922480620154,0.5315815109059132,0.04093228609971167,0.2515880150486237,0.00014501241521334556
constant,2024,count_state,3-0,3214,0.012678150899186216,0.4819539514623522,0.5315815109059132,0.04962755944356101,0.2521372347885011,2.9543996867644396e-05
constant,2024,count_state,3-1,6020,0.023746878784412263,0.4591362126245847,0.5315815109059133,0.07244529828132862,0.25357847212440754,8.95624306747733e-05
constant,2024,count_state,3-2,11771,0.04643264288560079,0.45697052077138733,0.5315815109059132,0.07461099013452588,0.2537152637661687,0.00018147441663315242
constant,2024,pitcher_n_bucket,0,81,0.00031951780424209193,0.4074074074074074,0.5315815109059132,0.12417410349850583,0.2568458197766398,2.2490516419980365e-06
constant,2024,pitcher_n_bucket,1-10,814,0.003210956699420529,0.4398034398034398,0.5315815109059132,0.09177807110247344,0.2547995884757926,1.6031220594578282e-05
constant,2024,pitcher_n_bucket,1001+,194773,0.7683140899462342,0.49117177432190295,0.531581510905913,0.040409736584010036,0.25155500924216573,0.001343076403903957
constant,2024,pitcher_n_bucket,11-50,3165,0.012484862350941,0.46161137440758293,0.5315815109059132,0.06997013649833028,0.2534221334267202,4.513535764430769e-05
constant,2024,pitcher_n_bucket,201-1000,44121,0.17404253136994244,0.4715214976995082,0.5315815109059132,0.06006001320640503,0.2527961800930744,0.0005202572175533379
constant,2024,pitcher_n_bucket,51-200,10553,0.041628041829219704,0.46508101961527526,0.5315815109059132,0.06650049129063795,0.2532029801507874,0.00014137105273967168
constant,2024,batter_n_bucket,0,88,0.0003471304539914085,0.5,0.5315815109059132,0.03158151090591321,0.2509973918311003,4.1324668170695694e-07
constant,2024,batter_n_bucket,1-10,862,0.0034003005834158427,0.46403712296983757,0.5315815109059132,0.06754438793607564,0.25326891581737254,1.1771803422484958e-05
constant,2024,batter_n_bucket,1001+,210244,0.8293419905564738,0.4888462928787504,0.5315815109059129,0.04273521802716246,0.2517018936772826,0.001571575637881659
constant,2024,batter_n_bucket,11-50,2933,0.01156970024496365,0.47528128196385955,0.5315815109059133,0.056300228942053776,0.25255870075757747,3.183720033101879e-05
constant,2024,batter_n_bucket,201-1000,31539,0.12441076577767084,0.47725038840800277,0.5315815109059132,0.054331122497910445,0.2524343260442962,0.0003268767573626071
constant,2024,batter_n_bucket,51-200,7841,0.03093011238348448,0.45453386047697997,0.5315815109059131,0.07704765042893313,0.25386917059349234,0.0001256456583983832
constant,2024,li_bucket,0.5-1,76851,0.303151392269247,0.488308545106765,0.5315815109059132,0.04327296579914819,0.25173585945153376,0.0005847586320058546
constant,2024,li_bucket,1-2,64984,0.2563400616156556,0.4931521605318232,0.5315815109059132,0.03842935037409001,0.25142992206479264,0.00041603871725583586
constant,2024,li_bucket,2+,24599,0.09703479588334839,0.48607666978332453,0.5315815109059132,0.04550484112258868,0.2518768314412695,0.00020085277855665
constant,2024,li_bucket,<=0.5,87073,0.34347375023174903,0.47890850206148866,0.5315815109059132,0.05267300884442455,0.2523295945754346,0.0008664701762594938
constant,2024,score_bucket,four_plus,67770,0.2673298962158836,0.4796665191087502,0.5315815109059132,0.051914991797163024,0.2522817159281447,0.0006615851323349823
constant,2024,score_bucket,one_run,52123,0.20560773469766122,0.4885175450376993,0.5315815109059132,0.04306396586821393,0.2517226583843374,0.00039388924022909684
constant,2024,score_bucket,tie,61537,0.24274280394624212,0.49514925979492014,0.5315815109059132,0.036432251110993075,0.2513037792404773,0.000363350168984645
constant,2024,score_bucket,two_three,72077,0.2843195651402131,0.48269212092623165,0.5315815109059132,0.04888938997968156,0.2520906097745532,0.0006492957625291033
constant,2024,pitcher_history_missing,available,249869,0.9856493114588551,0.48645490236884126,0.5315815109059129,0.04512660853707162,0.2518529411282205,0.0020166526564373744
constant,2024,pitcher_history_missing,missing,3638,0.01435068854114482,0.46206706981858164,0.5315815109059132,0.06951444108733157,0.25339335032753574,5.1467647640421564e-05
constant,2024,pitcher_seen_before,new,50348,0.1986059556540845,0.48993008659728293,0.5315815109059132,0.04165142430863028,0.25163343799099935,0.0003627560091834716
constant,2024,pitcher_seen_before,seen,203159,0.8013940443459155,0.4851569460373402,0.5315815109059129,0.04642456486857266,0.2519349239722979,0.001705364294894332
constant,2024,batter_seen_before,new,23588,0.09304674032669709,0.4735882652196032,0.5315815109059132,0.057993245686310035,0.2526656368111227,0.0002659936520950006
constant,2024,batter_seen_before,seen,229919,0.9069532596733029,0.4873890370086857,0.5315815109059129,0.04419247389722719,0.2517939383615888,0.0018021266519827946
constant,2024,pitcher_hand,1,71830,0.2833452330704872,0.48440762912432134,0.5315815109059132,0.047173881781591875,0.2519822530928189,0.0006163683476870529
constant,2024,pitcher_hand,2,181677,0.7166547669295128,0.48677598154967333,0.531581510905913,0.04480552935623966,0.2518326607969183,0.0014517519563907726
constant,2024,batter_hand,1,119761,0.4724169352325577,0.4868696821168828,0.5315815109059132,0.044711828789030406,0.2518267423859478,0.0009541951092625136
constant,2024,batter_hand,2,133746,0.5275830647674423,0.48542012471401014,0.5315815109059132,0.046161386191903075,0.251918300811803,0.0011139251948152863
constant,2024,pitcher_team_id,12,25413,0.10024575258276892,0.47884940778341795,0.5315815109059132,0.052732103122495266,0.25233332714860934,0.000253260908603535
constant,2024,pitcher_team_id,13,37232,0.14686773935236502,0.5001074344649764,0.5315815109059132,0.031474076440936805,0.2509906059456457,0.00017384428658597567
constant,2024,pitcher_team_id,14,24081,0.09499145980189896,0.4747311158174494,0.5315815109059132,0.05685039508846379,0.2525934509138833,0.00026469599745574063
constant,2024,pitcher_team_id,15,23302,0.09191856635122501,0.4995708522873573,0.5315815109059132,0.0320106586185559,0.25102449809743443,0.00011191741206256127
constant,2024,pitcher_team_id,16,23457,0.09252998930995988,0.4726947179946285,0.5315815109059132,0.058886792911284735,0.2527220759539837,0.00026973872405345976
constant,2024,pitcher_team_id,17,24919,0.09829708844331715,0.4820418154821622,0.5315815109059132,0.04953969542375103,0.25213168503150135,0.00022851696973883384
constant,2024,pitcher_team_id,18,22809,0.08997384687602315,0.4979174887105967,0.5315815109059132,0.0336640221953165,0.2511289295370962,0.00011894567572512898
constant,2024,pitcher_team_id,19,23104,0.09113752282974434,0.48273026315789475,0.5315815109059132,0.04885124774801847,0.25208820059594267,0.00020790964659685914
constant,2024,pitcher_team_id,20,22740,0.08970166504277989,0.4900175901495163,0.5315815109059132,0.04156392075639692,0.251627911002221,0.0001633453188320107
constant,2024,pitcher_team_id,21,25180,0.09932664581254166,0.4780381254964257,0.5315815109059132,0.0535433854094875,0.25238457018939814,0.00025602867626189354
constant,2024,pitcher_team_id,23,978,0.0038578816364045173,0.4652351738241309,0.5315815109059131,0.06634633708178223,0.2531932433051311,1.3064008426905657e-05
constant,2024,pitcher_team_id,25,292,0.0011518419609714919,0.4246575342465753,0.5315815109059132,0.1069239766593379,0.2557562496388407,6.852679734916168e-06
constant,2024,batter_team_id,12,24304,0.09587111992962719,0.4833772218564845,0.5315815109059132,0.048204289049428695,0.2520473367295524,0.00021479061319042814
constant,2024,batter_team_id,13,37546,0.14810636392683438,0.5017578437117136,0.5315815109059132,0.0298236671941996,0.25088636111039564,0.0001598710972105435
constant,2024,batter_team_id,14,24232,0.09558710410363422,0.47808682733575436,0.5315815109059132,0.05349468357015885,0.2523814940340584,0.00024609543035425857
constant,2024,batter_team_id,15,23125,0.0912203607789923,0.491545945945946,0.5315815109059132,0.04003556495996724,0.25153137543171494,0.00015730483027169296
constant,2024,batter_team_id,16,23190,0.09147676395523595,0.48253557567917205,0.5315815109059132,0.049045935226741166,0.25210049764540776,0.0002098084427928727
constant,2024,batter_team_id,17,24723,0.09752393425033629,0.4792703150912106,0.5315815109059132,0.052311195814702616,0.2523067413711465,0.0002437917560887306
constant,2024,batter_team_id,18,22669,0.08942159388103682,0.4785830870351582,0.5315815109059132,0.05299842387075504,0.25235014877184064,0.00022741896617935154
constant,2024,batter_team_id,19,23805,0.0939027324689259,0.49363579080025205,0.5315815109059132,0.03794572010566116,0.251399374515599,0.0001495351958663736
constant,2024,batter_team_id,20,23905,0.09429719889391615,0.48128006693160424,0.5315815109059132,0.05030144397430897,0.25217979937181534,0.00022375524092916194
constant,2024,batter_team_id,21,24542,0.09680995002110396,0.4822345367125744,0.5315815109059132,0.04934697419333883,0.25211951217622114,0.00022388127887485801
constant,2024,batter_team_id,23,1174,0.004631035829385382,0.48722316865417375,0.5315815109059133,0.04435834225173957,0.2518044151080828,9.250440123626366e-06
constant,2024,batter_team_id,25,292,0.0011518419609714919,0.4828767123287671,0.5315815109059132,0.0487047985771461,0.2520789504237686,2.617012195948599e-06
histgb,2022,game_month,4,41395,0.1672714488911877,0.5335426983935257,0.5345529251854454,0.001010226791919644,0.24147522837390425,-0.001286046390703671
histgb,2022,game_month,5,44865,0.1812932372147152,0.55056279950964,0.5332485260770435,-0.017314273432596505,0.24198292657999074,-0.001301808970309519
histgb,2022,game_month,6,39951,0.16143644533522986,0.5368826812845736,0.5318796998301698,-0.00500298145440381,0.24388515872715094,-0.0008521340788254419
histgb,2022,game_month,7,33468,0.1352395422512446,0.5188538305246803,0.5316419124757883,0.012788081951108032,0.24460105378715644,-0.0006170377359820184
histgb,2022,game_month,8,36914,0.14916434990625202,0.5183670152245761,0.5232253447282823,0.004858329503706238,0.2462914110168685,-0.00042842938778461597
histgb,2022,game_month,9,41603,0.16811194801836168,0.516621397495373,0.5353445801187768,0.01872318262340389,0.2442137265099106,-0.0008321342107349901
histgb,2022,game_month,10,9276,0.03748302838300899,0.5028029322984044,0.5152893128410988,0.012486380542694353,0.2444987718896042,-0.00017485218231602464
histgb,2022,count_state,0-0,64084,0.2589545483933536,0.5315991511141627,0.5349952505391724,0.0033960994250097354,0.24372204577794196,-0.0014091172738671257
histgb,2022,count_state,0-1,31161,0.12591727548975237,0.5402265652578544,0.5345703083283635,-0.005656256929490899,0.24368578888528739,-0.0006897520517912706
histgb,2022,count_state,0-2,15595,0.06301723023210706,0.5218339211285669,0.5288913025322765,0.007057381403709595,0.24555580058503237,-0.00022735402711945816
histgb,2022,count_state,1-0,25393,0.10260958815542769,0.5280195329421494,0.5347045654397315,0.006685032497582122,0.24320352867292228,-0.0006115612796172125
histgb,2022,count_state,1-1,25225,0.10193072347578716,0.5361744301288405,0.534839159332182,-0.0013352707966585164,0.24318349924571492,-0.0006095568063166956
histgb,2022,count_state,1-2,23740,0.09593004461110752,0.5291491154170177,0.528223316922891,-0.0009257984941266617,0.2456260411360426,-0.00033935894192484335
histgb,2022,count_state,2-0,8700,0.03515549233852719,0.5264367816091954,0.530980264913987,0.004543483304791596,0.241016631328071,-0.0002864109740850717
histgb,2022,count_state,2-1,13114,0.052991853623844315,0.5273753240811346,0.5321651960581085,0.004789871976973892,0.2421641731354445,-0.0003709130249476434
histgb,2022,count_state,2-2,20240,0.08178703045192992,0.5267786561264822,0.5266262007636018,-0.0001524553628804437,0.24343432271090892,-0.0004685812260164947
histgb,2022,count_state,3-0,2809,0.011350779078037112,0.5062299750800997,0.5171234554351425,0.010893480355042784,0.2443016181280152,-5.518737230726244e-05
histgb,2022,count_state,3-1,5605,0.02264902696062585,0.5095450490633363,0.5167660853032927,0.007221036239956402,0.24093922012775057,-0.00018627438143745963
histgb,2022,count_state,3-2,11806,0.04770640718950023,0.5016940538709131,0.5128215784190031,0.011127524548089962,0.24416688714362406,-0.00023837559722573873
histgb,2022,pitcher_n_bucket,0,88,0.00035559578457360834,0.5454545454545454,0.6063292534534476,0.060874707998902156,0.2511432415904691,7.039493788589099e-07
histgb,2022,pitcher_n_bucket,1-10,864,0.0034913040667227,0.5717592592592593,0.5938912202776011,0.022131961018341806,0.2433465030029792,-2.030928214524431e-05
histgb,2022,pitcher_n_bucket,1001+,187283,0.7567846059352169,0.5201379730141017,0.5227261440189698,0.0025881710048680784,0.2454917993211549,-0.002778768243466371
histgb,2022,pitcher_n_bucket,11-50,3122,0.012615568629986423,0.5598975016015375,0.5815639559098091,0.021666454308271632,0.23515781828282173,-0.00017669100071703795
histgb,2022,pitcher_n_bucket,201-1000,45627,0.18437237344022758,0.55359765051395,0.552702811877986,-0.0008948386359640681,0.23895168331814776,-0.0018827967810891378
histgb,2022,pitcher_n_bucket,51-200,10488,0.04238055214327278,0.5655034324942791,0.5684803772132369,0.002976944718957708,0.23419019286498774,-0.0006345815986173396
histgb,2022,batter_n_bucket,0,88,0.00035559578457360834,0.6590909090909091,0.6398598831595532,-0.01923102593135584,0.21131077084152122,-1.3460309308618508e-05
histgb,2022,batter_n_bucket,1-10,842,0.0034024051205792977,0.6413301662707839,0.6338833859442184,-0.0074467803265654275,0.21032848599700812,-0.00013213281777866589
histgb,2022,batter_n_bucket,1001+,191269,0.7728914786319261,0.5142077388390173,0.5186383607654173,0.00443062192639998,0.2465134478635479,-0.002048286144986329
histgb,2022,batter_n_bucket,11-50,3199,0.01292671494148833,0.6348859018443264,0.6252278660482221,-0.009658035796104247,0.22078106820623256,-0.0003668930005355963
histgb,2022,batter_n_bucket,201-1000,42269,0.17080316156979375,0.5675317608649365,0.5624236360663117,-0.005108124798624769,0.23699949241860369,-0.0020776693898344515
histgb,2022,batter_n_bucket,51-200,9805,0.03962064395163897,0.6040795512493625,0.6014858501529126,-0.002593701096449963,0.2276091552914114,-0.0008540012942126591
histgb,2022,li_bucket,0.5-1,77154,0.3117686041249111,0.530808512844441,0.5328358498260544,0.0020273369816133924,0.2438591453689577,-0.0016537648933775937
histgb,2022,li_bucket,1-2,66369,0.2681879162087024,0.5351293525591767,0.5345056629237348,-0.0006236896354419041,0.24374909488110522,-0.0014521069762451946
histgb,2022,li_bucket,2+,26079,0.10538161893062649,0.5271674527397523,0.5314840161452835,0.004316563405531215,0.2439866298198255,-0.0005455583361386084
histgb,2022,li_bucket,<=0.5,77870,0.31466186073576,0.5223449338641325,0.5267065664046561,0.0043616325405235745,0.24331284247194823,-0.0018410127508948874
histgb,2022,score_bucket,four_plus,56644,0.22889054115213034,0.5236918296730457,0.527211179219379,0.0035193495463332614,0.2428200990403079,-0.0014519691863008482
histgb,2022,score_bucket,one_run,56159,0.22693072347578716,0.5345002581954806,0.5333171141442935,-0.001183144051187135,0.24361007173247218,-0.001260267990857849
histgb,2022,score_bucket,tie,66107,0.2671292105773582,0.5274781793153523,0.5337882904157183,0.006310111100365945,0.24454874538136068,-0.0012327645939010324
histgb,2022,score_bucket,two_three,68562,0.2770495247947243,0.5300603833027041,0.5303110632654296,0.00025067996272554183,0.2435781762920241,-0.0015474411855965504
histgb,2022,pitcher_history_missing,available,244531,0.9881158272451025,0.528603735313723,0.5307051039036254,0.002101368589902397,0.2437078161528375,-0.005390954221295665
histgb,2022,pitcher_history_missing,missing,2941,0.011884172754897523,0.555253315198912,0.5734055492658257,0.018152234066913686,0.2406237846490921,-0.00010148873536057486
histgb,2022,pitcher_seen_before,new,38950,0.15739154328570504,0.5438767650834403,0.5425723240899912,-0.001304440993449063,0.2429586162726456,-0.000976613215594828
histgb,2022,pitcher_seen_before,seen,208522,0.842608456714295,0.526126739624596,0.5290906641013562,0.0029639244767601935,0.24380426256463553,-0.004515829741061445
histgb,2022,batter_seen_before,new,27278,0.11022661149544191,0.5533030280812377,0.5480666424859704,-0.00523638559526729,0.23920553776103065,-0.0010976443335584164
histgb,2022,batter_seen_before,seen,220194,0.8897733885045581,0.5258998882803346,0.5291246519401794,0.0032247636598448093,0.24422437433934202,-0.004394798623097873
histgb,2022,pitcher_hand,1,62216,0.2514062196935411,0.5157837212292657,0.5229123428283783,0.007128621599112539,0.24391110042081085,-0.0013205130609005508
histgb,2022,pitcher_hand,2,185256,0.748593780306459,0.5333322537461674,0.5340000926374195,0.0006678388912521038,0.2435905855602048,-0.004171929895755751
histgb,2022,batter_hand,1,124834,0.5044368655847934,0.5255058717977474,0.5290375812959536,0.003531709498206137,0.24374592800426761,-0.0027328774887113525
histgb,2022,batter_hand,2,122638,0.49556313441520655,0.5323961577977462,0.533426491459002,0.0010303336612558223,0.2435950632417174,-0.0027595654679448936
histgb,2022,pitcher_team_id,12,25163,0.1016801900821103,0.5205261693756706,0.525073424207994,0.004547254832323322,0.24556129696522108,-0.0003662836652931809
histgb,2022,pitcher_team_id,13,35983,0.14540230813991079,0.5759108467887614,0.5845565648881758,0.00864571809941439,0.22945606888202413,-0.0028655216677063193
histgb,2022,pitcher_team_id,14,24085,0.0973241417210836,0.5374714552626115,0.5303390581730206,-0.007132397089590903,0.24434927233971354,-0.0004685510808703884
histgb,2022,pitcher_team_id,15,22765,0.09199020495247948,0.5184713375796178,0.509680151096955,-0.00879118648266286,0.2472578144297852,-0.00017531433618329638
histgb,2022,pitcher_team_id,16,22697,0.0917154263916726,0.5147816892100278,0.5167863577028502,0.0020046684928224368,0.24620453236735085,-0.00027139287845049433
histgb,2022,pitcher_team_id,17,25005,0.10104173401435314,0.5212157568486303,0.5295134447443312,0.008297687895700845,0.24444038995273504,-0.00047724213619978713
histgb,2022,pitcher_team_id,18,23092,0.0933115665610655,0.5318725099601593,0.5303752718296851,-0.0014972381304741988,0.24546924791311572,-0.00034472652213903677
histgb,2022,pitcher_team_id,19,22838,0.09228518781922804,0.5006130133987214,0.5049881567592608,0.004375143360539346,0.24871932093815757,-4.10011099940665e-05
histgb,2022,pitcher_team_id,20,21199,0.08566221633154458,0.5157318741450069,0.5233497722902289,0.007617898145222068,0.24833417024876697,-7.105147148146869e-05
histgb,2022,pitcher_team_id,21,23979,0.09689581043511994,0.521247758455315,0.5220623212763943,0.0008145628210792788,0.2458791258523642,-0.00031825255435364766
histgb,2022,pitcher_team_id,23,666,0.002691213551432081,0.6906906906906907,0.7121261367446039,0.021435446053913232,0.21456749277179177,-9.310553398459993e-05
histgb,2022,batter_team_id,12,23500,0.09496023792590677,0.5279148936170213,0.5228712295474337,-0.005043664069587561,0.2453616811951219,-0.0003610318688708009
histgb,2022,batter_team_id,13,37271,0.15060693735048813,0.5639773550481608,0.5743781365773794,0.010400781529218528,0.2333094509662977,-0.0023877460270352725
histgb,2022,batter_team_id,14,24752,0.10001939613370402,0.5248868778280543,0.5306134220421963,0.005726544214141982,0.24355374416157657,-0.0005610951881425397
histgb,2022,batter_team_id,15,21626,0.08738766405896424,0.524738740405068,0.5205724887418111,-0.0041662516632569035,0.24606178210012014,-0.0002710613150172716
histgb,2022,batter_team_id,16,23154,0.09356209995474235,0.5181826034378509,0.5203811585090081,0.002198555071157182,0.247045031789377,-0.00019821843415779045
histgb,2022,batter_team_id,17,24518,0.09907383461563328,0.529039889061098,0.5301512303471665,0.0011113412860684901,0.24434107706541244,-0.0004777866269239849
histgb,2022,batter_team_id,18,22393,0.09048700459041831,0.521502255169026,0.517027909966555,-0.004474345202471031,0.2476873725179369,-0.00013358012198479033
histgb,2022,batter_team_id,19,22302,0.09011928622227969,0.5062774639045825,0.5164846634467889,0.010207199542206391,0.24707434806811773,-0.00018828260895658572
histgb,2022,batter_team_id,20,23128,0.0934570375638456,0.5169923901764095,0.5201396678907187,0.0031472777143092268,0.24681094782609755,-0.00021987264523074662
histgb,2022,batter_team_id,21,24017,0.09704936316027672,0.5275013532081443,0.5250920786247969,-0.002409274583347387,0.24323378211021562,-0.0005754858210454472
histgb,2022,batter_team_id,23,811,0.0032771384237408677,0.6942046855733662,0.7261937647843055,0.0319890792109393,0.21307044250840507,-0.00011828229929103238
histgb,2023,game_month,4,41288,0.16816210161897974,0.4866547180778919,0.5284882787853609,0.041833560707468964,0.2534024369819923,0.0005721612610676488
histgb,2023,game_month,5,39576,0.16118928825985135,0.49676571659591673,0.535193681320571,0.03842796472465426,0.25593784208168113,0.0009571168337427689
histgb,2023,game_month,6,42446,0.17287852560839018,0.5028271215191066,0.5220901207293571,0.019262999210250542,0.25394574980433904,0.0006821357247692285
histgb,2023,game_month,7,28611,0.11652988494043376,0.5042116668414246,0.5218178831884588,0.017606216347034187,0.25316568096207703,0.00036889665138909394
histgb,2023,game_month,8,38825,0.15813053660523368,0.5046490663232454,0.5202337056172369,0.015584639293991565,0.253566221622058,0.0005639288279522959
histgb,2023,game_month,9,37141,0.15127176458609104,0.5019250962548127,0.5159600020881813,0.014034905833368527,0.25340863303985733,0.0005156302114248211
histgb,2023,game_month,10,17638,0.07183789838102027,0.5099784556072117,0.49207009533655655,-0.01790836027065512,0.24916923629439244,-5.96801872785883e-05
histgb,2023,count_state,0-0,63138,0.25715507585785563,0.5028508980328804,0.5256838071801908,0.0228329091473104,0.2535938162063464,0.0009241685494700954
histgb,2023,count_state,0-1,30327,0.12351898991956013,0.5120519668941867,0.5265340862168054,0.01448211932261867,0.2531754133718923,0.00039222407817563024
histgb,2023,count_state,0-2,14526,0.059163018022604624,0.5017898939832025,0.5234031531145917,0.02161325913138923,0.2543634611899241,0.00025815564122296235
histgb,2023,count_state,1-0,25591,0.10422971184197129,0.49658082919776486,0.5237828981860898,0.027202068988324946,0.2539608081868377,0.0004128340865999074
histgb,2023,count_state,1-1,25293,0.103015986152123,0.5050804570434507,0.5245986512921642,0.019518194248713483,0.25376844112216446,0.0003882098668607096
histgb,2023,count_state,1-2,23456,0.09553405966805824,0.504305934515689,0.5221940272494908,0.017888092733801875,0.2538457346722115,0.0003673988203636915
histgb,2023,count_state,2-0,8774,0.03573566846553304,0.49213585593799863,0.5191416548192391,0.027005798881240495,0.2542739770720664,0.00015273349303319788
histgb,2023,count_state,2-1,13479,0.054898686488137664,0.49692113658283255,0.5192978243580312,0.022376687775198634,0.2523476256374124,0.00012888166426338067
histgb,2023,count_state,2-2,20380,0.08300580388962428,0.49730127576054955,0.5170355273953233,0.01973425163477377,0.25330205315035365,0.0002740897280397089
histgb,2023,count_state,3-0,2858,0.011640362488544954,0.48775367389783064,0.5053930657474983,0.017639391849667674,0.258305161848097,9.667511572680487e-05
histgb,2023,count_state,3-1,5807,0.02365135933204358,0.4802824177716549,0.5043628618064002,0.024080444034745296,0.25397741513740896,9.407131788326157e-05
histgb,2023,count_state,3-2,11896,0.04845127787394359,0.4656186953597848,0.5030039419561656,0.03738524659638082,0.2522857368819887,0.00011074696142792737
histgb,2023,pitcher_n_bucket,0,63,0.0002565930149679259,0.42857142857142855,0.6272235342275568,0.19865210565612829,0.28796536839134457,9.741648809183043e-06
histgb,2023,pitcher_n_bucket,1-10,624,0.0025414927196823135,0.4951923076923077,0.6011324899788983,0.10594018228659063,0.2769186827423357,6.84136408611903e-05
histgb,2023,pitcher_n_bucket,1001+,200385,0.8161490683229814,0.5045587244554233,0.5179561231997614,0.013397398744338096,0.25192821313266567,0.0015737108443986518
histgb,2023,pitcher_n_bucket,11-50,2504,0.010198554118725181,0.46565495207667734,0.5913461972264186,0.12569124514974123,0.27313739446419627,0.00023596798826141372
histgb,2023,pitcher_n_bucket,201-1000,33667,0.1371224926178597,0.4840051088603083,0.5318886967070436,0.047883587846735354,0.25900289422430944,0.001234499547593957
histgb,2023,pitcher_n_bucket,51-200,8282,0.03373179920578352,0.46474281574498916,0.5480327424330371,0.08328992668804797,0.2641663238458173,0.0004778556531429024
histgb,2023,batter_n_bucket,0,71,0.00028917625496385297,0.5070422535211268,0.6363255865951261,0.1292833330739993,0.2694846032458427,5.6344851249603836e-06
histgb,2023,batter_n_bucket,1-10,662,0.002696263109662967,0.4697885196374622,0.6435733818829986,0.1737848622455364,0.28370413410024703,9.087521834879358e-05
histgb,2023,batter_n_bucket,1001+,204856,0.8343590265757052,0.5017768578904206,0.5119675471464503,0.010190689256029728,0.25111302586823997,0.0009286647059276879
histgb,2023,batter_n_bucket,11-50,2427,0.009884940433764382,0.4672435105067985,0.630701462765588,0.1634579522587895,0.2813419583455879,0.0003098134094021121
histgb,2023,batter_n_bucket,201-1000,29727,0.1210752469198656,0.49550913311131295,0.5582536960549406,0.06274456294362762,0.2627386314135128,0.001542333165245311
histgb,2023,batter_n_bucket,51-200,7782,0.03169534670603808,0.4817527627859162,0.5981914289467236,0.11643866616080739,0.27280676364753104,0.0007228683390184086
histgb,2023,li_bucket,0.5-1,74489,0.30338662050707665,0.5018593349353596,0.5240952605796967,0.022235925644337073,0.253318096364097,0.0010066665972804354
histgb,2023,li_bucket,1-2,67102,0.2733000712758375,0.5049476915740216,0.5262043351518633,0.021256643577841627,0.2532787376486347,0.0008960797329019143
histgb,2023,li_bucket,2+,26675,0.10864474086141941,0.498369259606373,0.5205542462923526,0.02218498668597957,0.2535936954443745,0.0003904363089880183
histgb,2023,li_bucket,<=0.5,77259,0.31466856735566645,0.4943372293195615,0.5164112223039241,0.022073992984362634,0.254153596018143,0.001307006683896907
histgb,2023,score_bucket,four_plus,56057,0.22831483555646065,0.4893055283015502,0.5154481535408308,0.026142625239280626,0.25427925553886527,0.0009770179422224138
histgb,2023,score_bucket,one_run,54981,0.22393238977700844,0.5007548062057802,0.5226768859276046,0.021922079721824472,0.25332563182941564,0.0007447170926268425
histgb,2023,score_bucket,tie,66328,0.27014764280623155,0.5074176818236642,0.5275834495023318,0.020165767678667623,0.2534389014271478,0.0009290116084568126
histgb,2023,score_bucket,two_three,68159,0.27760513186029934,0.5008142725098667,0.5209372828194971,0.020123010309630485,0.2534201175089596,0.0009494426797612072
histgb,2023,pitcher_history_missing,available,242803,0.9889135525913858,0.5000720748919907,0.5212148750129495,0.021142800120958816,0.25343594643299594,0.003397855802180077
histgb,2023,pitcher_history_missing,missing,2722,0.011086447408614194,0.48971344599559147,0.5802200619910394,0.0905066159954479,0.2682505263547338,0.0002023335208871567
histgb,2023,pitcher_seen_before,new,33878,0.13798187557275227,0.49864218666981525,0.5195424205305342,0.020900233860718986,0.2542086561443983,0.000580718520798295
histgb,2023,pitcher_seen_before,seen,211647,0.8620181244272478,0.5001677321199922,0.5222414500738272,0.022073717953834948,0.2535027908812711,0.003019470802268977
histgb,2023,batter_seen_before,new,23091,0.09404744934324406,0.4936122298731107,0.5452550493297241,0.05164281945661342,0.26073253053436135,0.001009367293757443
histgb,2023,batter_seen_before,seen,222434,0.905952550656756,0.5006159130348777,0.5194413172556176,0.01882540422073986,0.25285977490823963,0.0025908220293098462
histgb,2023,pitcher_hand,1,69113,0.2814906832298137,0.4878532258764632,0.5122989665365649,0.024445740660101745,0.25294493724026584,0.0008289729106463532
histgb,2023,pitcher_hand,2,176412,0.7185093167701864,0.5046992268099676,0.5256183016589979,0.020919074849030328,0.25385689514897974,0.0027712164124209186
histgb,2023,batter_hand,1,118462,0.4824844720496894,0.501798044942682,0.516404808736328,0.014606763793646005,0.2530209861003911,0.0014575797661268185
histgb,2023,batter_hand,2,127063,0.5175155279503105,0.49824103004021625,0.52696337922122,0.028722349181003803,0.2541401822645757,0.0021426095569404596
histgb,2023,pitcher_team_id,12,24435,0.09952143366255982,0.5185185185185185,0.528370732177665,0.009852213659146458,0.2506500331372338,6.469241175925589e-05
histgb,2023,pitcher_team_id,13,34583,0.14085327359739333,0.5214990024000231,0.5652418659346533,0.043742863534630194,0.2670182859556983,0.0023970815454815468
histgb,2023,pitcher_team_id,14,23769,0.09680887893289888,0.480163237830788,0.5137429689998873,0.033579731169099236,0.25333332067834335,0.0003226952150468899
histgb,2023,pitcher_team_id,15,23112,0.09413298034823338,0.5146244375216338,0.5179810376474201,0.003356600125786313,0.25079477636196623,7.481483982090803e-05
histgb,2023,pitcher_team_id,16,22547,0.09183178902352103,0.4845877500332639,0.5018666413407065,0.01727889130744259,0.2493977166917683,-5.530858574384311e-05
histgb,2023,pitcher_team_id,17,24198,0.09855615517768047,0.4805355814530127,0.5103738888724966,0.0298383074194839,0.2533704377257759,0.00033217756376646956
histgb,2023,pitcher_team_id,18,22842,0.09303329599837083,0.5292443743980387,0.5338818792957706,0.004637504897731848,0.2483551463915851,-0.0001530259824781515
histgb,2023,pitcher_team_id,19,22705,0.09247530801344059,0.48161197974014536,0.4983194043404982,0.01670742460035285,0.2507261099221811,6.714740783231401e-05
histgb,2023,pitcher_team_id,20,21239,0.08650442928418695,0.49672771787748954,0.5090168311721852,0.012289113294695675,0.25049244561585227,4.259888515973326e-05
histgb,2023,pitcher_team_id,21,24914,0.10147235515731595,0.4816970378100666,0.5095510752770563,0.027854037466989723,0.25360151278422577,0.00036545416992616757
histgb,2023,pitcher_team_id,23,1181,0.004810100804398737,0.5173581710414903,0.6856995677177733,0.168341396676283,0.27949248871647514,0.00014186185249597452
histgb,2023,batter_team_id,12,24163,0.0984136035026983,0.4996068368993916,0.5183346146542253,0.01872777775483364,0.25257666632920595,0.0002535791984687087
histgb,2023,batter_team_id,13,35157,0.1431911210671011,0.5137525955001849,0.5562143976934819,0.04246180219329698,0.26574574173628546,0.002254650673132314
histgb,2023,batter_team_id,14,23947,0.09753385602280827,0.48715914310769615,0.5170440714715092,0.029884928363813068,0.2529625583144436,0.00028894991447863614
histgb,2023,batter_team_id,15,22780,0.0927807758884024,0.4982001755926251,0.5116807084265288,0.013480532833903713,0.24968876924928382,-2.8876060846107588e-05
histgb,2023,batter_team_id,16,22529,0.09175847673353019,0.5023303297971503,0.5144619922934578,0.012131662496307483,0.2504073807146049,3.7380801638760104e-05
histgb,2023,batter_team_id,17,24225,0.09866612361266673,0.5043550051599587,0.5205955594847473,0.01624055432478866,0.25233875647800413,0.00023075621620799363
histgb,2023,batter_team_id,18,22287,0.0907728337236534,0.5051823933234622,0.5110471175581297,0.005864724234667551,0.25089576447898704,8.131124612001309e-05
histgb,2023,batter_team_id,19,22516,0.09170552896853681,0.4927607034997335,0.510044423204458,0.017283719704724476,0.2501938585473403,1.7778068348075136e-05
histgb,2023,batter_team_id,20,23033,0.09381122085327359,0.5007597794468805,0.5117268996472617,0.010967120200381153,0.2500271203683069,2.5443664310966787e-06
histgb,2023,batter_team_id,21,23682,0.09645453619794318,0.48961236382062323,0.520739225025895,0.03112686120527175,0.2528512866283002,0.0002750197057046593
histgb,2023,batter_team_id,23,1206,0.00491192342938601,0.48507462686567165,0.6803014212262416,0.19522679436056994,0.28809000427011217,0.00018709519338313608
histgb,2024,game_month,3,12361,0.04875999479304319,0.5026292371167381,0.5039666368794327,0.0013373997626945355,0.24777412150823003,-9.911957333495653e-05
histgb,2024,game_month,4,42588,0.16799536107484211,0.49213393444162673,0.49656889156668765,0.004434957125060923,0.2485088132730816,-0.00021807704341137284
histgb,2024,game_month,5,44078,0.17387291080719663,0.4878851127546622,0.49785662081801374,0.009971508063351564,0.24788402713039986,-0.0003343401552301722
histgb,2024,game_month,6,44514,0.17559278442015408,0.48757694208563596,0.4973855435456893,0.009808601460053357,0.24790341771275767,-0.0003342424532102269
histgb,2024,game_month,7,33070,0.13045004674427135,0.47989114000604777,0.49873016238734214,0.018839022381294368,0.24805852841155993,-0.00022807864586260615
histgb,2024,game_month,8,41920,0.16536032535590733,0.4841125954198473,0.49942978379128417,0.015317188371436863,0.24887372317056033,-0.00015431484864190261
histgb,2024,game_month,9,33305,0.13137704284299842,0.47566431466746734,0.49658267879536905,0.020918364127901712,0.24925078493605085,-7.30642678097647e-05
histgb,2024,game_month,10,1671,0.00659153396158686,0.5050867743865949,0.4872931298489705,-0.017793644537624387,0.2499293041696605,8.066548730803577e-07
histgb,2024,count_state,0-0,65317,0.25765363481087306,0.4862899398318967,0.5015303441473277,0.015240404315430944,0.2484022640260673,-0.00036191645825354963
histgb,2024,count_state,0-1,31402,0.12387034677543421,0.5010508884784408,0.5034226842553098,0.002371795776868968,0.24832202924360672,-0.0001839347698837426
histgb,2024,count_state,0-2,16155,0.06372605095717278,0.49229340761374185,0.4990832280625833,0.006789820448841466,0.2495515141790819,-1.6276434942001006e-05
histgb,2024,count_state,1-0,26438,0.10428903343891885,0.4799152734700053,0.49999812463711296,0.020082851167107674,0.24831642429630604,-0.00015544306094199134
histgb,2024,count_state,1-1,25313,0.09985128615777868,0.4862323707186031,0.5023238027847959,0.016091432066192846,0.2482294342498036,-0.00015751465572664948
histgb,2024,count_state,1-2,24399,0.09624586303336792,0.497807287183901,0.50102995120187,0.0032226640179690014,0.24886265563276103,-9.088218926946238e-05
histgb,2024,count_state,2-0,9392,0.037048286635083055,0.47327512776831343,0.4925060450871867,0.019230917318873275,0.24829584897418402,-5.598284281781699e-05
histgb,2024,count_state,2-1,13446,0.05303995550418726,0.47411869701026327,0.4951581299309858,0.021039432920722523,0.24795707270944958,-9.811617636006919e-05
histgb,2024,count_state,2-2,20640,0.0814178701179849,0.49064922480620154,0.4950045290695109,0.004355304263309379,0.24857802006926638,-0.00010005496507175645
histgb,2024,count_state,3-0,3214,0.012678150899186216,0.4819539514623522,0.47253266785106135,-0.009421283611290854,0.2463676395379117,-4.360380234655611e-05
histgb,2024,count_state,3-1,6020,0.023746878784412263,0.4591362126245847,0.4752451907695372,0.01610897814495249,0.24635379333293864,-8.20011408425528e-05
histgb,2024,count_state,3-2,11771,0.04643264288560079,0.45697052077138733,0.47370456319893445,0.016734042427547113,0.24776733068199444,-9.470383617176143e-05
histgb,2024,pitcher_n_bucket,0,81,0.00031951780424209193,0.4074074074074074,0.5051050879805472,0.09769768057313982,0.24911436303923484,-2.212864383303181e-07
histgb,2024,pitcher_n_bucket,1-10,814,0.003210956699420529,0.4398034398034398,0.4814739339902232,0.041670494186783424,0.24660698544017695,-1.0274873008324724e-05
histgb,2024,pitcher_n_bucket,1001+,194773,0.7683140899462342,0.49117177432190295,0.5015868278699117,0.010415053548008757,0.2484176875349295,-0.0010673720684598205
histgb,2024,pitcher_n_bucket,11-50,3165,0.012484862350941,0.46161137440758293,0.47892117939703915,0.017309804989456223,0.24691036498084828,-3.616317506360428e-05
histgb,2024,pitcher_n_bucket,201-1000,44121,0.17404253136994244,0.4715214976995082,0.4877347127479562,0.016213215048448026,0.24836352525813446,-0.00025121325060882684
histgb,2024,pitcher_n_bucket,51-200,10553,0.041628041829219704,0.46508101961527526,0.48148151248085375,0.016400492865578487,0.24800079618361678,-7.518567904900303e-05
histgb,2024,batter_n_bucket,0,88,0.0003471304539914085,0.5,0.48647394311559916,-0.013526056884400839,0.2568445442241465,2.4429713464620257e-06
histgb,2024,batter_n_bucket,1-10,862,0.0034003005834158427,0.46403712296983757,0.4836057738750548,0.019568650905217255,0.2480655512444518,-5.9212001705428115e-06
histgb,2024,batter_n_bucket,1001+,210244,0.8293419905564738,0.4888462928787504,0.5001047533454274,0.011258460466676945,0.2484224499780189,-0.0011482047275835575
histgb,2024,batter_n_bucket,11-50,2933,0.01156970024496365,0.47528128196385955,0.4823112899514017,0.007030007987542164,0.24774177571314934,-2.389317853547286e-05
histgb,2024,batter_n_bucket,201-1000,31539,0.12441076577767084,0.47725038840800277,0.48943727898003647,0.012186890572033704,0.2482195579274598,-0.00019748577162832218
histgb,2024,batter_n_bucket,51-200,7841,0.03093011238348448,0.45453386047697997,0.48334711295065175,0.02881325247367178,0.24762884136152033,-6.736842605645457e-05
histgb,2024,li_bucket,0.5-1,76851,0.303151392269247,0.488308545106765,0.5020944147898622,0.01378586968309714,0.248305504492351,-0.00045515824984811436
histgb,2024,li_bucket,1-2,64984,0.2563400616156556,0.4931521605318232,0.5023144591247785,0.009162298592955254,0.2483896268892274,-0.0003633107353783421
histgb,2024,li_bucket,2+,24599,0.09703479588334839,0.48607666978332453,0.4987323232913664,0.012655653508041875,0.24827514549029894,-0.0001486360825317004
histgb,2024,li_bucket,<=0.5,87073,0.34347375023174903,0.47890850206148866,0.4909378407868201,0.012029338725331462,0.2484288730785945,-0.00047332526486977436
histgb,2024,score_bucket,four_plus,67770,0.2673298962158836,0.4796665191087502,0.4881946793109297,0.008528160202179502,0.24806796087801433,-0.00046487756789552167
histgb,2024,score_bucket,one_run,52123,0.20560773469766122,0.4885175450376993,0.5017501799813596,0.013232634943660337,0.2483400880723321,-0.0003015933790778708
histgb,2024,score_bucket,tie,61537,0.24274280394624212,0.49514925979492014,0.5048502475900236,0.009700987795103477,0.2484563891700797,-0.00032783328063235853
histgb,2024,score_bucket,two_three,72077,0.2843195651402131,0.48269212092623165,0.4986328507046356,0.01594072977840394,0.248589542702154,-0.0003461261050221626
histgb,2024,pitcher_history_missing,available,249869,0.9856493114588551,0.48645490236884126,0.49808790558610644,0.011633003217265181,0.248379222569051,-0.0014072156496098653
histgb,2024,pitcher_history_missing,missing,3638,0.01435068854114482,0.46206706981858164,0.49144607843887145,0.029379008620289804,0.24749242575407793,-3.3214683018059324e-05
histgb,2024,pitcher_seen_before,new,50348,0.1986059556540845,0.48993008659728293,0.5067844499240408,0.016854363326757882,0.24834392501753302,-0.000290560858548318
histgb,2024,pitcher_seen_before,seen,203159,0.8013940443459155,0.4851569460373402,0.4958137430755212,0.010656797038180954,0.24837209019643133,-0.001149869474079594
histgb,2024,batter_seen_before,new,23588,0.09304674032669709,0.4735882652196032,0.48809458633616915,0.014506321116565968,0.24759498844776542,-0.00020581364945829506
histgb,2024,batter_seen_before,seen,229919,0.9069532596733029,0.4873890370086857,0.4990080533220737,0.01161901631338802,0.2484456474736479,-0.0012346166831696396
histgb,2024,pitcher_hand,1,71830,0.2833452330704872,0.48440762912432134,0.4945818054794349,0.010174176355113584,0.24779303385969603,-0.000570626952305516
histgb,2024,pitcher_hand,2,181677,0.7166547669295128,0.48677598154967333,0.49934111982621676,0.01256513827654343,0.2485932274688462,-0.0008698033803224221
histgb,2024,batter_hand,1,119761,0.4724169352325577,0.4868696821168828,0.49981934183392424,0.012949659717041428,0.24845506283249924,-0.0006386434119639438
histgb,2024,batter_hand,2,133746,0.5275830647674423,0.48542012471401014,0.4963568519199289,0.010936727205918761,0.24828719086265455,-0.0008017869206640033
histgb,2024,pitcher_team_id,12,25413,0.10024575258276892,0.47884940778341795,0.4905706635588568,0.011721255775438866,0.24841144178500765,-0.00013989144121406277
histgb,2024,pitcher_team_id,13,37232,0.14686773935236502,0.5001074344649764,0.49997946798063675,-0.00012796648433965885,0.24747174546878659,-0.0003429627967467085
histgb,2024,pitcher_team_id,14,24081,0.09499145980189896,0.4747311158174494,0.4921001782259112,0.017369062408461755,0.2488058567635101,-9.509310002534205e-05
histgb,2024,pitcher_team_id,15,23302,0.09191856635122501,0.4995708522873573,0.5081430480180674,0.008572195730710108,0.24821914372441245,-0.00014594674001275926
histgb,2024,pitcher_team_id,16,23457,0.09252998930995988,0.4726947179946285,0.494864007596141,0.022169289601512543,0.24810909526046487,-0.00015710033020489004
histgb,2024,pitcher_team_id,17,24919,0.09829708844331715,0.4820418154821622,0.49425484376814227,0.012213028285980088,0.2480460796484706,-0.0001730861439414313
histgb,2024,pitcher_team_id,18,22809,0.08997384687602315,0.4979174887105967,0.5158839954951118,0.017966506784515057,0.2488641858889826,-8.48220224836905e-05
histgb,2024,pitcher_team_id,19,23104,0.09113752282974434,0.48273026315789475,0.4911686189366818,0.008438355778787043,0.24862122469072503,-0.00010806194911508655
histgb,2024,pitcher_team_id,20,22740,0.08970166504277989,0.4900175901495163,0.5027430594117831,0.012725469262266809,0.2495058926153115,-2.7003263725163573e-05
histgb,2024,pitcher_team_id,21,25180,0.09932664581254166,0.4780381254964257,0.49194922786997525,0.013911102373549533,0.2482273716802449,-0.0001568919076291974
histgb,2024,pitcher_team_id,23,978,0.0038578816364045173,0.4652351738241309,0.48485677941502364,0.019621605590892766,0.24769013384316438,-8.166336509539698e-06
histgb,2024,pitcher_team_id,25,292,0.0011518419609714919,0.4246575342465753,0.4743775011780987,0.04971996693152336,0.2485877481996431,-1.4043010200361447e-06
histgb,2024,batter_team_id,12,24304,0.09587111992962719,0.4833772218564845,0.5026916571691222,0.019314435312637712,0.24871357558632343,-0.00010482080118880528
histgb,2024,batter_team_id,13,37546,0.14810636392683438,0.5017578437117136,0.49557691923735286,-0.006180924474360749,0.24844279364764182,-0.00020203679470784435
histgb,2024,batter_team_id,14,24232,0.09558710410363422,0.47808682733575436,0.49836323436041047,0.020276407024656107,0.2482800578981204,-0.00014594897254605402
histgb,2024,batter_team_id,15,23125,0.0912203607789923,0.491545945945946,0.4958736155274128,0.004327669581466853,0.24859925786308854,-0.00011016399218482968
histgb,2024,batter_team_id,16,23190,0.09147676395523595,0.48253557567917205,0.5003688887174828,0.017833313038310705,0.2479444548508886,-0.0001703729029092167
histgb,2024,batter_team_id,17,24723,0.09752393425033629,0.4792703150912106,0.5002906578438439,0.02102034275263326,0.24826521033118248,-0.00015035425132341366
histgb,2024,batter_team_id,18,22669,0.08942159388103682,0.4785830870351582,0.4976417143788956,0.019058627343737422,0.24818866832107117,-0.00014470724863323026
histgb,2024,batter_team_id,19,23805,0.0939027324689259,0.49363579080025205,0.4988154824221606,0.0051796916219085665,0.24841928217989162,-0.00013030361746625452
histgb,2024,batter_team_id,20,23905,0.09429719889391615,0.48128006693160424,0.49619472462689374,0.01491465769528949,0.24803979146751864,-0.00016663590784468841
histgb,2024,batter_team_id,21,24542,0.09680995002110396,0.4822345367125744,0.49644730553705646,0.01421276882448208,0.24856691530134922,-0.00012004544702662228
histgb,2024,batter_team_id,23,1174,0.004631035829385382,0.48722316865417375,0.47974755123004864,-0.007475617424125114,0.250696406209256,4.119211213881428e-06
histgb,2024,batter_team_id,25,292,0.0011518419609714919,0.4828767123287671,0.4818221892178933,-0.001054523110873784,0.2505365337841693,8.403919891574721e-07
random_forest,2022,game_month,4,41395,0.1672714488911877,0.5335426983935257,0.5338781209036314,0.00033542251010565405,0.24241935459695294,-0.0011281210294381537
random_forest,2022,game_month,5,44865,0.1812932372147152,0.55056279950964,0.5344480086437134,-0.016114790865926598,0.2421246411579578,-0.0012761170757093552
random_forest,2022,game_month,6,39951,0.16143644533522986,0.5368826812845736,0.5334054955015256,-0.003477185783048009,0.24418409192448326,-0.0008038753660554177
random_forest,2022,game_month,7,33468,0.1352395422512446,0.5188538305246803,0.5309819977882861,0.012128167263605882,0.24477574001539004,-0.000593413250438109
random_forest,2022,game_month,8,36914,0.14916434990625202,0.5183670152245761,0.5233407657700562,0.0049737505454801045,0.24629913993614644,-0.00042727650856504357
random_forest,2022,game_month,9,41603,0.16811194801836168,0.516621397495373,0.5278510571012229,0.011229659605849984,0.24433822560665558,-0.0008112044250546662
random_forest,2022,game_month,10,9276,0.03748302838300899,0.5028029322984044,0.5180491241606314,0.015246191862226977,0.2456115444704609,-0.0001331420960839385
random_forest,2022,count_state,0-0,64084,0.2589545483933536,0.5315991511141627,0.5315709888025937,-2.8162311568991072e-05,0.24388574343992625,-0.0013667270197349358
random_forest,2022,count_state,0-1,31161,0.12591727548975237,0.5402265652578544,0.531226259756964,-0.009000305500890371,0.24383624897947248,-0.0006708065266615519
random_forest,2022,count_state,0-2,15595,0.06301723023210706,0.5218339211285669,0.5303496740654557,0.008515752936888887,0.24586843329293914,-0.00020765277978721026
random_forest,2022,count_state,1-0,25393,0.10260958815542769,0.5280195329421494,0.5307814751483555,0.0027619422062060695,0.24348727562350322,-0.0005824461218777428
random_forest,2022,count_state,1-1,25225,0.10193072347578716,0.5361744301288405,0.5308325417275004,-0.005341888401340089,0.24358204571110673,-0.0005689326767605909
random_forest,2022,count_state,1-2,23740,0.09593004461110752,0.5291491154170177,0.5290984790697493,-5.063634726842903e-05,0.24557939157054942,-0.00034383403682369384
random_forest,2022,count_state,2-0,8700,0.03515549233852719,0.5264367816091954,0.5295649585097765,0.003128176900581092,0.2418786908267091,-0.0002561048479853453
random_forest,2022,count_state,2-1,13114,0.052991853623844315,0.5273753240811346,0.5302613882452343,0.0028860641640996443,0.2425822207406691,-0.0003487599074437829
random_forest,2022,count_state,2-2,20240,0.08178703045192992,0.5267786561264822,0.5294768996070465,0.002698243480564244,0.24389611945421108,-0.0004308122417094392
random_forest,2022,count_state,3-0,2809,0.011350779078037112,0.5062299750800997,0.5276595188804579,0.02142954380035822,0.24447280933041887,-5.324421878867491e-05
random_forest,2022,count_state,3-1,5605,0.02264902696062585,0.5095450490633363,0.5269630684409112,0.017418019377574923,0.242293070161107,-0.00015561099553132592
random_forest,2022,count_state,3-2,11806,0.04770640718950023,0.5016940538709131,0.5260777348148824,0.024383680943969255,0.24521825994531304,-0.0001882183782403982
random_forest,2022,pitcher_n_bucket,0,88,0.00035559578457360834,0.5454545454545454,0.5850786408675721,0.039624095413026694,0.24762367785701167,-5.475926482966958e-07
random_forest,2022,pitcher_n_bucket,1-10,864,0.0034913040667227,0.5717592592592593,0.5778187826516029,0.006059523392343613,0.24120806343798715,-2.777522489494176e-05
random_forest,2022,pitcher_n_bucket,1001+,187283,0.7567846059352169,0.5201379730141017,0.523099087933942,0.002961114919840302,0.2456793974661427,-0.002636796855237593
random_forest,2022,pitcher_n_bucket,11-50,3122,0.012615568629986423,0.5598975016015375,0.572025474054345,0.0121279724528075,0.23575765362103385,-0.00016912373684113187
random_forest,2022,pitcher_n_bucket,201-1000,45627,0.18437237344022758,0.55359765051395,0.5486756185943157,-0.004922031919634362,0.2396106970749631,-0.0017612928506153314
random_forest,2022,pitcher_n_bucket,51-200,10488,0.04238055214327278,0.5655034324942791,0.5629786988517907,-0.002524733642488397,0.2355343968601915,-0.0005776134911074106
random_forest,2022,batter_n_bucket,0,88,0.00035559578457360834,0.6590909090909091,0.6144113078041031,-0.044679601286805926,0.2143933585436897,-1.2364154116148947e-05
random_forest,2022,batter_n_bucket,1-10,842,0.0034024051205792977,0.6413301662707839,0.6187520226347399,-0.022578143636043935,0.213858110079578,-0.00012012360672641012
random_forest,2022,batter_n_bucket,1001+,191269,0.7728914786319261,0.5142077388390173,0.5191787893456237,0.0049710505066064,0.24675474472929482,-0.0018617898536299419
random_forest,2022,batter_n_bucket,11-50,3199,0.01292671494148833,0.6348859018443264,0.6157976833297056,-0.019088218514620725,0.22151611263542637,-0.0003573912907300789
random_forest,2022,batter_n_bucket,201-1000,42269,0.17080316156979375,0.5675317608649365,0.557808640251051,-0.009723120613885472,0.23743375294615368,-0.002003496318783946
random_forest,2022,batter_n_bucket,51-200,9805,0.03962064395163897,0.6040795512493625,0.5932972917961413,-0.010782259453221199,0.2285181957123217,-0.0008179845273581238
random_forest,2022,li_bucket,0.5-1,77154,0.3117686041249111,0.530808512844441,0.5315682583546978,0.0007597455102568151,0.2441504853090114,-0.0015629342469412155
random_forest,2022,li_bucket,1-2,66369,0.2681879162087024,0.5351293525591767,0.5325686717728901,-0.0025606807862865733,0.24388135559855237,-0.001416636250036775
random_forest,2022,li_bucket,2+,26079,0.10538161893062649,0.5271674527397523,0.5305908744156194,0.0034234216758670666,0.2441087439132064,-0.0005326897552838842
random_forest,2022,li_bucket,<=0.5,77870,0.31466186073576,0.5223449338641325,0.5271240325082784,0.00477909864414594,0.24388527680317248,-0.0016608894990828337
random_forest,2022,score_bucket,four_plus,56644,0.22889054115213034,0.5236918296730457,0.5279010680817107,0.004209238408664939,0.2434677522709669,-0.0013037274878563865
random_forest,2022,score_bucket,one_run,56159,0.22693072347578716,0.5345002581954806,0.5324945571054303,-0.0020057010900503824,0.24378447618348656,-0.0012206902626117578
random_forest,2022,score_bucket,tie,66107,0.2671292105773582,0.5274781793153523,0.5307707015397337,0.0032925222243813668,0.24476294237696183,-0.0011755463195580534
random_forest,2022,score_bucket,two_three,68562,0.2770495247947243,0.5300603833027041,0.5301573277866225,9.694448391839305e-05,0.24384619878487288,-0.0014731856813185017
random_forest,2022,pitcher_history_missing,available,244531,0.9881158272451025,0.528603735313723,0.5299205655556302,0.0013168302419072075,0.2440351273299876,-0.005067532866719401
random_forest,2022,pitcher_history_missing,missing,2941,0.011884172754897523,0.555253315198912,0.5648043493417464,0.009551034142834425,0.24027641934653493,-0.00010561688462522142
random_forest,2022,pitcher_seen_before,new,38950,0.15739154328570504,0.5438767650834403,0.5383349598078337,-0.005541805275606548,0.24301768627327244,-0.00096731609703428
random_forest,2022,pitcher_seen_before,seen,208522,0.842608456714295,0.526126739624596,0.5288408356086302,0.0027140959840341594,0.2441721630815136,-0.004205833654310421
random_forest,2022,batter_seen_before,new,27278,0.11022661149544191,0.5533030280812377,0.5454526698411104,-0.007850358240127253,0.23976098951792607,-0.0010364187685466442
random_forest,2022,batter_seen_before,seen,220194,0.8897733885045581,0.5258998882803346,0.5284623444751995,0.0025624561948648372,0.2445144118293748,-0.004136730982798044
random_forest,2022,pitcher_hand,1,62216,0.2514062196935411,0.5157837212292657,0.5247985502724288,0.009014829043163086,0.2443827833616712,-0.001201929035844915
random_forest,2022,pitcher_hand,2,185256,0.748593780306459,0.5333322537461674,0.532194524353049,-0.001137729393118403,0.24385870050523387,-0.003971220715499782
random_forest,2022,batter_hand,1,124834,0.5044368655847934,0.5255058717977474,0.5282153677116562,0.002709495913908788,0.24406338259298116,-0.002572741691015182
random_forest,2022,batter_hand,2,122638,0.49556313441520655,0.5323961577977462,0.5324928504572889,9.669265954270756e-05,0.24391622798655502,-0.0026004080603295025
random_forest,2022,pitcher_team_id,12,25163,0.1016801900821103,0.5205261693756706,0.5247709002146459,0.0042447308389752525,0.24559698303827066,-0.0003626550986022162
random_forest,2022,pitcher_team_id,13,35983,0.14540230813991079,0.5759108467887614,0.5770430076030852,0.0011321608143238793,0.23074817641886766,-0.0026776462494842953
random_forest,2022,pitcher_team_id,14,24085,0.0973241417210836,0.5374714552626115,0.5310883769113233,-0.006383078351288263,0.24463286157930444,-0.000440951001525869
random_forest,2022,pitcher_team_id,15,22765,0.09199020495247948,0.5184713375796178,0.512580244728389,-0.005891092851228796,0.24735011691863124,-0.00016682341131672563
random_forest,2022,pitcher_team_id,16,22697,0.0917154263916726,0.5147816892100278,0.5180271667193633,0.0032454775093355703,0.24670305996805286,-0.00022567020698409157
random_forest,2022,pitcher_team_id,17,25005,0.10104173401435314,0.5212157568486303,0.5283719120637379,0.007156155215107596,0.24471565967409326,-0.00044942840623210496
random_forest,2022,pitcher_team_id,18,23092,0.0933115665610655,0.5318725099601593,0.5320211123901937,0.00014860243003433915,0.24563670135463972,-0.0003291011791843909
random_forest,2022,pitcher_team_id,19,22838,0.09228518781922804,0.5006130133987214,0.5069197108618906,0.006306697463169142,0.24875652102989287,-3.756809254138173e-05
random_forest,2022,pitcher_team_id,20,21199,0.08566221633154458,0.5157318741450069,0.5194346265525511,0.003702752407544252,0.24797950500512733,-0.00010143288230740751
random_forest,2022,pitcher_team_id,21,23979,0.09689581043511994,0.521247758455315,0.5228919299410021,0.0016441714856870737,0.2461410330875402,-0.000292874840542448
random_forest,2022,pitcher_team_id,23,666,0.002691213551432081,0.6906906906906907,0.6492604939335552,-0.04143019675713544,0.21609362634771379,-8.899838262378308e-05
random_forest,2022,batter_team_id,12,23500,0.09496023792590677,0.5279148936170213,0.5254389499754042,-0.0024759436416170733,0.24516461899558617,-0.0003797449422249153
random_forest,2022,batter_team_id,13,37271,0.15060693735048813,0.5639773550481608,0.5650544672422346,0.0010771121940738038,0.23433799901444158,-0.002232839555586502
random_forest,2022,batter_team_id,14,24752,0.10001939613370402,0.5248868778280543,0.5314870697328724,0.006600191904818087,0.2439789782295541,-0.000518563533447948
random_forest,2022,batter_team_id,15,21626,0.08738766405896424,0.524738740405068,0.521301905226581,-0.003436835178486919,0.24638709613460533,-0.0002426328814580139
random_forest,2022,batter_team_id,16,23154,0.09356209995474235,0.5181826034378509,0.520817038321165,0.002634434883314052,0.24705179872369282,-0.0001975853055729474
random_forest,2022,batter_team_id,17,24518,0.09907383461563328,0.529039889061098,0.528655938880563,-0.00038395018053505314,0.24434796447276366,-0.00047710426506713974
random_forest,2022,batter_team_id,18,22393,0.09048700459041831,0.521502255169026,0.517343610615997,-0.004158644553029056,0.24767893875633842,-0.00013434326780926655
random_forest,2022,batter_team_id,19,22302,0.09011928622227969,0.5062774639045825,0.5189899668609917,0.012712502956409244,0.2477293631951444,-0.00012925311324414585
random_forest,2022,batter_team_id,20,23128,0.0934570375638456,0.5169923901764095,0.5204090729875017,0.0034166828110921976,0.24716712291202514,-0.0001865855768459064
random_forest,2022,batter_team_id,21,24017,0.09704936316027672,0.5275013532081443,0.5264864297090103,-0.0010149234991340128,0.24339076998493941,-0.000560250247779618
random_forest,2022,batter_team_id,23,811,0.0032771384237408677,0.6942046855733662,0.6725927635468152,-0.021611922026551045,0.21430177193700228,-0.00011424706230829355
random_forest,2023,game_month,4,41288,0.16816210161897974,0.4866547180778919,0.5241339179481355,0.03747919987024356,0.25195465657050703,0.0003286994643894988
random_forest,2023,game_month,5,39576,0.16118928825985135,0.49676571659591673,0.527262886397877,0.030497169801960267,0.25310381358951844,0.0005003017981829255
random_forest,2023,game_month,6,42446,0.17287852560839018,0.5028271215191066,0.5203284551564297,0.01750133363732309,0.2515599156790832,0.0002696762388488162
random_forest,2023,game_month,7,28611,0.11652988494043376,0.5042116668414246,0.5207190552579983,0.01650738841657373,0.25133748775781145,0.00015585750764714272
random_forest,2023,game_month,8,38825,0.15813053660523368,0.5046490663232454,0.5207092244184571,0.016060158095211774,0.2517207588213578,0.00027210480499257705
random_forest,2023,game_month,9,37141,0.15127176458609104,0.5019250962548127,0.5159947331982287,0.014069636943416008,0.2514562913732041,0.000220296042435233
random_forest,2023,game_month,10,17638,0.07183789838102027,0.5099784556072117,0.5035715840022525,-0.006406871604959119,0.24879991963458573,-8.621111995620112e-05
random_forest,2023,count_state,0-0,63138,0.25715507585785563,0.5028508980328804,0.5216975047639962,0.018846606731115823,0.2516469680012147,0.0004235266515957254
random_forest,2023,count_state,0-1,30327,0.12351898991956013,0.5120519668941867,0.5219218984103864,0.009869931516199637,0.2511401453184847,0.0001408298240031753
random_forest,2023,count_state,0-2,14526,0.059163018022604624,0.5017898939832025,0.5222279279462053,0.02043803396300281,0.2526048230969513,0.00015410930403317503
random_forest,2023,count_state,1-0,25591,0.10422971184197129,0.49658082919776486,0.5203757094902072,0.02379488029244231,0.25176091841495496,0.00018354020959247
random_forest,2023,count_state,1-1,25293,0.103015986152123,0.5050804570434507,0.5204671473330752,0.015386690289624472,0.25171257507407935,0.00017642279852055423
random_forest,2023,count_state,1-2,23456,0.09553405966805824,0.504305934515689,0.5207983010228974,0.016492366507208422,0.2518162650102052,0.00017351534457906866
random_forest,2023,count_state,2-0,8774,0.03573566846553304,0.49213585593799863,0.5188554525248666,0.02671959658686801,0.2520416393374622,7.295941184628366e-05
random_forest,2023,count_state,2-1,13479,0.054898686488137664,0.49692113658283255,0.5185476146180331,0.02162647803520057,0.25045165857860374,2.479556311000656e-05
random_forest,2023,count_state,2-2,20380,0.08300580388962428,0.49730127576054955,0.5189976770732834,0.021696401312733815,0.2514158028987396,0.00011752000956747938
random_forest,2023,count_state,3-0,2858,0.011640362488544954,0.48775367389783064,0.5148763811156143,0.027122707217783648,0.25548316444852176,6.382604305401799e-05
random_forest,2023,count_state,3-1,5807,0.02365135933204358,0.4802824177716549,0.5140773207398738,0.033794902968218854,0.2521156995184454,5.003921280507712e-05
random_forest,2023,count_state,3-2,11896,0.04845127787394359,0.4656186953597848,0.5151870614313303,0.04956836607154552,0.251643718777205,7.964036383294952e-05
random_forest,2023,pitcher_n_bucket,0,63,0.0002565930149679259,0.42857142857142855,0.5999055021385024,0.1713340735670738,0.2775223787309125,7.062050606933905e-06
random_forest,2023,pitcher_n_bucket,1-10,624,0.0025414927196823135,0.4951923076923077,0.582398616557823,0.08720630886551528,0.26631462291675617,4.1463500015404175e-05
random_forest,2023,pitcher_n_bucket,1001+,200385,0.8161490683229814,0.5045587244554233,0.5174592344550091,0.012900509999585807,0.25042364168913794,0.00034575626253813605
random_forest,2023,pitcher_n_bucket,11-50,2504,0.010198554118725181,0.46565495207667734,0.5733079966354309,0.10765304455875352,0.2651456132950536,0.00015446337550290335
random_forest,2023,pitcher_n_bucket,201-1000,33667,0.1371224926178597,0.4840051088603083,0.5273828371628756,0.04337772830256731,0.25580026172554743,0.0007953465964247449
random_forest,2023,pitcher_n_bucket,51-200,8282,0.03373179920578352,0.46474281574498916,0.5398940635479003,0.0751512478029111,0.2593867773796624,0.00031663295145185444
random_forest,2023,batter_n_bucket,0,71,0.00028917625496385297,0.5070422535211268,0.6023836272379272,0.0953413737168004,0.2565348239504909,1.889716445722093e-06
random_forest,2023,batter_n_bucket,1-10,662,0.002696263109662967,0.4697885196374622,0.6170466520155974,0.14725813237813518,0.27232380165422526,6.0190847798884574e-05
random_forest,2023,batter_n_bucket,1001+,204856,0.8343590265757052,0.5017768578904206,0.512629826660823,0.010852968770402427,0.25005486589368014,4.577937959257959e-05
random_forest,2023,batter_n_bucket,11-50,2427,0.009884940433764382,0.4672435105067985,0.5990534754807154,0.1318099649739169,0.2692264390328652,0.00019005222267172618
random_forest,2023,batter_n_bucket,201-1000,29727,0.1210752469198656,0.49550913311131295,0.5494733197555186,0.05396418664420566,0.2576225486412745,0.0009229021803340889
random_forest,2023,batter_n_bucket,51-200,7782,0.03169534670603808,0.4817527627859162,0.5782571656789223,0.09650440289300605,0.26387933490079163,0.00043991038969705203
random_forest,2023,li_bucket,0.5-1,74489,0.30338662050707665,0.5018593349353596,0.5225234653704102,0.020664130435050554,0.2515203780467743,0.00046126291236422463
random_forest,2023,li_bucket,1-2,67102,0.2733000712758375,0.5049476915740216,0.5225646993499062,0.017617007775884597,0.25136282483590505,0.00037246062462461735
random_forest,2023,li_bucket,2+,26675,0.10864474086141941,0.498369259606373,0.5195699485328292,0.021200688926456213,0.251599133840774,0.00017373768043270387
random_forest,2023,li_bucket,<=0.5,77259,0.31466856735566645,0.4943372293195615,0.516544714161561,0.022207484841999525,0.25207603495040687,0.0006532635191184623
random_forest,2023,score_bucket,four_plus,56057,0.22831483555646065,0.4893055283015502,0.5156335681278829,0.02632803982633264,0.2521056620191728,0.00048075429520723546
random_forest,2023,score_bucket,one_run,54981,0.22393238977700844,0.5007548062057802,0.5210636090225075,0.02030880281672731,0.2514995836994727,0.00033580577104087606
random_forest,2023,score_bucket,tie,66328,0.27014764280623155,0.5074176818236642,0.5242416516043754,0.016823969780711212,0.25160690444280776,0.00043410194150922166
random_forest,2023,score_bucket,two_three,68159,0.27760513186029934,0.5008142725098667,0.5198033103837927,0.01898903787392603,0.2514771420770429,0.00041006272878265444
random_forest,2023,pitcher_history_missing,available,242803,0.9889135525913858,0.5000720748919907,0.5198213970709769,0.019749322178986173,0.2515535562786119,0.0015363346672451314
random_forest,2023,pitcher_history_missing,missing,2722,0.011086447408614194,0.48971344599559147,0.5659252914220203,0.07621184542642884,0.261220009840336,0.00012439006929489203
random_forest,2023,pitcher_seen_before,new,33878,0.13798187557275227,0.49864218666981525,0.5134452007884843,0.014803014118669078,0.2520006391126093,0.00027605218945546433
random_forest,2023,pitcher_seen_before,seen,211647,0.8620181244272478,0.5001677321199922,0.5214349686221061,0.02126723650211393,0.25160631305921755,0.0013846725470845096
random_forest,2023,batter_seen_before,new,23091,0.09404744934324406,0.4936122298731107,0.5394452324046781,0.04583300253156741,0.25613129428267556,0.0005766327604607252
random_forest,2023,batter_seen_before,seen,222434,0.905952550656756,0.5006159130348777,0.5183484244981376,0.017732511463259826,0.2511966303515647,0.0010840919760792904
random_forest,2023,pitcher_hand,1,69113,0.2814906832298137,0.4878532258764632,0.5116731463567166,0.023819920480253387,0.2512591052879857,0.00035442692258835746
random_forest,2023,pitcher_hand,2,176412,0.7185093167701864,0.5046992268099676,0.5237250138999807,0.019025787090013124,0.2518180648035997,0.0013062978139515762
random_forest,2023,batter_hand,1,118462,0.4824844720496894,0.501798044942682,0.5168481615609832,0.015050116618301246,0.251160969180308,0.0005601504844370418
random_forest,2023,batter_hand,2,127063,0.5175155279503105,0.49824103004021625,0.5235810298941309,0.025339999853914663,0.2521266478901298,0.0011005742521029902
random_forest,2023,pitcher_team_id,12,24435,0.09952143366255982,0.5185185185185185,0.5275325371732201,0.009014018654701639,0.24921677209850784,-7.794778162743837e-05
random_forest,2023,pitcher_team_id,13,34583,0.14085327359739333,0.5214990024000231,0.5588205659683034,0.037321563568280314,0.2590125429755202,0.001269446439144104
random_forest,2023,pitcher_team_id,14,23769,0.09680887893289888,0.480163237830788,0.5104684124267928,0.030305174596004736,0.25194220784281074,0.00018802314096981132
random_forest,2023,pitcher_team_id,15,23112,0.09413298034823338,0.5146244375216338,0.5186641805823771,0.004039743060743284,0.2501119824420196,1.0541413172678321e-05
random_forest,2023,pitcher_team_id,16,22547,0.09183178902352103,0.4845877500332639,0.5012370330559094,0.01664928302264551,0.2489329662985285,-9.798744580443774e-05
random_forest,2023,pitcher_team_id,17,24198,0.09855615517768047,0.4805355814530127,0.5090129649388279,0.02847738348581519,0.25200860430891386,0.00019796049820806514
random_forest,2023,pitcher_team_id,18,22842,0.09303329599837083,0.5292443743980387,0.5306937399434128,0.001449365545374115,0.24813568500912309,-0.00017344319823295142
random_forest,2023,pitcher_team_id,19,22705,0.09247530801344059,0.48161197974014536,0.4997593258041247,0.01814734606397933,0.2501583956187844,1.4647852762068905e-05
random_forest,2023,pitcher_team_id,20,21239,0.08650442928418695,0.49672771787748954,0.5103179632492219,0.013590245371732312,0.24998817513773502,-1.0227447546627835e-06
random_forest,2023,pitcher_team_id,21,24914,0.10147235515731595,0.4816970378100666,0.5104066895916931,0.02870965178162649,0.2522811977318038,0.00023147869200725501
random_forest,2023,pitcher_team_id,23,1181,0.004810100804398737,0.5173581710414903,0.6566125359561801,0.1392543649146898,0.27058748161946594,9.902787069547412e-05
random_forest,2023,batter_team_id,12,24163,0.0984136035026983,0.4996068368993916,0.5163400557776914,0.01673321887829976,0.2509252758902091,9.105991457712388e-05
random_forest,2023,batter_team_id,13,35157,0.1431911210671011,0.5137525955001849,0.5540425290636907,0.04028993356350574,0.2596431851232757,0.001380818750339999
random_forest,2023,batter_team_id,14,23947,0.09753385602280827,0.48715914310769615,0.5163596560500179,0.029200512942321732,0.25119865228937893,0.0001169093581922161
random_forest,2023,batter_team_id,15,22780,0.0927807758884024,0.4982001755926251,0.5121518888505565,0.01395171325793143,0.2493485378102581,-6.044299774054238e-05
random_forest,2023,batter_team_id,16,22529,0.09175847673353019,0.5023303297971503,0.5136090034924006,0.011278673695250263,0.24950322144622392,-4.5583475552380976e-05
random_forest,2023,batter_team_id,17,24225,0.09866612361266673,0.5043550051599587,0.5167514154597567,0.012396410299797989,0.2507654322269491,7.552241117058949e-05
random_forest,2023,batter_team_id,18,22287,0.0907728337236534,0.5051823933234622,0.5098154407694443,0.004633047445982141,0.24984944834044992,-1.3665834745791804e-05
random_forest,2023,batter_team_id,19,22516,0.09170552896853681,0.4927607034997335,0.5113675938591615,0.01860689035942803,0.2497108677116988,-2.6514861721383252e-05
random_forest,2023,batter_team_id,20,23033,0.09381122085327359,0.5007597794468805,0.5108901603270818,0.01013038088020124,0.24924406120822434,-7.091536937658476e-05
random_forest,2023,batter_team_id,21,23682,0.09645453619794318,0.48961236382062323,0.5183170184859633,0.028704654665340112,0.25114906027775513,0.0001108322525589175
random_forest,2023,batter_team_id,23,1206,0.00491192342938601,0.48507462686567165,0.6302107771380847,0.14513615027241306,0.27090923878007334,0.00010270458883782774
random_forest,2024,game_month,3,12361,0.04875999479304319,0.5026292371167381,0.5089386903917859,0.006309453275047727,0.24782468180320583,-9.665425361520185e-05
random_forest,2024,game_month,4,42588,0.16799536107484211,0.49213393444162673,0.5049155026873688,0.012781568245742114,0.24913886688939382,-0.00011223095864249224
random_forest,2024,game_month,5,44078,0.17387291080719663,0.4878851127546622,0.5020756826344651,0.014190569879802939,0.2484834896296075,-0.00023010986557318262
random_forest,2024,game_month,6,44514,0.17559278442015408,0.48757694208563596,0.5003151106004413,0.01273816851480536,0.24864524736496837,-0.00020398251901311532
random_forest,2024,game_month,7,33070,0.13045004674427135,0.47989114000604777,0.4996258936351555,0.01973475362910776,0.24840402510568282,-0.00018300858596428279
random_forest,2024,game_month,8,41920,0.16536032535590733,0.4841125954198473,0.4994621741333681,0.015349578713520773,0.24906070666076277,-0.00012339519786584471
random_forest,2024,game_month,9,33305,0.13137704284299842,0.47566431466746734,0.49690643066389645,0.021242115996429112,0.2491270315164998,-8.93226261120925e-05
random_forest,2024,game_month,10,1671,0.00659153396158686,0.5050867743865949,0.5128634126328365,0.007776638246241641,0.2496640854195932,-9.415435252378513e-07
random_forest,2024,count_state,0-0,65317,0.25765363481087306,0.4862899398318967,0.5023596759650244,0.016069736133127677,0.2488045300508049,-0.00025827115481898307
random_forest,2024,count_state,0-1,31402,0.12387034677543421,0.5010508884784408,0.5031995043543934,0.0021486158759526086,0.2487925831115576,-0.00012564709908414394
random_forest,2024,count_state,0-2,16155,0.06372605095717278,0.49229340761374185,0.5031952044141947,0.01090179680045289,0.2495528455651918,-1.6191590962916882e-05
random_forest,2024,count_state,1-0,26438,0.10428903343891885,0.4799152734700053,0.5008018739407271,0.020886600470721772,0.24863570257090634,-0.00012214583828588105
random_forest,2024,count_state,1-1,25313,0.09985128615777868,0.4862323707186031,0.501992182532995,0.015759811814391955,0.24842806809041518,-0.00013768081126712363
random_forest,2024,count_state,1-2,24399,0.09624586303336792,0.497807287183901,0.50259282045755,0.004785533273649056,0.24892127840518344,-8.523998994425862e-05
random_forest,2024,count_state,2-0,9392,0.037048286635083055,0.47327512776831343,0.49771374375211586,0.024438615983802425,0.24900341436009035,-2.976875758769619e-05
random_forest,2024,count_state,2-1,13446,0.05303995550418726,0.47411869701026327,0.4992453279378108,0.025126630927547522,0.24835430065330508,-7.7047223892954e-05
random_forest,2024,count_state,2-2,20640,0.0814178701179849,0.49064922480620154,0.5007470217820903,0.010097796975888751,0.24881754327158126,-8.055349609543985e-05
random_forest,2024,count_state,3-0,3214,0.012678150899186216,0.4819539514623522,0.49215300392504513,0.010199052462692926,0.24779623711199336,-2.549182672813728e-05
random_forest,2024,count_state,3-1,6020,0.023746878784412263,0.4591362126245847,0.4938303790902661,0.03469416646568141,0.2481759193093197,-3.873133615150277e-05
random_forest,2024,count_state,3-2,11771,0.04643264288560079,0.45697052077138733,0.49544248573392646,0.03847196496253913,0.24888351549204385,-4.287642549240508e-05
random_forest,2024,pitcher_n_bucket,0,81,0.00031951780424209193,0.4074074074074074,0.5256742559105045,0.11826684850309716,0.25649280282527276,2.136256440837007e-06
random_forest,2024,pitcher_n_bucket,1-10,814,0.003210956699420529,0.4398034398034398,0.503106738708844,0.06330329890540426,0.24885964093891472,-3.0416937431662034e-06
random_forest,2024,pitcher_n_bucket,1001+,194773,0.7683140899462342,0.49117177432190295,0.5029441895743181,0.011772415252415125,0.24869349106278593,-0.0008554683319508358
random_forest,2024,pitcher_n_bucket,11-50,3165,0.012484862350941,0.46161137440758293,0.501078171886511,0.03946679747892812,0.24827277799656142,-1.9153636097295406e-05
random_forest,2024,pitcher_n_bucket,201-1000,44121,0.17404253136994244,0.4715214976995082,0.4943671943149718,0.022845696615463595,0.24900508556012577,-0.0001395544716237952
random_forest,2024,pitcher_n_bucket,51-200,10553,0.041628041829219704,0.46508101961527526,0.49772130203547615,0.032640282420200895,0.24921685159932594,-2.4563673337213157e-05
random_forest,2024,batter_n_bucket,0,88,0.0003471304539914085,0.5,0.5082113203850305,0.008211320385030474,0.2581641257968186,2.9010382968623853e-06
random_forest,2024,batter_n_bucket,1-10,862,0.0034003005834158427,0.46403712296983757,0.5136415974111099,0.04960447444127236,0.25021524938283435,1.3884196635673615e-06
random_forest,2024,batter_n_bucket,1001+,210244,0.8293419905564738,0.4888462928787504,0.500547008795438,0.011700715916687587,0.24865111029537512,-0.0009585671248260781
random_forest,2024,batter_n_bucket,11-50,2933,0.01156970024496365,0.47528128196385955,0.5071378741062504,0.031856592142390894,0.24947685347770146,-3.8188488979032425e-06
random_forest,2024,batter_n_bucket,201-1000,31539,0.12441076577767084,0.47725038840800277,0.5039560504159513,0.026705662007948494,0.2491811730525313,-7.785049753478865e-05
random_forest,2024,batter_n_bucket,51-200,7841,0.03093011238348448,0.45453386047697997,0.5045536540742003,0.05001979359722031,0.2496873495316157,-3.6985370130838285e-06
random_forest,2024,li_bucket,0.5-1,76851,0.303151392269247,0.488308545106765,0.5044038726332307,0.016095327526465697,0.24872502444966474,-0.0003279801907037204
random_forest,2024,li_bucket,1-2,64984,0.2563400616156556,0.4931521605318232,0.5041462398191954,0.010994079287372172,0.24874132314082584,-0.00027315689657360056
random_forest,2024,li_bucket,2+,24599,0.09703479588334839,0.48607666978332453,0.5017348353974015,0.015658165614076958,0.24871297046331028,-0.00010615182564291236
random_forest,2024,li_bucket,<=0.5,87073,0.34347375023174903,0.47890850206148866,0.49607617689387945,0.01716767483239079,0.24883929345972533,-0.0003323566373912197
random_forest,2024,score_bucket,four_plus,67770,0.2673298962158836,0.4796665191087502,0.49440039194778007,0.014733872839029882,0.2485829286745437,-0.00032721128029480147
random_forest,2024,score_bucket,one_run,52123,0.20560773469766122,0.4885175450376993,0.5042931262482254,0.015775581210526135,0.24869157283741258,-0.00022932539274893277
random_forest,2024,score_bucket,tie,61537,0.24274280394624212,0.49514925979492014,0.5056649393103102,0.010515679515390064,0.24878714093141677,-0.0002475456706752406
random_forest,2024,score_bucket,two_three,72077,0.2843195651402131,0.48269212092623165,0.5016095131413988,0.01891739221516714,0.24897841111638064,-0.00023556320659248012
random_forest,2024,pitcher_history_missing,available,249869,0.9856493114588551,0.48645490236884126,0.5011556570747248,0.0147007547058835,0.24876492149435578,-0.0010270517694528011
random_forest,2024,pitcher_history_missing,missing,3638,0.01435068854114482,0.46206706981858164,0.5055345115898954,0.04346744177131373,0.24892935347363102,-1.2593780858615464e-05
random_forest,2024,pitcher_seen_before,new,50348,0.1986059556540845,0.48993008659728293,0.5028767546334462,0.012946668036163234,0.24831662734990823,-0.0002959823379140686
random_forest,2024,pitcher_seen_before,seen,203159,0.8013940443459155,0.4851569460373402,0.500807537881579,0.015650591844238726,0.24887896476649854,-0.0007436632123973385
random_forest,2024,batter_seen_before,new,23588,0.09304674032669709,0.4735882652196032,0.5002240765790738,0.026635811359470574,0.2486337876548802,-0.0001091567693823076
random_forest,2024,batter_seen_before,seen,229919,0.9069532596733029,0.4873890370086857,0.5013205168447205,0.013931479836034766,0.24878097666398566,-0.0009304887809291909
random_forest,2024,pitcher_hand,1,71830,0.2833452330704872,0.48440762912432134,0.4974853647034851,0.013077735579163752,0.24819887518367914,-0.0004556337477718871
random_forest,2024,pitcher_hand,2,181677,0.7166547669295128,0.48677598154967333,0.5026944725205564,0.015918490970883103,0.24899201303613877,-0.0005840118025395198
random_forest,2024,batter_hand,1,119761,0.4724169352325577,0.4868696821168828,0.49996409598230906,0.013094413865426258,0.24871484624936224,-0.0005159173263452825
random_forest,2024,batter_hand,2,133746,0.5275830647674423,0.48542012471401014,0.5023417323271809,0.016921607613170797,0.24881423336129962,-0.0005237282239661441
random_forest,2024,pitcher_team_id,12,25413,0.10024575258276892,0.47884940778341795,0.4943508458346688,0.015501438051250871,0.24871394575903713,-0.00010956670267819939
random_forest,2024,pitcher_team_id,13,37232,0.14686773935236502,0.5001074344649764,0.5144613235083796,0.014353889043403179,0.24883186730823034,-0.00014320477694382364
random_forest,2024,pitcher_team_id,14,24081,0.09499145980189896,0.4747311158174494,0.49370097867264184,0.01896986285519242,0.24916992909209915,-6.05093380591927e-05
random_forest,2024,pitcher_team_id,15,23302,0.09191856635122501,0.4995708522873573,0.5077881158390285,0.008217263551671183,0.24865055224787494,-0.00010629228702438837
random_forest,2024,pitcher_team_id,16,23457,0.09252998930995988,0.4726947179946285,0.49641493961074457,0.02372022161611609,0.24845917564709266,-0.00012470739577259422
random_forest,2024,pitcher_team_id,17,24919,0.09829708844331715,0.4820418154821622,0.4975616328334876,0.015519817351325405,0.24806608758018853,-0.00017111942250778767
random_forest,2024,pitcher_team_id,18,22809,0.08997384687602315,0.4979174887105967,0.5121381998451546,0.014220711134557917,0.24876905235021912,-9.338155293316966e-05
random_forest,2024,pitcher_team_id,19,23104,0.09113752282974434,0.48273026315789475,0.4918720298854613,0.009141766727566558,0.24896920846291898,-7.634757013238044e-05
random_forest,2024,pitcher_team_id,20,22740,0.08970166504277989,0.4900175901495163,0.5020038523713852,0.011986262221868937,0.24947000205316885,-3.0222706908680518e-05
random_forest,2024,pitcher_team_id,21,25180,0.09932664581254166,0.4780381254964257,0.49460840583087956,0.016570280334453846,0.2484671930819151,-0.00013307125220723433
random_forest,2024,pitcher_team_id,23,978,0.0038578816364045173,0.4652351738241309,0.524797444505505,0.05956227068137415,0.25077589805137424,3.7381765635874333e-06
random_forest,2024,pitcher_team_id,25,292,0.0011518419609714919,0.4246575342465753,0.5204422526339505,0.09578471838737518,0.25418190046252626,5.039278292416292e-06
random_forest,2024,batter_team_id,12,24304,0.09587111992962719,0.4833772218564845,0.5007362104040507,0.01735898854756618,0.24882871960979053,-9.378181470581105e-05
random_forest,2024,batter_team_id,13,37546,0.14810636392683438,0.5017578437117136,0.5045178314134353,0.0027599877017217,0.24973235259625745,-1.1044907759072436e-05
random_forest,2024,batter_team_id,14,24232,0.09558710410363422,0.47808682733575436,0.500805195380754,0.022718368044999604,0.24848355215584217,-0.00012649754574871246
random_forest,2024,batter_team_id,15,23125,0.0912203607789923,0.491545945945946,0.4972157107613661,0.005669764815420142,0.24884626284638353,-8.763210849445117e-05
random_forest,2024,batter_team_id,16,23190,0.09147676395523595,0.48253557567917205,0.502046341589326,0.019510765910153993,0.24818580414811242,-0.00014829505021631028
random_forest,2024,batter_team_id,17,24723,0.09752393425033629,0.4792703150912106,0.5026312244283193,0.023360909337108715,0.24877121227461554,-0.00010100695106150555
random_forest,2024,batter_team_id,18,22669,0.08942159388103682,0.4785830870351582,0.5001882760384383,0.021605189003280123,0.24813487239728443,-0.00014951776588254307
random_forest,2024,batter_team_id,19,23805,0.0939027324689259,0.49363579080025205,0.5024586490794568,0.00882285827920476,0.24863614301061343,-0.00010993979289599537
random_forest,2024,batter_team_id,20,23905,0.09429719889391615,0.48128006693160424,0.49763461611492743,0.016354549183323186,0.24822935114143987,-0.00014876096157067227
random_forest,2024,batter_team_id,21,24542,0.09680995002110396,0.4822345367125744,0.5012201077511278,0.018985571038553417,0.2490742806331158,-7.092743461585998e-05
random_forest,2024,batter_team_id,23,1174,0.004631035829385382,0.48722316865417375,0.5086056453555173,0.021382476701343578,0.2513712691674379,7.244525753146912e-06
random_forest,2024,batter_team_id,25,292,0.0011518419609714919,0.4828767123287671,0.5255077564521133,0.04263104412334623,0.25025339155297693,5.142568863470241e-07
