number,value,params_catboost_fraction_of_remainder,params_official_weight,user_attrs_catboost_weight,user_attrs_residual_weight,state
0,1.0045631841711506,0.5,1.0,0.0,0.0,COMPLETE
1,1.004239037192629,1.0,0.9,0.09999999999999998,0.0,COMPLETE
2,1.003803505464151,1.0,0.75,0.25,0.0,COMPLETE
3,1.0032127135022033,1.0,0.5,0.5,0.0,COMPLETE
4,1.0045088682151926,0.0,0.9,0.0,0.09999999999999998,COMPLETE
5,1.004627419727961,0.0,0.75,0.0,0.25,COMPLETE
6,1.0053581476407667,0.0,0.5,0.0,0.5,COMPLETE
7,1.0039680436024916,0.5,0.5,0.25,0.25,COMPLETE
8,1.0036707710966926,0.9507143064099162,0.6872700594236812,0.2973168285486292,0.015413112027689573,COMPLETE
9,1.0042654632990722,0.5986584841970366,0.8659969709057025,0.08022205027540354,0.05378097881889397,COMPLETE
10,1.0032445631650566,0.985676403766266,0.5094268514788296,0.48354637681864154,0.007026771702528879,COMPLETE
11,1.003318062844533,0.9017537279995327,0.5037736596581466,0.4474739523348312,0.048752388007022196,COMPLETE
12,1.003851284582704,0.6604645759080574,0.6532582453045166,0.22901064596456813,0.11773110873091529,COMPLETE
13,1.0032268860958766,0.9968837041320564,0.5056324186898118,0.49282698565930605,0.00154059565088221,COMPLETE
14,1.003672104507668,0.7109789973233609,0.573616532096749,0.30314969048511087,0.12323377741814018,COMPLETE
15,1.003439601628416,0.9693926889588357,0.5943214798192379,0.39326179153087026,0.012416728649891842,COMPLETE
16,1.0035628697327326,0.7384055447250207,0.52442412411221,0.35116786369300246,0.12440801219478759,COMPLETE
17,1.0044240555549508,0.2550647701144628,0.6104536254742164,0.09935955646734142,0.29018681805844215,COMPLETE
18,1.0033666739799116,0.9749338929690045,0.5632005357416416,0.42585060213617687,0.010948862122181525,COMPLETE
19,1.0040054938284415,0.7077835596407838,0.7634953366825072,0.16739411247450012,0.06911055084299264,COMPLETE
20,1.003718443121385,0.7589510368862273,0.6356612648622485,0.27651526081061306,0.08782347432713845,COMPLETE
21,1.0033257354208611,0.8916082945836675,0.5017168363089086,0.44427340179836844,0.05400976189272295,COMPLETE
22,1.0033070553101986,0.972703446395876,0.534158339511564,0.4531257886318793,0.012715871856556715,COMPLETE
23,1.0033639727213617,0.8937016806178524,0.5234151742797306,0.42592465970317106,0.050660166017098364,COMPLETE
24,1.0032703035053765,0.9994821580233383,0.5277044108773123,0.47205101464124777,0.0002445744814399017,COMPLETE
25,1.0035663353513897,0.9888777553933893,0.6549046603870969,0.34125710483312693,0.003838234779776102,COMPLETE
26,1.0032616838601631,0.9917421360091251,0.5203900408338975,0.47564940535463973,0.003960553811462745,COMPLETE
27,1.0041952479202934,0.39662607592391924,0.7004498960654817,0.11880938226615016,0.18074072166836813,COMPLETE
28,1.0035814562405636,0.752606384616138,0.5500089558594378,0.33866613284026953,0.1113249113002927,COMPLETE
29,1.003555478978186,0.7254038820981387,0.504932978690822,0.3591235391564397,0.13594348215273835,COMPLETE
30,1.0032672130553033,0.948764495677179,0.5032143079220865,0.47133262660393993,0.02545306547397355,COMPLETE
31,1.0032730620599772,0.9891362664389755,0.5247822670965295,0.47005509406973306,0.005162638833737431,COMPLETE
32,1.0045026107934434,0.3531655287582119,0.9662652299192918,0.011913957913090033,0.021820812167618213,COMPLETE
33,1.0032420551516221,0.9945429677653884,0.5120503852224043,0.48528685800088806,0.002662756776707643,COMPLETE
34,1.0032288701091494,0.9914290205053411,0.5042338456174246,0.4915169528392165,0.004249201543358954,COMPLETE
35,1.0032529474616936,0.9879274847639632,0.5145206237130211,0.4796184191199727,0.005860957167006199,COMPLETE
36,1.0034741294656013,0.9737757355713221,0.6111309014103011,0.378671292520141,0.010197806069557867,COMPLETE
37,1.0044136007630593,0.8657594300199405,0.9501945220447685,0.043119562206391925,0.006685915748839564,COMPLETE
38,1.003253253166288,0.9681890207784317,0.5057231967768441,0.4785533741061209,0.015723429117035007,COMPLETE
39,1.0034433616773335,0.9766849915129379,0.5985766479309748,0.392064163208631,0.009359188860394258,COMPLETE
40,1.003219817878073,0.995081411110787,0.5013677490829677,0.49617968386786854,0.002452567049163803,COMPLETE
41,1.0032421980408266,0.9905113128480109,0.5103854562958328,0.4849687444738945,0.0046457992302727565,COMPLETE
42,1.003333910354176,0.8838497956711645,0.501276646823569,0.4407965338014266,0.05792681937500445,COMPLETE
43,1.0032508621591119,0.9929898077433711,0.5156751834013089,0.4809296065196777,0.003395210079013362,COMPLETE
44,1.0032612557235367,0.9525158585713465,0.5020831055605948,0.47427373820412855,0.02364315623527667,COMPLETE
45,1.0033720481706765,0.9911741192590399,0.5717757781151329,0.4244447659721208,0.003779455912746288,COMPLETE
46,1.0032609299556587,0.958483307982382,0.5048945756855895,0.47455028489689705,0.02055513941751345,COMPLETE
47,1.0034969230053694,0.7657056321819563,0.5063035893240629,0.37802612224258114,0.11567028843335596,COMPLETE
48,1.0045105962472984,0.6259979248264682,0.9788076132939201,0.013266390100126065,0.00792599660595386,COMPLETE
49,1.0034699707543957,0.9986474814628948,0.6173447081824383,0.3821377434420571,0.0005175483755046379,COMPLETE
50,1.0043659484057814,0.3097007797167163,0.853645061612394,0.045326238534033565,0.10102869985357249,COMPLETE
51,1.0032294018487198,0.9936890990832993,0.5054855870589052,0.49139358147914314,0.0031208314619516754,COMPLETE
52,1.0032888459068996,0.9245954319441665,0.501498167882893,0.4609125167912749,0.03758931532583208,COMPLETE
53,1.0032633189885234,0.9503544510283278,0.5020376567440428,0.473240729357795,0.024721613898162253,COMPLETE
54,1.0032539894984749,0.9909261623178999,0.5163166015282453,0.47929453382449544,0.0043888646472592585,COMPLETE
55,1.0035132926486656,0.8694631139242079,0.5868915145922435,0.3591825901111412,0.05392589529661531,COMPLETE
56,1.0035995412994627,0.8125789815608484,0.6014140606243208,0.3238825566823635,0.07470338269331574,COMPLETE
57,1.0045605732750211,0.015581801646813609,0.9976268906122142,3.6977319766669424e-05,0.0023361320680191184,COMPLETE
58,1.003250283243026,0.9770793617481303,0.5083846811747128,0.4803471819434152,0.011268136881872016,COMPLETE
59,1.0033366279514087,0.997945395056757,0.5581082973970036,0.4409837897264502,0.0009079128765462061,COMPLETE
60,1.0034261923985237,0.8130044020278357,0.5032469520514204,0.40386241470293976,0.09289063324563981,COMPLETE
61,1.0048795965976227,0.01115502898402937,0.627191378551509,0.00415869097775395,0.3686499304707371,COMPLETE
62,1.0032553772742896,0.9635484977059355,0.5045655615230284,0.47737510890626966,0.018059329570701867,COMPLETE
63,1.0032986321404487,0.9945875534951206,0.5391683609107775,0.45833741249489623,0.0024942265943262965,COMPLETE
64,1.003246034205544,0.9981624858870424,0.515510091765521,0.4835996511905126,0.0008902570439664013,COMPLETE
65,1.0032353561701806,0.9867837909631682,0.5053785229892159,0.48808445617650303,0.006537020834281041,COMPLETE
66,1.0034322136965457,0.811569808743603,0.5057589569971349,0.4011111087430741,0.09312993425979103,COMPLETE
67,1.0035294311398704,0.8461294826359704,0.5830704715205138,0.35277636622800673,0.06415316225147943,COMPLETE
68,1.0033710705758003,0.9931807569413733,0.5720584330629662,0.4250233293772006,0.0029182375598331965,COMPLETE
69,1.0040300532079733,0.4783212216419971,0.5794707929324167,0.20114804406070683,0.21938116300687652,COMPLETE
70,1.0032536599827344,0.9660666256557419,0.5049148967979437,0.4782851950628353,0.01679990813922105,COMPLETE
71,1.0032509513409227,0.9858628821441502,0.5126452268897715,0.48046498124515824,0.006889791865070246,COMPLETE
72,1.0032674943911013,0.9593196663982534,0.5086095771398749,0.4714004965294719,0.019989926330653225,COMPLETE
73,1.0034089141263625,0.9877702918817528,0.5871317839766064,0.4078189582501261,0.005049257773267534,COMPLETE
74,1.0032576567878035,0.9740764067874607,0.5106629461913371,0.47665167908190464,0.012685374726758252,COMPLETE
75,1.0032337244637504,0.9992225753737589,0.5099745476031236,0.4896444945426982,0.00038095785417826053,COMPLETE
76,1.0035176142880247,0.8130155290639702,0.5569527935137835,0.3602042589817054,0.08284294750451114,COMPLETE
77,1.0034524856860552,0.7956707553929778,0.5049439296345555,0.3939016374695524,0.1011544328958921,COMPLETE
78,1.0034182749585363,0.9913522521512272,0.592521569919687,0.4039546593631647,0.0035237707171483276,COMPLETE
79,1.0033623584720333,0.8650618814162314,0.5046850688161598,0.428478066263444,0.0668368649203962,COMPLETE
80,1.0033025730334344,0.9950327919428117,0.5411961324789567,0.4565248932536236,0.0022789742674196845,COMPLETE
81,1.0032688487883628,0.9575525809998634,0.5084308512117771,0.4707033071620687,0.020865841626154187,COMPLETE
82,1.0033238114619727,0.990575390136716,0.549389540976387,0.4463636312470001,0.004246827776612861,COMPLETE
83,1.0032585786963242,0.9613113985587948,0.5050920053599833,0.47576069648532293,0.019147298154693737,COMPLETE
84,1.0033183222727875,0.9958841689288461,0.5488812090954762,0.4492620621681376,0.001856728736386207,COMPLETE
85,1.0035745144109591,0.8192464670250665,0.5918742174520468,0.3343556054542512,0.07377017709370198,COMPLETE
86,1.003243834188524,0.9869815913218754,0.5096446341187792,0.4839717193306677,0.006383646550553072,COMPLETE
87,1.0032511215082482,0.9845783449510288,0.5121640154262789,0.48031274629914994,0.00752323827457116,COMPLETE
88,1.0034473380812687,0.8104571029636863,0.5140672990626992,0.3938276090369642,0.0921050919003366,COMPLETE
89,1.0041209933364748,0.7876282128749099,0.8340419382464217,0.13071325159115482,0.035244810162423486,COMPLETE
90,1.003242525237108,0.9938050653755196,0.5119645787143414,0.4850120737563632,0.0030233475292954035,COMPLETE
91,1.0033400214068973,0.8946289183610143,0.5112591418949199,0.43724170524538175,0.051499152859698305,COMPLETE
92,1.0032479969050838,0.9786095511164471,0.507949758546868,0.48152506591518895,0.010525175537943085,COMPLETE
93,1.004203638287734,0.5176290111124257,0.8092352337617253,0.09874537730301115,0.0920193889352635,COMPLETE
94,1.0032531982817254,0.9937770601464845,0.517141313930112,0.4798538855087276,0.003004800561160445,COMPLETE
95,1.0034374945795157,0.9907628171039093,0.600776920205011,0.3955353831905821,0.0036876966044069085,COMPLETE
96,1.0045007576518221,0.12818117555813402,0.7326279276830805,0.03427206654099717,0.23310000577592235,COMPLETE
97,1.0032642447607523,0.9614197786379687,0.5079936754614804,0.47302461162630405,0.018981712912215506,COMPLETE
98,1.0034918725988504,0.8349464397003246,0.5567255522943372,0.37011042192197086,0.07316402578369195,COMPLETE
99,1.003255752465166,0.9609899743566976,0.5035094635737795,0.4771224278685767,0.019368108557643808,COMPLETE
100,1.003468633163731,0.9854804351869203,0.6126048913914836,0.38177030022080505,0.005624808387711404,COMPLETE
101,1.0032413517279257,0.9902266574113933,0.5098469608729282,0.4853626055548361,0.004790433572235635,COMPLETE
102,1.0032472428412689,0.9754619675723983,0.5061309335674602,0.4817504912654288,0.012118575167111022,COMPLETE
103,1.0032783871629667,0.9931638101276358,0.5290000002058342,0.4677801543656894,0.0032198454284764304,COMPLETE
104,1.003509713791157,0.8518521334791437,0.5759686499114687,0.3612120102349571,0.06281933985357424,COMPLETE
105,1.003411755268027,0.8256390110587919,0.504623638757132,0.4090020489984644,0.08637431224440362,COMPLETE
106,1.0032428641276891,0.9786726311489253,0.5054317016475228,0.4840204578314656,0.010547840521011626,COMPLETE
107,1.003251187044963,0.9622568411672405,0.5018228817154471,0.47937434018229264,0.018802778102260283,COMPLETE
108,1.0032318272724026,0.992851816781402,0.506313851505437,0.49015718945264,0.0035289590419231177,COMPLETE
109,1.0035245058435993,0.8604567807740928,0.5880160651394238,0.3544943703207749,0.057489564539801245,COMPLETE
110,1.003413088526718,0.995215251392414,0.5915401220703748,0.4065055000974467,0.0019543778321785394,COMPLETE
111,1.0043908787624545,0.31004297231203226,0.5267248934140808,0.14673562076719227,0.32653948581872694,COMPLETE
112,1.003363505876692,0.9977913591464869,0.570291521450206,0.42875940684896796,0.0009490717008260468,COMPLETE
113,1.003385308593465,0.844912858133915,0.5036052443698302,0.419410311742173,0.07698444388799672,COMPLETE
114,1.003310384175184,0.9093618162076901,0.504170510051695,0.4508884055087232,0.04494108443958175,COMPLETE
115,1.0032398674102072,0.9995730747535174,0.5131095556923133,0.4866825784847406,0.00020786582294607156,COMPLETE
116,1.0033870207637852,0.9938947592530826,0.5794934846911919,0.41793922179720056,0.002567293511607593,COMPLETE
117,1.0044761561455753,0.08391303816203255,0.8531045457284099,0.012326443860121048,0.13456901041146907,COMPLETE
118,1.0032401318307151,0.9834881437526279,0.5062638845405735,0.48558361569682457,0.008152499762601944,COMPLETE
119,1.0034297336000062,0.8067761184843373,0.500226237731098,0.40320553604361875,0.09656822622528333,COMPLETE
120,1.0033221836215565,0.9908928775541335,0.5487541587546938,0.4471362901158972,0.004109551129409054,COMPLETE
121,1.0032473335871688,0.9953977821077936,0.5149804904720733,0.48278734406310814,0.002232165464818589,COMPLETE
122,1.0032144527583542,0.9980720868272368,0.5000225311691356,0.4990135556826205,0.0009639131482438236,COMPLETE
123,1.0032247344372731,0.9993120285113922,0.5056179976947217,0.49404188158321144,0.0003401207220668547,COMPLETE
124,1.0032385415166643,0.9768728439634816,0.5024464502753172,0.48604655114367645,0.011506998581006346,COMPLETE
125,1.0032355925772591,0.9836673164126897,0.5040956170263339,0.4878049335969969,0.008099449376669251,COMPLETE
126,1.0032215174830321,0.9923536302420053,0.5010068090651808,0.4951777044902099,0.003815486444609281,COMPLETE
127,1.00325330559456,0.9992593605476702,0.5194750212257834,0.4801690830171065,0.00035589575711013783,COMPLETE
128,1.003455600203708,0.8052704417734904,0.5149335094081507,0.3906097071684151,0.09445678342343419,COMPLETE
129,1.0032431148903642,0.9843679019513815,0.5081318437489257,0.48417922500556426,0.0076889312455100155,COMPLETE
130,1.0032436576177564,0.9686352750179211,0.5011180540855074,0.4832346508823603,0.015647295032132413,COMPLETE
131,1.0033288734197103,0.888669868145916,0.5015837662764988,0.4429274887048479,0.055488745018653356,COMPLETE
132,1.0033724909875057,0.9987851391918536,0.5746928049042643,0.4247905060529912,0.0005166890427444702,COMPLETE
133,1.0032878157486154,0.928442459941181,0.5030853159751482,0.4613566916169281,0.03555799240792371,COMPLETE
134,1.0033685301219062,0.8546908864598994,0.5009867102061197,0.4265021110092022,0.07251117878467805,COMPLETE
135,1.0032198314619694,0.9995082384588632,0.5032949278044182,0.4964608117437884,0.0002442604517933832,COMPLETE
136,1.00324899043486,0.9973785730473718,0.5166139326201517,0.48211890611429387,0.0012671612655545032,COMPLETE
137,1.0032311314832716,0.9837521202910975,0.5019175518573962,0.48998966444006714,0.008092783702536702,COMPLETE
138,1.003503327950769,0.8748262027690866,0.5845692864662494,0.3634296736343832,0.05200103989936736,COMPLETE
139,1.0035156402810532,0.8316540209413713,0.5675980614020257,0.35960881089784924,0.07279312770012503,COMPLETE
140,1.0032250226914279,0.9997760695287548,0.5059571298329477,0.4939322389143205,0.00011063125273186307,COMPLETE
141,1.0032336563233542,0.9854197872584863,0.503926089871629,0.4888410469831848,0.00723286314518618,COMPLETE
142,1.0032284037122514,0.9923999539531417,0.5044305207479334,0.49180312839033336,0.003766350861733279,COMPLETE
143,1.003237677412776,0.9764556009472205,0.5018200376620238,0.48645061450459226,0.011729347833383972,COMPLETE
144,1.0033877545510057,0.9914513500551361,0.5789601130994214,0.41744056429464044,0.003599322605938146,COMPLETE
145,1.0032324401168762,0.9951614717607671,0.5076152893585311,0.49000229331446365,0.0023824173270052774,COMPLETE
146,1.003317205296651,0.9992488697546471,0.5496416278138595,0.4500200943915436,0.0003382777945969054,COMPLETE
147,1.0034114529445384,0.8306957859514538,0.5083234623891558,0.40843362784452975,0.08324290976631446,COMPLETE
148,1.003250317284513,0.9916874282139405,0.5148558690208606,0.48111133556378993,0.004032795415349543,COMPLETE
149,1.003363417946428,0.8620977673529399,0.5032596269469712,0.4282387665630825,0.06850160648994622,COMPLETE
150,1.0035187190505954,0.8531888346758214,0.5813222220718663,0.3572112054551667,0.06146657247296696,COMPLETE
151,1.003238557502112,0.9882202513783248,0.5075949359644742,0.4866046561611474,0.005800407874378368,COMPLETE
152,1.003238008946832,0.9905274345622603,0.508337788317194,0.4870049092093768,0.004657302473429192,COMPLETE
153,1.0034173735444938,0.9797487461216634,0.5880793869209342,0.4035787041658816,0.00834190891318422,COMPLETE
154,1.003234294991955,0.9953174963193852,0.5085909555980339,0.48910801974286644,0.002301024659099631,COMPLETE
155,1.0033606242111928,0.8641780847324558,0.5031098081881658,0.4294016142822935,0.06748857752954072,COMPLETE
156,1.0033421186496978,0.9922287899364429,0.5584987542690476,0.4380702468070551,0.0034309989238973638,COMPLETE
157,1.0033629817393959,0.8666482552020691,0.5061018141065121,0.42803600105205847,0.06586218484142942,COMPLETE
158,1.003231868009302,0.9808851760549088,0.5009716485995143,0.4894895123198564,0.009538839080629408,COMPLETE
159,1.0033800622718867,0.845115220879661,0.5007081158959346,0.42195917091802937,0.0773327131860361,COMPLETE
160,1.0032382985273562,0.9785609108271753,0.5031075618848578,0.48623951682508937,0.010652921290052795,COMPLETE
161,1.0032377744559433,0.9772213739288858,0.5022253132608023,0.48643606328229944,0.011338623456898216,COMPLETE
162,1.0032814512717378,0.9905645551375762,0.5293979795679922,0.4661616810160764,0.004440339415931429,COMPLETE
163,1.0032311440778912,0.9880122381467061,0.5038432587995115,0.4902089323450707,0.005947808855417813,COMPLETE
164,1.0039182676036251,0.6291973312070054,0.676189084245082,0.20374096400869088,0.12006995174622716,COMPLETE
165,1.0032487793550007,0.9722129680227973,0.5053841447603311,0.48087194865369276,0.013743906585976125,COMPLETE
166,1.0035437162422678,0.8630544554677898,0.598878844718595,0.34618940024800376,0.05493175503340125,COMPLETE
167,1.003248478614961,0.9805831677340778,0.5090820931036615,0.48138583624179476,0.009532070654543803,COMPLETE
168,1.0032370360592668,0.9746509107448612,0.5006523771163234,0.4866896154218569,0.012658007461819705,COMPLETE
169,1.0038206901756743,0.8336662222806746,0.7169664081022935,0.2359555453358911,0.047078046561815384,COMPLETE
170,1.003539065013586,0.8311371273015026,0.5798141997417546,0.34923201895952105,0.07095378129872437,COMPLETE
171,1.0034432510518756,0.9884857335321263,0.6025399026718867,0.3928836358571304,0.004576461470982903,COMPLETE
172,1.0032506895597848,0.9994917190304572,0.5183104107386298,0.4814447556099217,0.0002448336514484457,COMPLETE
173,1.0032363588710689,0.997949074054638,0.5107204350238862,0.4882760888217688,0.0010034761543449677,COMPLETE
174,1.0032426613653294,0.9815832920790991,0.5066566291087493,0.48425761012483387,0.009085760766416841,COMPLETE
175,1.0032337142234835,0.9996393501314397,0.5101452835055751,0.48967805045530755,0.00017666603911736982,COMPLETE
176,1.003410292031519,0.9913497611039089,0.5889856352231801,0.40745899233177524,0.0035553724450446095,COMPLETE
177,1.0032320127082877,0.9923107741984064,0.5061690544523487,0.4900337678995209,0.00379717764813036,COMPLETE
178,1.0032190807077712,0.9955635484552486,0.5012146094245219,0.4965725533589601,0.002212837216517992,COMPLETE
179,1.0033759216670983,0.998694876423613,0.5762012426825373,0.4232456475676442,0.0005531097498185387,COMPLETE
180,1.0034694142542653,0.8683965900412125,0.5641350620109676,0.37850362586820024,0.05736131212083212,COMPLETE
181,1.0034165339178271,0.8212816949091086,0.5040627830281723,0.40730415812312903,0.08863305884869871,COMPLETE
182,1.0032358986877377,0.9962664215519417,0.5097811818419785,0.4883885477437141,0.0018302704143074134,COMPLETE
183,1.003394419153805,0.8343645195613241,0.5010556620074321,0.4163014528570118,0.0826428851355561,COMPLETE
184,1.0032299038248444,0.9944836711224262,0.5060776515803046,0.49119771030582876,0.0027246381138666368,COMPLETE
185,1.00337111071699,0.9986977262915461,0.5740416098195784,0.4254036757679943,0.0005547144124273225,COMPLETE
186,1.003250138463178,0.9741856763297524,0.5069810449150597,0.4802920042028104,0.012726950882129917,COMPLETE
187,1.0032329206555959,0.9881606825735197,0.5047879693540946,0.4893490582216766,0.005862972424228742,COMPLETE
188,1.003231676630647,0.9935262078804042,0.5065332153239437,0.49027218329413824,0.0031946013819181096,COMPLETE
189,1.0038817543547325,0.9958134615414795,0.7778735979733926,0.2211964613018702,0.0009299407247371691,COMPLETE
190,1.0032263768628604,0.9917080332887854,0.5031255764359811,0.49275435738417217,0.004120066179846774,COMPLETE
191,1.0033476257882774,0.87083346439744,0.5003259445995941,0.4351328887338538,0.06454116666655205,COMPLETE
192,1.0032368817965576,0.9992462019202222,0.5115219148613831,0.4881098712960259,0.0003682138425910375,COMPLETE
193,1.0032374729271827,0.9771318797460736,0.5020329988818205,0.4865794318541219,0.011387569264057616,COMPLETE
194,1.003457823258776,0.8500553323125508,0.5475362435457637,0.3846192288520909,0.0678445276021454,COMPLETE
195,1.0032402512682772,0.9995840571936638,0.5133004183311479,0.4864971424790101,0.00020243918984198082,COMPLETE
196,1.0034801847108807,0.8854027864852048,0.578259716312958,0.3734100223495677,0.04833026133747426,COMPLETE
197,1.0035042685416,0.8461417857697139,0.5699671214395681,0.36386878780481435,0.06616409075561755,COMPLETE
198,1.0034085916609796,0.8239897197989625,0.5014276437726085,0.41081849610731686,0.08775386012007465,COMPLETE
199,1.0032463284616695,0.97581298008318,0.5058381509419602,0.4822095465727404,0.011952302485299429,COMPLETE
200,1.0032272420618316,0.9984736746772145,0.5064888469879244,0.49275789444215623,0.0007532585699194084,COMPLETE
201,1.0033838636031553,0.9993208688016985,0.5799722214785648,0.4197425245528881,0.0002852539685471967,COMPLETE
202,1.0032308896074675,0.982075442495878,0.5010308353455463,0.49002536316982126,0.00894380148463249,COMPLETE
203,1.0032380400607583,0.9783053910347084,0.5028605933925501,0.4863541615798642,0.010785245027585745,COMPLETE
204,1.0033273677418841,0.8899650798214678,0.5015772793030782,0.4435788164098692,0.05484390428705266,COMPLETE
205,1.003314927651516,0.9955806107432459,0.5471855919192209,0.4508132449504034,0.0020011631303756684,COMPLETE
206,1.0033500986799622,0.8719769677176158,0.50247290398769,0.4338321685381652,0.06369492747414483,COMPLETE
207,1.0045207520064872,0.9556085175155251,0.986973879508497,0.012447871691863765,0.000578248799639214,COMPLETE
208,1.0034015990616019,0.960672852353025,0.5737519282701451,0.4094849508786965,0.016763120851158386,COMPLETE
209,1.0032155152560613,0.9983248465744282,0.5006573041300374,0.4985062202424418,0.0008364756275208178,COMPLETE
210,1.0033716738707754,0.9872224933852096,0.5701607386362219,0.42434698735840587,0.005492274005372286,COMPLETE
211,1.003231664075377,0.9896695619135695,0.5048364416413924,0.4900483018763274,0.005115256482280226,COMPLETE
212,1.0032396000129655,0.9977108280272106,0.5121979160751767,0.4866854210660343,0.001116662858788987,COMPLETE
213,1.0032329161500353,0.9975398599173252,0.5088667698033342,0.4899249736511254,0.0012082565455403722,COMPLETE
214,1.0034426487008186,0.8605728469045877,0.5457139187979718,0.39094626620915807,0.0633398149928701,COMPLETE
215,1.0033828555407431,0.8421091379564556,0.5001071937651034,0.4209643001291023,0.07892850610579434,COMPLETE
216,1.003248997040369,0.9619967951932973,0.5005868003970415,0.48043389749527654,0.018979302107681936,COMPLETE
217,1.0033194550021756,0.9997378659715492,0.5508670447715944,0.44901522219754153,0.0001177330308640198,COMPLETE
218,1.00347772592155,0.8656441055878196,0.5669259195906295,0.37488802498923696,0.05818605542013351,COMPLETE
219,1.0033326016040134,0.8840561753613394,0.5006900293577982,0.4414180629657276,0.05789190767647422,COMPLETE
220,1.0033706275833156,0.99991899791813,0.5742537110165095,0.42571180264773445,3.4486335756092554e-05,COMPLETE
221,1.0032499654269411,0.9908081628487211,0.5143081398014,0.48122745971395275,0.004464400484647256,COMPLETE
222,1.0032150090554355,0.9996841248217773,0.5009961299055189,0.4988462471580812,0.0001576229363999289,COMPLETE
223,1.0032541074606434,0.9790892071691973,0.5111870688233023,0.47859146523984436,0.010221465936853323,COMPLETE
224,1.0033548756619781,0.998294854803805,0.5665630260048322,0.4326979010211066,0.0007390729740611678,COMPLETE
225,1.0033356411390475,0.9984723696104594,0.5578504570027653,0.4414741019186307,0.0006754410786040746,COMPLETE
226,1.0032617223377716,0.9913927207981124,0.5202616099212025,0.4756091478115252,0.004129242267272294,COMPLETE
227,1.0032165706372753,0.9973857629941534,0.5007701026131002,0.49792479211472596,0.0013051052721738444,COMPLETE
228,1.0032381476299737,0.9878225124636703,0.507217405453097,0.48678174064368784,0.0060008539032151455,COMPLETE
229,1.0034042707491713,0.8319489023217576,0.5050369935720795,0.4117839298875855,0.08317907654033502,COMPLETE
230,1.0044855736209222,0.21240150099108568,0.6269970362565884,0.07922638937322413,0.29377657437018745,COMPLETE
231,1.0032636837047455,0.946796560828659,0.5003948185454289,0.4730244675733661,0.02658071388120504,COMPLETE
232,1.003218951804784,0.999003613104475,0.5026451180155069,0.4968593240976584,0.0004955578868347058,COMPLETE
233,1.0043831813845918,0.4940196079175678,0.9111799794610599,0.043878831721877516,0.0449411888170626,COMPLETE
234,1.0032288545894164,0.9913541280189263,0.5041931984374367,0.4915201194289078,0.004286682133655531,COMPLETE
235,1.0032276813634404,0.991358519978745,0.5036158393112043,0.492094666881336,0.004289493807459648,COMPLETE
236,1.0033327492369832,0.8836338618274631,0.5004996522824786,0.44137542123779405,0.05812492647972734,COMPLETE
237,1.0034442706630216,0.8888325222462674,0.5620635406553159,0.3892521677429355,0.04868429160174858,COMPLETE
238,1.0033662724860535,0.8593006757379704,0.5029415493165478,0.42712266255355913,0.06993578812989308,COMPLETE
239,1.003305099365165,0.9104343665144305,0.5019904073639859,0.45340504798967907,0.04460454464633498,COMPLETE
240,1.003359970368976,0.9941412747229253,0.5673723429549703,0.4300930104551384,0.0025346465898912983,COMPLETE
241,1.0033374629306449,0.9998710435443963,0.5592000771642747,0.44074307884004604,5.6843995679294944e-05,COMPLETE
242,1.0032599187618458,0.9859923728989917,0.5170816698865138,0.4761537902250148,0.006764539888471359,COMPLETE
243,1.0032242276841514,0.9921053039068424,0.5022384628901032,0.49383186104755117,0.003929676062345637,COMPLETE
244,1.0032755713295987,0.9402628862735987,0.5030915862244413,0.4672245393502425,0.029683874425316243,COMPLETE
245,1.003231710596071,0.9967745000956711,0.5079504919023339,0.49046240245637207,0.0015871056412940822,COMPLETE
246,1.0038081860889285,0.5843444950133914,0.5177473561637231,0.2818016776313821,0.20045096620489478,COMPLETE
247,1.003230194493042,0.9944546853635867,0.506207901012579,0.49105386643356086,0.0027382325538601805,COMPLETE
248,1.003226251134705,0.9850174602114654,0.5000634300982232,0.49244625035147993,0.0074903195502968745,COMPLETE
249,1.0034938841365373,0.8543319644094026,0.5691141419840949,0.3681195615149591,0.06276629650094595,COMPLETE
250,1.0032446619370174,0.9663914662028422,0.5005414681605298,0.48267246289186455,0.01678606894760564,COMPLETE
251,1.003227707996618,0.9949457665692355,0.5051986459077681,0.4923005125467914,0.0025008415454405007,COMPLETE
252,1.0033953543029968,0.8343552049286815,0.5016017806791121,0.4158411484175694,0.08255707090331851,COMPLETE
253,1.0034287216094089,0.9990079089929719,0.5996551950531843,0.39994762646611753,0.0003971784806981661,COMPLETE
254,1.0032487667239556,0.9636840918292444,0.5012974581445154,0.4805917061409384,0.01811083571454617,COMPLETE
255,1.0032320998516733,0.9953347943418774,0.5075231425573196,0.4901793516208444,0.002297505821836011,COMPLETE
256,1.0033504542375866,0.9979759357747731,0.5644378149862882,0.43468057917716385,0.0008816058365479318,COMPLETE
257,1.0034938439115468,0.8554776858604038,0.5697245756567324,0.36809102429978185,0.06218440004348576,COMPLETE
258,1.003462302157112,0.8971855317019166,0.5751139264226869,0.38120163783520133,0.04368443574211178,COMPLETE
259,1.0041707796738593,0.4364228103622999,0.7277922040457755,0.11879769131287014,0.15341010464135435,COMPLETE
260,1.003260750645492,0.9534244472292737,0.5022847987705997,0.4745338406097477,0.02318136061965261,COMPLETE
261,1.003482690426912,0.8708512559349734,0.5722112812446931,0.3725403430028721,0.05524837575243479,COMPLETE
262,1.0032358232325267,0.9818087309392793,0.5033657392207069,0.4875998533166849,0.009034407462608232,COMPLETE
263,1.0032419212942498,0.9747550548426985,0.5031476767387814,0.48430931360921137,0.012543009652007286,COMPLETE
264,1.0032388107128138,0.9939103553262298,0.5101957547379012,0.4868215114487484,0.002982733813350351,COMPLETE
265,1.0033177517691627,0.9979256472999105,0.5493940570197036,0.4496712273257989,0.0009347156544975478,COMPLETE
266,1.0034598650528566,0.8607727523002073,0.5549407919796276,0.38309483942424644,0.06196436859612593,COMPLETE
267,1.0034191723596226,0.9943142764243452,0.5939186547256676,0.4037724789958725,0.0023088662784598794,COMPLETE
268,1.0033659656593128,0.9892616919505718,0.5683131118118889,0.4270513014018481,0.004635586786263011,COMPLETE
269,1.0033945110576896,0.8373964476635067,0.503407805618853,0.41584453951219813,0.08074765486894887,COMPLETE
270,1.0034622356442164,0.8590719699381955,0.555214590496914,0.38210267794158304,0.06268273156150295,COMPLETE
271,1.0032291800754427,0.992058779250515,0.5046636163643367,0.49140280806796094,0.003933575567702392,COMPLETE
272,1.0033626587605236,0.9879430159533558,0.5663156206973502,0.42845545366011895,0.005228925642530856,COMPLETE
273,1.003375170896153,0.8496413769097141,0.5011805498844698,0.4238176444255055,0.07500180569002468,COMPLETE
274,1.0032361279812072,0.9917107020491982,0.5079300725013695,0.487991013256965,0.004078914241665588,COMPLETE
275,1.0033277688676752,0.8934396798916373,0.5039531024445074,0.4431879813632191,0.05285891619227349,COMPLETE
276,1.0032355381299507,0.9978542701576721,0.5102802010956731,0.4886689925174391,0.0010508063868878124,COMPLETE
277,1.0043219610577534,0.759887255473805,0.9106919721549499,0.06786403217095327,0.021443995674096824,COMPLETE
278,1.0052415628154703,0.014916006378173752,0.5164760769423237,0.0072122459203278946,0.47631167713734845,COMPLETE
279,1.0032431535086894,0.9993870283420117,0.5146252922666635,0.4850771867939916,0.0002975209393449132,COMPLETE
280,1.0034117177730877,0.8199435683841532,0.5000732204134677,0.40991174758497934,0.09001503200155299,COMPLETE
281,1.0032260945653326,0.9998218217951899,0.5065014723921754,0.493410596926099,8.793068172561055e-05,COMPLETE
282,1.0033631107991319,0.8704665747993886,0.508701630435849,0.4276588089590307,0.06363956060512029,COMPLETE
283,1.0033176715181964,0.8962989337604355,0.5002506481438597,0.44792481121612726,0.05182454064001306,COMPLETE
284,1.0032452418699476,0.9982844201304701,0.515177234016983,0.48399101380540677,0.0008317521776102499,COMPLETE
285,1.0033665062532033,0.9985643463320403,0.5719211133673123,0.42746431360891735,0.000614573023770333,COMPLETE
286,1.003464895026179,0.8797778916711426,0.5678184300827382,0.38022379040093307,0.05195777951632869,COMPLETE
287,1.0032477857467903,0.9673245737952092,0.5025662346885976,0.48117990502119845,0.01625386029020396,COMPLETE
288,1.003353984106712,0.9861502235049674,0.5616629233909468,0.43226620606853183,0.0060708705405213715,COMPLETE
289,1.0033225075859133,0.9931237910403917,0.5497676740403273,0.4471364344060035,0.003095891553669175,COMPLETE
290,1.0033749302708035,0.8531802913568243,0.5035769911949128,0.4235383272885556,0.07288468151653156,COMPLETE
291,1.003306812608475,0.9995897547137425,0.5449429910406667,0.4548703239664293,0.0001866849929040257,COMPLETE
292,1.0032298977783984,0.9813180834394806,0.5001873649149199,0.49047517714052735,0.009337457944552815,COMPLETE
293,1.0033098235007916,0.9037449386888031,0.5005513815352746,0.45137416107261075,0.04807445739211473,COMPLETE
294,1.0033258819501432,0.9960041393622693,0.5524316423239898,0.44577993689287887,0.001788420783131353,COMPLETE
295,1.0032282021535424,0.9848423449565946,0.500955539028048,0.491480117181217,0.007564343790735029,COMPLETE
296,1.0033192488755878,0.895797085247494,0.5007952905465236,0.4471861236702463,0.05201858578323012,COMPLETE
297,1.0032351188581687,0.9817268720746679,0.5029779953997867,0.48793985792844863,0.009082146671764693,COMPLETE
298,1.0032302223044143,0.9893934964058887,0.5040018868882733,0.4907373073423347,0.005260805769391955,COMPLETE
299,1.0035471982940214,0.8484065504390677,0.5933630407515267,0.34499345987702895,0.061643499371444345,COMPLETE
300,1.0032305489868252,0.9989303711358455,0.5083012046504296,0.49117286012559447,0.0005259352239759043,COMPLETE
301,1.003231493202381,0.9865534287875914,0.5033633722750206,0.48995856794358505,0.006678059781394372,COMPLETE
302,1.0032252896221057,0.9932992725930794,0.5032887924062731,0.49338288119167895,0.003328326402047926,COMPLETE
303,1.0035068951624666,0.8373520645580865,0.5662851797326955,0.36317200018026685,0.07054282008703765,COMPLETE
304,1.0035063123687242,0.8401753572944263,0.5676274804458291,0.36326873610071686,0.06910378345345405,COMPLETE
305,1.0033958556797897,0.9864344406228283,0.5808133839021742,0.41350011516703505,0.005686500930790752,COMPLETE
306,1.0044045968513269,0.2013578488184165,0.7769705055455082,0.04490873922641543,0.1781207552280764,COMPLETE
307,1.0032241261680104,0.9995586531620638,0.5054250789889402,0.49435664193354906,0.0002182790775107643,COMPLETE
308,1.003359360277463,0.864252255142776,0.5024486873901287,0.4300098439723296,0.0675414686375417,COMPLETE
309,1.003388151474825,0.8396789334006749,0.501390203168731,0.4186721423864072,0.07993765444486184,COMPLETE
310,1.0032255828221943,0.9954914714557187,0.5043899400908329,0.4933755878072336,0.0022344721019334443,COMPLETE
311,1.0034024608684255,0.9847352508298279,0.5831732745307194,0.41046397005756785,0.00636275541171274,COMPLETE
312,1.0032136039827975,0.9994839802184551,0.5002163100792569,0.49952579165025046,0.0002578982704926152,COMPLETE
313,1.0034799465868214,0.8793728264719379,0.5751705691311454,0.3735834573916095,0.05124597347724518,COMPLETE
314,1.0032393888218676,0.9707947777922973,0.5000038154841272,0.4853936848440832,0.014602499671789594,COMPLETE
315,1.0033821346844913,0.9882173062709398,0.575269341893908,0.41972618684428575,0.005004471261806243,COMPLETE
316,1.0034525803727312,0.8842860810004813,0.563921988759572,0.3856177155702819,0.05046029567014607,COMPLETE
317,1.0036371414777254,0.9759264565077513,0.6803066079541709,0.3119972392682294,0.0076961527775997705,COMPLETE
318,1.0033499511265314,0.9914189263338721,0.5617934912354619,0.43444622643185293,0.003760282332685234,COMPLETE
319,1.003376283231973,0.9995619336508591,0.5766661738353956,0.4231483778609086,0.00018544830369577562,COMPLETE
320,1.0032355580924737,0.9846118881714361,0.5045049401078109,0.4878703265000671,0.007624733392121984,COMPLETE
321,1.0037935271133913,0.6386561692975361,0.5916015643167247,0.26082618048058676,0.14757225520268852,COMPLETE
322,1.0044635141232106,0.29719723135420173,0.9362388707153158,0.018949631091425473,0.044811498193258775,COMPLETE
323,1.0032207003614213,0.9976664619958947,0.5029287385691915,0.4959113267515112,0.0011599346792973506,COMPLETE
324,1.003247788231873,0.9977440154320566,0.516184639130163,0.4827238808819807,0.0010914799878563208,COMPLETE
325,1.003467329176605,0.8605327544784499,0.5587196806383956,0.3797361687173715,0.061544150644232916,COMPLETE
326,1.0032448796166655,0.9933065803944132,0.5128994745614129,0.4838401572317248,0.0032603682068622613,COMPLETE
327,1.0034762728447473,0.8528012187126273,0.5590133131416317,0.3760739839888602,0.06491270286950808,COMPLETE
328,1.0034409311627146,0.8379056332607111,0.5304414854038048,0.3934457245256838,0.07611279007051142,COMPLETE
329,1.003225527594354,0.9987351822448234,0.5057603611644328,0.4936145157650559,0.0006251230705113042,COMPLETE
330,1.0033906672198443,0.9921422449129407,0.5805107980197394,0.4161929585694338,0.00329624341082685,COMPLETE
331,1.0033550710184138,0.9964275319308997,0.5659760494572591,0.4324734138382022,0.0015505367045386994,COMPLETE
332,1.0034537576280536,0.8826530272257019,0.5636755232094155,0.38512312029187995,0.05120135649870457,COMPLETE
333,1.003235211684751,0.9921095763611356,0.5076537555107647,0.4884614240432113,0.0038848204460239662,COMPLETE
334,1.0033788429658335,0.8580743676493073,0.5091999484086187,0.4211429439115219,0.06965710767985937,COMPLETE
335,1.00342527781679,0.8101122320484047,0.5002798452917762,0.4048294099302533,0.09489074477797053,COMPLETE
336,1.003216557924789,0.996004737865575,0.5001603774123148,0.49784263227027536,0.0019969903174098746,COMPLETE
337,1.0032393448307209,0.9775714126836299,0.5031718028963241,0.48568504250370137,0.011143154599974527,COMPLETE
338,1.003216361353543,0.9982942555120402,0.5010616771757871,0.49808726153022365,0.0008510612939893049,COMPLETE
339,1.003361788075915,0.8654757516689575,0.5046451125857377,0.42871764352775044,0.06663724388651181,COMPLETE
340,1.0033403454013052,0.8805602609852491,0.5026984424352328,0.4379039893176023,0.059397568247164925,COMPLETE
341,1.0033452425355796,0.9958400274153648,0.5612774499057651,0.43689747631358167,0.001825073780653254,COMPLETE
342,1.003297479043815,0.9959749236942727,0.5391724258656536,0.45897270798467243,0.0018548661496739709,COMPLETE
343,1.0032410098122273,0.9878527194129779,0.5086397112277942,0.4853915974751697,0.00596869129703618,COMPLETE
344,1.00321571650818,0.9968926331432756,0.5001328094681181,0.49831391979125916,0.0015532707406227175,COMPLETE
345,1.0033406630634942,0.8855913438468026,0.5060737321612269,0.4374168272965749,0.05650944054219828,COMPLETE
346,1.004080940432796,0.6627388112213571,0.7875134070947303,0.1408231119825149,0.0716634809227548,COMPLETE
347,1.0033724947256533,0.9959218584452171,0.5736823533282698,0.424579062961301,0.001738583710429246,COMPLETE
348,1.0033207684822079,0.8938640039502089,0.5004226808009933,0.4465541828219357,0.05302313637707099,COMPLETE
349,1.003344781913919,0.8737865738698815,0.5007149611114008,0.43626856351495963,0.06301647537363958,COMPLETE
350,1.0032407625795985,0.9935450341380258,0.5109927875699007,0.4858506875676038,0.0031565248624954804,COMPLETE
351,1.0032464756688506,0.9687161773075924,0.502574540606621,0.48186408951902715,0.015561369874351862,COMPLETE
352,1.0033993203277225,0.9923251291504553,0.5844424917741572,0.4123681580196509,0.003189350206191935,COMPLETE
353,1.0034599262982549,0.8748556198299684,0.5627273993998055,0.3825503920327453,0.054722208567449124,COMPLETE
354,1.0032218578904957,0.9987275224181215,0.5039556860166367,0.4954131087142012,0.0006312052691621492,COMPLETE
355,1.0033353697811713,0.9975189740531568,0.5573727089459257,0.44152912126018823,0.0010981697938860686,COMPLETE
356,1.0032345686950108,0.9871293755532177,0.5051433735992221,0.4884875126073718,0.006369113793406082,COMPLETE
357,1.003241077497785,0.9717499299902849,0.5013083723495059,0.4846035542561089,0.01408807339438525,COMPLETE
358,1.003323687514537,0.891177833121667,0.5003331148921275,0.44529205195308674,0.05437483315478575,COMPLETE
359,1.0033811452474335,0.992402515733209,0.5763262474078757,0.4204548979225533,0.0032188546695709522,COMPLETE
360,1.003221509860538,0.9958284819810086,0.5025297069568189,0.4953950867518386,0.0020752062913425647,COMPLETE
361,1.0032334657405446,0.9852434371518187,0.5037522134313629,0.4889248749178662,0.007322911650770941,COMPLETE
362,1.003490762430487,0.8425842930151777,0.5607448041458556,0.3701095286520077,0.06914566720213673,COMPLETE
363,1.0033667145684144,0.995919732533368,0.5710725000729837,0.4271773610035203,0.00175013892349602,COMPLETE
364,1.003243889809847,0.9838427195166541,0.508279627343661,0.48377550867595526,0.00794486398038382,COMPLETE
365,1.0033124510980669,0.9030213049301947,0.5015263468096142,0.4501323287773036,0.0483413244130823,COMPLETE
366,1.0032234453453304,0.996418562603374,0.5037399545117172,0.4944827212029198,0.0017773242853630436,COMPLETE
367,1.003480759792434,0.8432418100090284,0.5557686356256654,0.37459445975779415,0.06963690461654047,COMPLETE
368,1.003584436826719,0.7045570092837452,0.5017246931077125,0.35106336002397037,0.1472119468683171,COMPLETE
369,1.0034421779501435,0.8757083189580216,0.5540727256212215,0.39050222382377264,0.055425050555005934,COMPLETE
370,1.0044933696222618,0.0703986096599909,0.9179930555093627,0.005773174874604914,0.07623376961603237,COMPLETE
371,1.0033584735406258,0.8640099279892705,0.501782701858057,0.4304646918906291,0.06775260625131395,COMPLETE
372,1.0032432157280238,0.9782945904101493,0.505433045497195,0.48383217618571656,0.010734778317088427,COMPLETE
373,1.0034854146550938,0.8758672048287477,0.5761487073360053,0.37123744696866456,0.052613845695330175,COMPLETE
374,1.0033504869278098,0.9954313700695404,0.5635238228183096,0.43448207905468555,0.0019940981270048534,COMPLETE
375,1.0033974662590421,0.9996329776851374,0.5861269901814324,0.4137211091884448,0.0001519006301227749,COMPLETE
376,1.003387895235024,0.8406817570613525,0.5019899618332969,0.4186679539201752,0.07934208424652792,COMPLETE
377,1.0032768606106095,0.9998724071345334,0.5309761880157933,0.46896396789206357,5.9844092143131367e-05,COMPLETE
378,1.0034006182670556,0.8304412760699122,0.5017138836810506,0.413797358283829,0.08448875803512033,COMPLETE
379,1.003239899405474,0.9741738134937807,0.5018631808084332,0.4852718447935106,0.012864974398056228,COMPLETE
380,1.0032255313828347,0.9951025410770634,0.5041956326452167,0.49337618583185067,0.00242818152293261,COMPLETE
381,1.0033400819953264,0.9975512687400988,0.5595461042246241,0.4393753425522454,0.001078553223130425,COMPLETE
382,1.0034689930621687,0.8732541315266259,0.5665059063723505,0.3785505082527349,0.054943585374914575,COMPLETE
383,1.003454452784993,0.8677975717541567,0.5560708574028796,0.38524063197668584,0.05868851062043453,COMPLETE
384,1.0032318256276325,0.9956106112395867,0.5075074419475574,0.49033081675354007,0.0021617412989025776,COMPLETE
385,1.0032777666181627,0.9999245831819321,0.5314263525414918,0.4685383091249864,3.5338333521784076e-05,COMPLETE
386,1.003345702153652,0.9993161928097494,0.5627602589610372,0.436940753360177,0.00029898767878576595,COMPLETE
387,1.0032147278860049,0.9997672454556196,0.5008933642521183,0.498990466410281,0.0001161693376007481,COMPLETE
388,1.0042034938899977,0.9614788430791759,0.8853405485042732,0.11024263677220425,0.004416814723522514,COMPLETE
389,1.0032217068852218,0.9919664568664899,0.5009290233678702,0.4950616684146726,0.0040093082174572385,COMPLETE
390,1.0032275790060667,0.9885475836195794,0.5023165972724439,0.49198372517389555,0.005699677553660527,COMPLETE
391,1.0034792602077311,0.88156399688252,0.5759186064905147,0.3738548882657306,0.050226505243754674,COMPLETE
392,1.0032265557408537,0.9905239764604769,0.5026901025041751,0.4925973772007166,0.00471252029510828,COMPLETE
393,1.003225703913576,0.9869940972545055,0.500687518017444,0.49281847240227933,0.006494009580276604,COMPLETE
394,1.00333519091566,0.8840484369897738,0.5021067466457872,0.4401617524155452,0.05773150093866754,COMPLETE
395,1.003379563285403,0.8512316917142526,0.5048456228396752,0.4214910981299004,0.07366327903042444,COMPLETE
396,1.0033984191114216,0.8320217846139917,0.5016275703822334,0.41465671829298517,0.08371571132478148,COMPLETE
397,1.0045403147782097,0.4566412242046417,0.9891223359233459,0.0049671898404501985,0.005910474236203938,COMPLETE
398,1.0033724142427003,0.8537629603426926,0.5025509127695535,0.42470360533363627,0.07274548189681015,COMPLETE
399,1.0036346943403947,0.8857211367935953,0.651352271907714,0.30880466206640383,0.03984306602588212,COMPLETE
400,1.0033527682077779,0.868695838429034,0.5017647548650341,0.43281488400741447,0.06542036112755142,COMPLETE
401,1.0032471869912647,0.998802904662972,0.5163344461898615,0.4830865600309913,0.0005789937791472079,COMPLETE
402,1.0032287643626567,0.9983991970354825,0.5072025003001014,0.4920086280014722,0.0007888716984263988,COMPLETE
403,1.0032167245191224,0.9981880204052268,0.501194799183222,0.49790137597113127,0.0009038248456467473,COMPLETE
404,1.0034533678221453,0.8821205627381423,0.5632030124165888,0.3853076044894041,0.05148938309400715,COMPLETE
405,1.0034570108131982,0.9024525843697717,0.5750073009316378,0.38353575961252817,0.04145693945583406,COMPLETE
406,1.0033941330147573,0.9918732704711223,0.5819678840789418,0.41463488198058324,0.0033972339404748967,COMPLETE
407,1.0034733322827518,0.8706038462999419,0.5673205397806016,0.37669240228199097,0.05598705793740744,COMPLETE
408,1.003442464510178,0.8807850510355834,0.5569576946394336,0.39022503953792903,0.052817265822637426,COMPLETE
409,1.003320401610123,0.9996219234875042,0.5512611298667683,0.4485692125061904,0.0001696576270412658,COMPLETE
410,1.0034424788420853,0.8912088414977111,0.5623699016931525,0.390019812916575,0.04761028539027253,COMPLETE
411,1.003240360258277,0.9949057033689179,0.5113785479134864,0.4861322694692749,0.0024891826172387574,COMPLETE
412,1.0032366009343352,0.9935736055857183,0.5089694755204289,0.4878749686598137,0.0031555558197573397,COMPLETE
413,1.0034677900358646,0.858500124918166,0.5578098024990946,0.37962033979211574,0.06256985770878963,COMPLETE
414,1.0032294777976267,0.9845488975265773,0.5014570631662987,0.4908398988292827,0.00770303800441864,COMPLETE
415,1.0033437867641704,0.8766820525238093,0.5020752656332018,0.43652167812705717,0.061403056239741044,COMPLETE
416,1.0032796594682205,0.9318807093833662,0.5007189744639263,0.4652703562582109,0.03401066927786276,COMPLETE
417,1.0032357149842135,0.9862695972672963,0.5053263536521447,0.4878815779622442,0.006792068385611071,COMPLETE
418,1.0035069512561194,0.9995718946061738,0.6332742234221428,0.3665687792948491,0.00015699728300808474,COMPLETE
419,1.0032344812248,0.9782910888844953,0.5010765738337403,0.4880923418541734,0.010831084312086386,COMPLETE
420,1.003319287308075,0.9967637633405304,0.5496648378662387,0.4488777709730159,0.0014573911607454616,COMPLETE
421,1.0033345265214981,0.9950995539605677,0.5560815180717046,0.4417430833616991,0.0021753985665963114,COMPLETE
422,1.0032369640258485,0.9760286342510267,0.5012634216974736,0.48678118137164506,0.011955396930881318,COMPLETE
423,1.0032282082390078,0.9911552049560807,0.5037863555368449,0.49182473647988223,0.004388907983272862,COMPLETE
424,1.0034474369688722,0.8700982908837662,0.5537024786531928,0.3883227105495181,0.057974810797289084,COMPLETE
425,1.0033486761152934,0.8704503262042949,0.500655906285658,0.43465422926183694,0.06468986445250502,COMPLETE
426,1.0046528303075841,0.021051613090322385,0.7192945863360142,0.005909301760813124,0.2747961119031727,COMPLETE
427,1.0033348538201476,0.9964393065580881,0.556733679457655,0.44168798506176954,0.001578335480575546,COMPLETE
428,1.003226295672757,0.986271367801962,0.5006550564851631,0.4924896204453717,0.006855323069465254,COMPLETE
429,1.0033483168359072,0.8755579120280935,0.5038469931137082,0.434410690755822,0.06174231613046985,COMPLETE
430,1.0033908796839237,0.9855346705911507,0.5782485206479548,0.41565070527454834,0.0061007740774968195,COMPLETE
431,1.0032330373426936,0.998766487107901,0.5094466851635173,0.48994821099836994,0.0006051038381127273,COMPLETE
432,1.0033740340300406,0.9904158778938521,0.5724004138383675,0.4235014195153211,0.0040981666463113945,COMPLETE
433,1.003327193078206,0.8878473361598276,0.5001451015775986,0.44379484003077024,0.05606005839163111,COMPLETE
434,1.003718260077363,0.6818924185326433,0.5788562552547989,0.28717472665419935,0.13396901809100176,COMPLETE
435,1.0033370549747076,0.9979834413988351,0.5583182469562676,0.4407910759056544,0.0008906771380779285,COMPLETE
436,1.0032192425933286,0.9966313413996825,0.5017607973748648,0.4965608048501967,0.0016783977749385162,COMPLETE
437,1.0034533780377548,0.8835151832336119,0.5639281994508771,0.38527605676516935,0.05079574378395352,COMPLETE
438,1.0034597218750365,0.8706256691806264,0.5603522064976144,0.3827686544218003,0.05687913908058526,COMPLETE
439,1.0033826087161513,0.9987100218551206,0.5792003552142477,0.42025682244060564,0.0005428223451466399,COMPLETE
440,1.0033123479166486,0.9036378446696688,0.5018403501531213,0.45015591228903035,0.04800373755784833,COMPLETE
441,1.0033888920757934,0.8450399644990072,0.5057700617759023,0.417644049451238,0.07658588877285966,COMPLETE
442,1.003215447185743,0.9996217843363016,0.5011852441158515,0.4986260963301892,0.00018865955395930086,COMPLETE
443,1.0033536626329311,0.8660886314453706,0.5004949422275202,0.4326156518862078,0.06688940588627197,COMPLETE
444,1.0033729298173513,0.9994046917393573,0.5751073035458782,0.4246397543220359,0.000252942132085886,COMPLETE
445,1.0034542676840326,0.8801978543989066,0.562658927671421,0.38494667350413225,0.05239439882444673,COMPLETE
446,1.0036093700235134,0.6902481334878594,0.5030144798559592,0.3430433276499172,0.15394219249412372,COMPLETE
447,1.003277119923144,0.9997942836113661,0.5310680953358582,0.4688354376861991,9.646697794270936e-05,COMPLETE
448,1.0032314706811627,0.9935519977303878,0.5064432176005643,0.49037432714634166,0.0031824552530940434,COMPLETE
449,1.0045590872932928,0.2018963089384368,0.9973242543253755,0.0005402231753646689,0.0021355224992598057,COMPLETE
450,1.0032411040764293,0.9982526491380536,0.5131569353235171,0.4859923790277878,0.0008506856486950986,COMPLETE
451,1.0032302098679708,0.9983119401845397,0.5078725427187546,0.4912967166965243,0.0008307405847211132,COMPLETE
452,1.0032264208412924,0.9854009199067377,0.5003224674605686,0.49238270022108455,0.007294832318346824,COMPLETE
453,1.0034675576699879,0.8725806594304597,0.5654185721507264,0.37920734888894986,0.05537407896032369,COMPLETE
454,1.003370817128025,0.856987171165197,0.5039099577260633,0.425142801971564,0.07094724030237272,COMPLETE
455,1.003231449870449,0.9982378451922028,0.5084472268832465,0.4906865810343198,0.0008661920824337227,COMPLETE
456,1.0032224503370917,0.9988383247874342,0.5042943687741659,0.49512978228130977,0.0005758489445243483,COMPLETE
457,1.0033154624654803,0.8991735711072801,0.5008190759749761,0.4488502940842126,0.05033062994081127,COMPLETE
458,1.0033461647695907,0.9928044146651165,0.5605737341107353,0.4362643366946693,0.003161929194595417,COMPLETE
459,1.0032260351405748,0.9892980054609951,0.5018865851881463,0.49278260776673216,0.005330807045121535,COMPLETE
460,1.0032232995034138,0.9958827498959436,0.5034355613409559,0.4945199586723044,0.0020444799867396527,COMPLETE
461,1.0034333999317286,0.9021004985561655,0.5632540057934632,0.39398877911612507,0.042757215090411804,COMPLETE
462,1.0034376912526382,0.892786234741344,0.5607677461289646,0.3921405101104758,0.047091743760559586,COMPLETE
463,1.0033716751708832,0.8572270746709932,0.5045644895719397,0.42470073329237656,0.07073477713568382,COMPLETE
464,1.0034195735282656,0.9021528364074497,0.5564134154512552,0.4001828954429431,0.043403689105801675,COMPLETE
465,1.0033430888448378,0.9927588927472983,0.5591440127662347,0.4376637017472099,0.003192285486555369,COMPLETE
466,1.0033572516298126,0.99586935474209,0.5667647756755254,0.4314456832995591,0.0017895410249154486,COMPLETE
467,1.003369640844535,0.9929395239612223,0.5713243365049714,0.4256490092445148,0.0030266542505137757,COMPLETE
468,1.0033629172164995,0.8657820312220802,0.5054841919021411,0.4281429008063927,0.06637290729146622,COMPLETE
469,1.0034433443951032,0.799634679539259,0.5026199583114204,0.3977223302448707,0.09965771144370895,COMPLETE
470,1.0033355506982076,0.8831795736267414,0.5017476910138766,0.4400462618089038,0.058206047177219535,COMPLETE
471,1.0036181334034824,0.8984445160826279,0.6485114085732879,0.3157929974329369,0.03569559399377525,COMPLETE
472,1.003219602802534,0.9990905399375426,0.5030029152390814,0.49654508576117085,0.0004519989997478114,COMPLETE
473,1.003356582934942,0.8654676321640513,0.5017152494431619,0.4312493232078816,0.06703542734895647,COMPLETE
474,1.0032329179866628,0.9982749317841257,0.50918010355405,0.4899731986428725,0.0008466978030776038,COMPLETE
475,1.0033079592096044,0.9078066718887534,0.5019706058132063,0.4521144068394853,0.045914987347308436,COMPLETE
476,1.0034451847165176,0.8755484098928246,0.5555362807861715,0.38914950261271847,0.055314216601110106,COMPLETE
477,1.0033697811684592,0.9918441963724642,0.5709913930804276,0.42550969696701374,0.003498909952558713,COMPLETE
478,1.003247775166638,0.9948233783727407,0.5149524102488229,0.4825366819078212,0.002510907843355936,COMPLETE
479,1.0034354622229928,0.8909679545492619,0.5587223595240118,0.39316423672321577,0.0481134037527724,COMPLETE
480,1.0032341947694934,0.983440647970911,0.5032989520526251,0.48847600044119693,0.008225047506177986,COMPLETE
481,1.0033414433959182,0.8803270077623824,0.5031523239105156,0.4373884280055492,0.059459248083935226,COMPLETE
482,1.0033797475668025,0.8453773866756957,0.5007182508198563,0.42208150033678005,0.07720024884336363,COMPLETE
483,1.0032318027381486,0.9916725492924425,0.5057865414529351,0.4900979203320027,0.00411553821506218,COMPLETE
484,1.0034544953856592,0.8659359684165839,0.5550524278517669,0.3852961067827881,0.05965146536544502,COMPLETE
485,1.0034081011580935,0.999779228351512,0.5908732511884629,0.40903642522476147,9.032358677565649e-05,COMPLETE
486,1.0033863933997906,0.8394651218878398,0.5001975973566862,0.4195666848548046,0.08023571778850917,COMPLETE
487,1.0034761550070967,0.8745553231233217,0.5708181964483557,0.37534323088375826,0.05383857266788602,COMPLETE
488,1.0033527059055194,0.9812203108863546,0.5591804319913385,0.4325411135662474,0.00827845444241411,COMPLETE
489,1.003232189128267,0.983621501099553,0.5023842404531964,0.4894655603762212,0.008150199170582401,COMPLETE
490,1.0034368022190698,0.8973620362723346,0.562613890224025,0.3924936901058038,0.04489241967017121,COMPLETE
491,1.0032932972861943,0.9187139487725045,0.500521212899353,0.45887812882533646,0.04060065827531053,COMPLETE
492,1.0033331765870095,0.886182670939494,0.502362177984793,0.4409980142739487,0.05663980774125834,COMPLETE
493,1.0034153346714048,0.9996254948161899,0.5940020468155038,0.40584590484641225,0.0001520483380838854,COMPLETE
494,1.0036994462195987,0.7758465233901457,0.6345910464139631,0.2835012662553578,0.08190768733067905,COMPLETE
495,1.0033162368853439,0.9948283909296974,0.5475057950775197,0.45015408178804384,0.0023401231344364454,COMPLETE
496,1.0032362401344426,0.997572126992386,0.5105029558201004,0.4883086075190283,0.0011884366608712381,COMPLETE
497,1.0033973689600881,0.9994493496024892,0.586021652739506,0.41375038991901414,0.00022795734147985003,COMPLETE
498,1.0032439441665417,0.987176811895105,0.5097846010711459,0.4839292746564733,0.00628612427238085,COMPLETE
499,1.0032389635935115,0.9827624035382816,0.505357986455579,0.4861155741219305,0.008526439422490583,COMPLETE
500,1.003233753191334,0.9984097194487764,0.5096448730950207,0.48957532468346954,0.0007798022215097523,COMPLETE
501,1.0032349003952306,0.9994243617924276,0.510632508894432,0.4890857924801438,0.0002816986254242354,COMPLETE
502,1.0043414242914033,0.3126878356928552,0.8259443109070921,0.05442509671248988,0.11963059238041804,COMPLETE
503,1.0033372102858256,0.8834157647237543,0.5028099364991733,0.4392255401606348,0.05796452334019194,COMPLETE
504,1.0032238645786409,0.9879994878240873,0.5002264093027778,0.49377605163686056,0.005997539060361621,COMPLETE
505,1.0036390828189872,0.703847606763776,0.5432009596241719,0.3215169113405161,0.135282129035312,COMPLETE
506,1.0034666576024904,0.873583189192408,0.565489187862773,0.379581341005422,0.05492947113180499,COMPLETE
507,1.0032369063585864,0.9776817085613582,0.5020055375369002,0.48688007691501856,0.011114385548081245,COMPLETE
508,1.003232677890703,0.9972379501685714,0.5086216654891795,0.4900211230648172,0.0013572114460032687,COMPLETE
509,1.003221843240378,0.9972004783906427,0.5032898733402462,0.49531957592658327,0.0013905507331705618,COMPLETE
510,1.0034833035673207,0.8738837729965828,0.5740820070356805,0.37220282267879157,0.05371517028552796,COMPLETE
511,1.0032248432073514,0.9920415666999026,0.5025147106786788,0.4935260858284778,0.003959203492843381,COMPLETE
512,1.0033476732642876,0.8770081776208916,0.50443694797571,0.43461284915206966,0.06095020287222035,COMPLETE
513,1.0033946908772258,0.9872363056658052,0.5805764209456038,0.4140701846947919,0.005353394359604291,COMPLETE
514,1.0033552774206438,0.9972500386801837,0.5663680708961631,0.432439458071764,0.0011924710320728787,COMPLETE
515,1.0036360560022133,0.7229285513876542,0.5599175380651519,0.31814817669767226,0.1219342852371759,COMPLETE
516,1.0033127103490977,0.9989068190176525,0.5474265713514299,0.4520786839832557,0.0004947446653143986,COMPLETE
517,1.0034939204168296,0.8501229073840337,0.5667808625394749,0.36828951267234494,0.06492962478818014,COMPLETE
518,1.0042495813291932,0.6717641028336824,0.8705430864718958,0.0869645073718245,0.04249240615627967,COMPLETE
519,1.0033664917080138,0.8594343067053618,0.50315865625013,0.42700249580822985,0.06983884794164014,COMPLETE
520,1.0034431891046498,0.8901545107624611,0.5621923553817009,0.3897164497032675,0.04809119491503163,COMPLETE
521,1.0034401673223667,0.8563199427086783,0.541832455182649,0.3923380057289698,0.0658295390883812,COMPLETE
522,1.0033536843829332,0.9947768131408764,0.5647424725301424,0.4329840960720424,0.0022734313978151877,COMPLETE
523,1.0032141497187383,0.999892437262651,0.5006622612381277,0.4992840286278294,5.371013404289716e-05,COMPLETE
524,1.0033756752768312,0.8492851122764598,0.501213631950664,0.42361183659074786,0.07517453145858809,COMPLETE
525,1.003315469528609,0.9960472818074325,0.547617141415498,0.45059471662936934,0.0017881419551326442,COMPLETE
526,1.0033475326010286,0.9938917814641578,0.5616052167725194,0.435716972086554,0.002677811140926622,COMPLETE
527,1.003236814293728,0.977710334378378,0.5019728375728033,0.48692630350620925,0.011100858920987465,COMPLETE
528,1.0032133225264144,0.9995390726617867,0.5001012057596319,0.49966837721976287,0.00023041702060527406,COMPLETE
529,1.0033283451463908,0.8887586381835527,0.5013514385990117,0.4431782163629301,0.055470345038058276,COMPLETE
530,1.0032301829874304,0.9898944581073089,0.504204510057647,0.4907852078485333,0.00501028209381975,COMPLETE
531,1.003463393937369,0.8731674133422447,0.5636025935861717,0.3810479945476267,0.05534941186620154,COMPLETE
532,1.0042088570468863,0.38486680067305223,0.5441542349243773,0.17543990120501468,0.280405863870608,COMPLETE
533,1.0033723100154948,0.8511808654301252,0.5006434210429769,0.42504276503486554,0.07431381392215755,COMPLETE
534,1.0040459206572878,0.5480317569631926,0.7110046764026037,0.1583786149452275,0.13061670865216882,COMPLETE
535,1.0033575382639113,0.997786738520764,0.5675880206869848,0.43145493853604155,0.0009570407769736694,COMPLETE
536,1.0033548831218033,0.8650287596014121,0.500456370124855,0.4321196065176836,0.06742402335746141,COMPLETE
537,1.003380188045832,0.9939635170615583,0.5764504898776845,0.42099276073087677,0.002556749391438707,COMPLETE
538,1.0034542495787855,0.8645935484453465,0.5541669855837614,0.38546434794822104,0.06036866646801753,COMPLETE
539,1.003279610877661,0.9315241008695272,0.5004991126976143,0.46529711492788595,0.034203772374499834,COMPLETE
540,1.0032185071054411,0.9983928105738827,0.5021624655538584,0.4970374152248555,0.0008001192212861268,COMPLETE
541,1.0032270995100006,0.9971900700147491,0.5058689509591293,0.49274257538952726,0.0013884736513434105,COMPLETE
542,1.0032331581185872,0.9930951594567735,0.5070737519851913,0.4895226708726955,0.0034035771421131655,COMPLETE
543,1.0036290695677639,0.9036101741279524,0.6551882740033399,0.31157538376920185,0.03323634222745825,COMPLETE
544,1.0034437042667113,0.8788003331458599,0.5565317823730811,0.38972001739013706,0.05374820023678186,COMPLETE
545,1.0035382664668815,0.7352543483683324,0.503442532622976,0.36509603710372324,0.13146143027330076,COMPLETE
546,1.0042723130678406,0.48861489377255657,0.8445341407394742,0.07596293430784105,0.07950292495268477,COMPLETE
547,1.0033667770936054,0.8591751405232994,0.5031404782733528,0.42688934939983136,0.06997017232681578,COMPLETE
548,1.0034563918179615,0.8548621782830128,0.5496574558085123,0.3849808083010491,0.06536173589043856,COMPLETE
549,1.003345180976707,0.8771511587968848,0.5031535730190025,0.4358094191704737,0.06103700781052374,COMPLETE
550,1.004507274699733,0.6864300522127994,0.978687633617644,0.014629448768618944,0.006682917613737062,COMPLETE
551,1.0032272412328906,0.999783050360209,0.5070460918643586,0.49284696196283784,0.00010694617280360286,COMPLETE
552,1.0032233614232842,0.9997734985589372,0.5051418031034576,0.4947461108018236,0.00011208609471882695,COMPLETE
553,1.0032976853084976,0.9164635355458643,0.501550794870994,0.45681052082255463,0.04163868430645138,COMPLETE
554,1.003352509366642,0.9948517744700277,0.5642340566726669,0.43352252197280283,0.002243421354530236,COMPLETE
555,1.0033333312267576,0.9964939782553568,0.5560534478897534,0.44239006584508866,0.0015564862651579027,COMPLETE
556,1.0035858987851012,0.8903232211349004,0.6308304076057393,0.3286802606455164,0.0404893317487443,COMPLETE
557,1.0032314105801334,0.979903293596409,0.500289425935039,0.48966803737120757,0.010042536693753415,COMPLETE
558,1.0032233513491169,0.996413435717496,0.5036914559155738,0.49452850158711137,0.001780042497314782,COMPLETE
559,1.004203350426515,0.37828639462458236,0.6297379583222181,0.14006509281262494,0.23019694886515693,COMPLETE
560,1.0034385214652497,0.8927421849509469,0.561161533517226,0.3917696114083546,0.04706885507441945,COMPLETE
561,1.0034003157911822,0.8285372141882907,0.5000483564980336,0.41422854193597675,0.0857231015659897,COMPLETE
562,1.0034364101386255,0.8995563371537576,0.5635007514128982,0.3926556652293808,0.043843583357721,COMPLETE
563,1.003427061752048,0.9033086178284754,0.560707009967202,0.396817143648265,0.04247584638453303,COMPLETE
564,1.0033205156897516,0.9938253996591979,0.5491112712844834,0.44810467101752594,0.002784057697990647,COMPLETE
565,1.0032238854196074,0.9889378136600113,0.5006586608965243,0.4938175321630536,0.005523806940422124,COMPLETE
566,1.0040030866701448,0.8503304625695445,0.7977381069454024,0.17198944908130773,0.030272443973289893,COMPLETE
567,1.003339966224077,0.9956842707033826,0.5588016110224729,0.43929429616459637,0.0019040928129307074,COMPLETE
568,1.003214439973925,0.9986286105522344,0.5002582048469819,0.4990564545285378,0.0006853406244802885,COMPLETE
569,1.0034312340729457,0.8954462058077972,0.558876141640889,0.39500268525896215,0.04612117310014891,COMPLETE
570,1.0033641671372404,0.8571806550171168,0.5002571540661149,0.4283699000177257,0.07137294591615936,COMPLETE
571,1.0032872718721622,0.999375347278902,0.5357021455027359,0.46400782957905246,0.0002900249182116877,COMPLETE
572,1.0033562081957,0.9920754530848463,0.5649005693053597,0.431651464843344,0.003447965851296322,COMPLETE
573,1.0048764587779602,0.010707640050325318,0.628650159495604,0.00397628042486679,0.3673735600795292,COMPLETE
574,1.003335319021146,0.9932598017474109,0.5557539254189996,0.44125176796539,0.002994306615610422,COMPLETE
575,1.003291907353169,0.9216788908730311,0.5014698499603322,0.45948471575532684,0.03904543428434099,COMPLETE
576,1.003397556090222,0.8307593606631338,0.5001363638095895,0.41526639482029476,0.08459724137011575,COMPLETE
577,1.0034497959222712,0.8797733406473264,0.5601622060086524,0.3869575653627184,0.052880228628629185,COMPLETE
578,1.0032302823145518,0.9964878991417507,0.5071281089997826,0.49114087520882865,0.001731015791388803,COMPLETE
579,1.003570346329333,0.9758804162896508,0.6528705732465747,0.33875680948652054,0.008372617266904761,COMPLETE
580,1.0033700220070072,0.9992659715821697,0.5737520924812375,0.42593502944160305,0.00031287807715948333,COMPLETE
581,1.0034189334634265,0.8802314650718578,0.5445284732074406,0.4009203693271305,0.054551157465428914,COMPLETE
582,1.0035009996922746,0.9979663949604178,0.6303009083829547,0.3689472696812039,0.0007518219358413717,COMPLETE
583,1.003648918061852,0.7429364431046228,0.5847804886711211,0.3084817068543169,0.10673780447456198,COMPLETE
584,1.0043685276051757,0.247013445025767,0.7245867731976453,0.06803076995811254,0.20738245684424214,COMPLETE
585,1.0034268583183608,0.8935982430465735,0.5557363388351143,0.3969932270663801,0.04727043409850557,COMPLETE
586,1.003294349660315,0.924005300701255,0.5040480167991298,0.4582622613709038,0.037689721829966376,COMPLETE
587,1.0034576941538786,0.8777491308910281,0.563117474254602,0.3834732572745003,0.053409268470897685,COMPLETE
588,1.0034421865220617,0.8727838827531175,0.5524668418207599,0.3905997274564423,0.056933430722797836,COMPLETE
589,1.003221142841162,0.996173135869675,0.5024987974817533,0.4955973330115361,0.0019038695067106113,COMPLETE
590,1.0033812163479205,0.852541648889397,0.5067147807922144,0.42054619415617317,0.07273902505161242,COMPLETE
591,1.0033208317652473,0.897535552730052,0.5027153839626278,0.44633062271925455,0.05095399331811764,COMPLETE
592,1.0033149169148872,0.9951182860950154,0.5470025613330705,0.4507860347716668,0.002211403895262757,COMPLETE
593,1.0033374434251083,0.8807393676173922,0.5012151015981574,0.4392994959955441,0.05948540240629851,COMPLETE
594,1.0032240552628866,0.9991692504087667,0.5052239454884838,0.4943650195064787,0.00041103500503746906,COMPLETE
595,1.0044837653879148,0.08496263267352538,0.8187988062015686,0.015395330468700409,0.16580586332973096,COMPLETE
596,1.0033115766432752,0.9994150159954451,0.5470930428464575,0.452642013828056,0.00026494332548643887,COMPLETE
597,1.0033462088113223,0.9975120126093543,0.5623334048125078,0.4365776862173589,0.0010889089701333198,COMPLETE
598,1.0033243768901183,0.9969069537874675,0.5520767964679331,0.44653775636387666,0.0013854471681902748,COMPLETE
599,1.003241984527238,0.9891257507641649,0.5096770901250876,0.48499101634689273,0.005331893528019725,COMPLETE
600,1.003234236297209,0.9917679707846708,0.5070256230493295,0.4889161974772039,0.004058179473466616,COMPLETE
601,1.0032332427228112,0.9785595813223184,0.5005819830470444,0.48871028557430674,0.010707731378648881,COMPLETE
602,1.003245683105008,0.99940072297869,0.5158553907152857,0.48385447254537883,0.0002901367393354463,COMPLETE
603,1.0034562709988317,0.877921253484577,0.5624837171634417,0.38410484344778395,0.05341143938877434,COMPLETE
604,1.0033666356059243,0.9957392749026764,0.5709721096844556,0.4271999204158252,0.0018279698997192193,COMPLETE
605,1.003344732452197,0.9993756475660078,0.5623398204968714,0.4373869253047944,0.0002732541983342285,COMPLETE
606,1.0033360422325757,0.8840854821346907,0.5025971844917623,0.439746607963753,0.05765620754448475,COMPLETE
607,1.0032458326383398,0.9665894500413849,0.5012280538902838,0.48210770108626183,0.01666424502345437,COMPLETE
608,1.0033261666233029,0.8909155473433659,0.5015187199618089,0.4441047224456467,0.05437655759254444,COMPLETE
609,1.0033657564050025,0.9994571318852006,0.5718992674826826,0.42786833027971144,0.00023240223760592765,COMPLETE
610,1.0033535266002644,0.8665514228319103,0.5007347092403663,0.43263904807834797,0.0666262426812857,COMPLETE
611,1.0036187561098615,0.7444981890703667,0.5671083043527669,0.32228708347296536,0.11060461217426772,COMPLETE
612,1.0035680065842134,0.8931267517144234,0.623674505707771,0.3361063663045432,0.04021912798768574,COMPLETE
613,1.003237978827556,0.9979554730146856,0.5115121838719838,0.4874890896059451,0.0009987265220710436,COMPLETE
614,1.0033703352598382,0.9992341896577722,0.5738817674549713,0.42579190679553386,0.00032632574949480495,COMPLETE
615,1.0033374534614719,0.8789360907144148,0.5000449836652946,0.43942850759028734,0.06052650874441804,COMPLETE
616,1.0033068394804883,0.9999958628683341,0.5451106259059308,0.4548874921568351,1.8819372340530832e-06,COMPLETE
617,1.0032201687071758,0.9987997009621638,0.5031561303764058,0.49624750840493015,0.0005963612186640392,COMPLETE
618,1.0033005733556895,0.9113323938277165,0.5001090647939147,0.4555668026341376,0.04432413257194767,COMPLETE
619,1.0034523417193673,0.890865847976615,0.5671263028342005,0.3856323932923824,0.04724130387341706,COMPLETE
620,1.0032234667312305,0.99904143144237,0.5048804884994297,0.49464490550457674,0.0004746059959935673,COMPLETE
621,1.003231774966508,0.9980339204240289,0.5085193681646416,0.4905143418031216,0.0009662900322368492,COMPLETE
622,1.0032214132836963,0.9940987256648691,0.5017250987881913,0.4953344443254476,0.0029404568863611214,COMPLETE
623,1.0047227918314112,0.1573534542207335,0.5545140405941997,0.07009875451934013,0.3753872048864601,COMPLETE
624,1.003227858286879,0.9881923327115976,0.5022961028189179,0.4918271751550266,0.005876722026055472,COMPLETE
625,1.0035865083781077,0.7553810212955697,0.5555452899037481,0.33573265283213316,0.10872205726411878,COMPLETE
626,1.0033406155187268,0.8802388190476121,0.502639522143081,0.4377959996697304,0.05956447818718857,COMPLETE
627,1.003421357212298,0.8911567173448376,0.5516845331917468,0.3995193397357614,0.048796127072491785,COMPLETE
628,1.0034610439216862,0.8643244701001276,0.557565823141905,0.38240668546705914,0.060027491391035914,COMPLETE
629,1.0034430976494795,0.8862604977070266,0.5601519454346615,0.3898199557545443,0.05002809881079419,COMPLETE
630,1.0033748798333557,0.9898345360448865,0.5725725444644696,0.4230824571428581,0.004344998392672325,COMPLETE
631,1.0034186419621582,0.8820078171148701,0.5453633303134282,0.40099309661062743,0.053643573075944376,COMPLETE
632,1.0032307124999826,0.9881360856264259,0.5036849111347461,0.49042684914864365,0.005888239716610216,COMPLETE
633,1.0032330736716528,0.9970591033585052,0.508738868059379,0.48981638372759995,0.0014447482130210928,COMPLETE
634,1.0034677914009311,0.8817067342631736,0.5702576766270048,0.37890670051587233,0.05083562285712291,COMPLETE
635,1.0032402797970066,0.9935406841037527,0.5107550490333003,0.48608476327776184,0.003160187688937917,COMPLETE
636,1.0034024404577542,0.8297248089086382,0.5022435805044454,0.413000850048997,0.0847555694465576,COMPLETE
637,1.003377793664513,0.9904252696976528,0.5741050722825453,0.42181709864742245,0.004077829070032299,COMPLETE
638,1.0034216889667904,0.9987673180583333,0.5965038771151853,0.40299874050060214,0.0004973823842126399,COMPLETE
639,1.0033336243699469,0.8927925643993319,0.5067172353209173,0.4403991844518304,0.0528835802272523,COMPLETE
640,1.0032209776289538,0.9998750762005426,0.5040153910860626,0.49592264863211943,6.196028181791582e-05,COMPLETE
641,1.0032243439467112,0.993401385137679,0.5028667493567366,0.4938528597870148,0.003280390856248614,COMPLETE
642,1.0032295887087144,0.9915279257797718,0.504631912209034,0.49117129258486836,0.004196795206097593,COMPLETE
643,1.0034353919293437,0.8927919070774274,0.5596172303397322,0.39317017276902994,0.04721259689123788,COMPLETE
644,1.0033594859270754,0.8656705370062631,0.5034854518525883,0.4298180155261919,0.06669653262121976,COMPLETE
645,1.0032328929077887,0.9835888628297741,0.5027193227279283,0.4891197358652569,0.008160941406814812,COMPLETE
646,1.0034631486009922,0.8845465181596655,0.5693631559312032,0.380918321012321,0.04971852305647581,COMPLETE
647,1.0034276119931949,0.8961581766750482,0.5574206956129144,0.3966210624536418,0.04595824193344383,COMPLETE
648,1.003448865004947,0.8750726097766375,0.5571730400929654,0.38750574348530314,0.05532121642173142,COMPLETE
649,1.0032289242089019,0.9839151143842401,0.5008928686290312,0.49107905025285675,0.008028081118112101,COMPLETE
650,1.0033343598334519,0.8837779467788799,0.5014774408969955,0.4405832437070061,0.057939315395998385,COMPLETE
651,1.003527044106787,0.9948082331460828,0.64029484758367,0.3578376471288317,0.0018675052874983372,COMPLETE
652,1.0033153093866312,0.996172650585647,0.5475907106418992,0.4506777609294282,0.0017315284286725983,COMPLETE
653,1.003389060171828,0.9911045343363585,0.5794234177739591,0.4168353576799174,0.003741224546123452,COMPLETE
654,1.0033646978543365,0.8572183104441542,0.5005868226525813,0.42810612009930105,0.07130705724811771,COMPLETE
655,1.003323447536587,0.8928412805334055,0.5012416614643235,0.44531203365490724,0.05344630488076934,COMPLETE
656,1.003226625397112,0.9878395014374273,0.5015261694294717,0.49241214027039526,0.006061690300133032,COMPLETE
657,1.0032312807857067,0.9864162632351918,0.5031964622794031,0.4900550892403749,0.006748448480222037,COMPLETE
658,1.0033867300019204,0.8396474311668138,0.5005325889433643,0.4193765286452433,0.08009088241139246,COMPLETE
659,1.0034745712398419,0.8826574255252765,0.5741246337863446,0.37590205433677937,0.04997331187687601,COMPLETE
660,1.003388111891113,0.9888773714046444,0.5782036594856357,0.4171048564759429,0.004691484038421425,COMPLETE
661,1.0034359655569656,0.8761670296581417,0.5511123316528216,0.39330057502591637,0.05558709332126205,COMPLETE
662,1.0033482255087949,0.989831274621551,0.5604056199289202,0.4351242655422274,0.004470114528852361,COMPLETE
663,1.0033631097241187,0.8587159166690621,0.5007357185156167,0.42872618513498284,0.07053809634940045,COMPLETE
664,1.003623935837558,0.6964694889981229,0.5231385892591823,0.33211942306158126,0.1447419876792364,COMPLETE
665,1.0032244594622375,0.9869320267213065,0.5000403247013997,0.49342621562137395,0.0065334596772263715,COMPLETE
666,1.003258796131448,0.9980769641673392,0.5216298924885889,0.47745018465339284,0.0009199228580182652,COMPLETE
667,1.0036109488472054,0.8460000669937892,0.6239811397716286,0.31811198094413046,0.05790687928424095,COMPLETE
668,1.0033633241203255,0.9886658287756838,0.5668881157067964,0.4282029200373382,0.004908964255865411,COMPLETE
669,1.0032320524747373,0.9953812142730198,0.5075199057314849,0.4902054342382859,0.00227466003022926,COMPLETE
670,1.0032203588663728,0.9994015944971137,0.5035084229131446,0.49619447379499,0.00029710329186545043,COMPLETE
671,1.0034493647970328,0.8672409647225812,0.5531067931883558,0.3875640958032983,0.05932911100834591,COMPLETE
672,1.0033381685771787,0.9930756185332138,0.5569984739728727,0.43993401447054703,0.0030675115565802448,COMPLETE
673,1.0032169740644379,0.9981730911613379,0.5013114490564703,0.49777749242207137,0.0009110585214583295,COMPLETE
674,1.0032134440380358,0.9999516357301368,0.5003396687723017,0.4996361655205988,2.416570709943744e-05,COMPLETE
675,1.003223477330502,0.9940047091620061,0.502703529097391,0.4943150339268399,0.002981436975769103,COMPLETE
676,1.0033346332442294,0.8869345667182317,0.5036325623049863,0.4402454382850658,0.056121999409947866,COMPLETE
677,1.003448770316128,0.9046270607532625,0.5720086074586278,0.3871725954623973,0.04081879707897487,COMPLETE
678,1.0036015539838345,0.6928700169624633,0.5000516733242898,0.3463992055841545,0.15354912109155572,COMPLETE
679,1.0034542042121088,0.8762870941062764,0.5605639355323504,0.385072151977855,0.05436391248979461,COMPLETE
680,1.0033397492160976,0.8854757189275575,0.5055034386876603,0.437864698135249,0.05663186317709069,COMPLETE
681,1.0033599337650392,0.8606729134807157,0.5002992931923969,0.4300788631964727,0.06962184361113043,COMPLETE
682,1.0033214608963377,0.9966275335114234,0.5506209435778743,0.44786354061367395,0.001515515808451786,COMPLETE
683,1.0034041904494542,0.9953809077694659,0.5876606363995166,0.410434730049733,0.001904633550750384,COMPLETE
684,1.003352325426048,0.8759852795096672,0.5063389279481015,0.4324398321844243,0.061221239867474235,COMPLETE
685,1.0033336391141172,0.9943293962966862,0.5553825825100026,0.44209616831582077,0.0025212491741766186,COMPLETE
686,1.0033475792053708,0.8726679999332803,0.501528992483025,0.4349996971545657,0.06347131036240933,COMPLETE
687,1.0033101191142464,0.997911813023361,0.545841040801588,0.4532105903744899,0.0009483688239220647,COMPLETE
688,1.003284824234095,0.927790053313056,0.5011672525616386,0.4628120613401355,0.036020686098225896,COMPLETE
689,1.0034792971002138,0.8746507401364284,0.5724542138265614,0.3739532383188093,0.05359254785462937,COMPLETE
690,1.003357996862897,0.9885630669054088,0.5644139147286502,0.4306043163571665,0.004981768914183303,COMPLETE
691,1.003335961993341,0.8838995579897789,0.5024344971651575,0.4397979280266794,0.05776757480816312,COMPLETE
692,1.0032360873511035,0.9954115060833412,0.5095080472690711,0.488241333389653,0.0022506193412759785,COMPLETE
693,1.0032467222304973,0.9637684012352098,0.5003047129246156,0.48159052792941237,0.018104759145971983,COMPLETE
694,1.003306585533726,0.9965676342284222,0.5436739981676793,0.45475972408295057,0.0015662777493702037,COMPLETE
695,1.0035652025520936,0.7656083396104597,0.5504818905621803,0.34415481339152204,0.10536329604629763,COMPLETE
696,1.0034404027719146,0.8879325661378648,0.559653856103145,0.3909976815392479,0.049348462357607085,COMPLETE
697,1.0032946455476757,0.9166247022707865,0.5000365007049469,0.4582788936875887,0.04168460560746447,COMPLETE
698,1.0033775787655894,0.847868884956066,0.5012849128128137,0.4228450048841669,0.07587008230301938,COMPLETE
699,1.003509004736183,0.7525777518760982,0.5012989816274434,0.37531129126513946,0.12338972710741722,COMPLETE
700,1.0033104916849542,0.9024314992236183,0.5001192910484237,0.4511080976121362,0.0487726113394401,COMPLETE
701,1.003233078404347,0.9783423583001836,0.5003986790717181,0.48878113452686217,0.01082018640141973,COMPLETE
702,1.003341133194838,0.8821136549037885,0.5041290657130748,0.4374145222043959,0.0584564120825293,COMPLETE
703,1.003317399923519,0.9983350559586699,0.5493861487521996,0.4498636044012246,0.0007502468465758368,COMPLETE
704,1.0034357796590707,0.8862495089513956,0.5564380166277996,0.39310658995311976,0.050455393419080674,COMPLETE
705,1.0032203608136039,0.9992127237879337,0.5034282651208429,0.4961807957647022,0.0003909391144548599,COMPLETE
706,1.0035674821277543,0.8905072571914107,0.6223758968603895,0.3362770043362209,0.04134709880338958,COMPLETE
707,1.0033936296201897,0.994297603367529,0.582589835007747,0.41502992667304206,0.0023802383192109726,COMPLETE
708,1.0033471196002102,0.9991480448304179,0.563344999918984,0.4362829895963731,0.000372010484642912,COMPLETE
709,1.0033257144602556,0.892840804281361,0.5024713652686335,0.4442138663865608,0.053314768344805745,COMPLETE
710,1.003217053964011,0.9987511157587009,0.501601197520215,0.49777636006948567,0.0006224424102993451,COMPLETE
711,1.003358903508323,0.9885229781072208,0.564814062769826,0.43019129870115363,0.004994638529020348,COMPLETE
712,1.003416560459588,0.9133444992200657,0.5603731598993009,0.4015307561154729,0.038096083985226195,COMPLETE
713,1.0034754028163195,0.8535214075001873,0.5589688304731029,0.376429544566051,0.06460162496084616,COMPLETE
714,1.0032618234909394,0.9991008840929766,0.5235003073528613,0.47607126419378787,0.0004284284533508066,COMPLETE
715,1.0044327048242316,0.1978460522967712,0.8791412531854488,0.023911425942793933,0.0969473208717573,COMPLETE
716,1.0034419476631717,0.8800485919353986,0.5563005025072449,0.39047711801094304,0.05322237948181203,COMPLETE
717,1.0034132318405995,0.9063310983237657,0.5553300375186655,0.40301821548729555,0.041651746994038924,COMPLETE
718,1.0032350163427195,0.980131040027144,0.5021949829228717,0.487914149118536,0.00989086795859235,COMPLETE
719,1.0032334731641757,0.984816519529877,0.5035634027455346,0.48889896187539794,0.007537635379067477,COMPLETE
720,1.003232601195113,0.992661483131497,0.506611432067642,0.48976782760385984,0.0036207403284981244,COMPLETE
721,1.0032303336062958,0.9869013714153592,0.502944692591037,0.4905445645511885,0.006510742857774481,COMPLETE
722,1.0045281315586985,0.26725772984644147,0.5051099192432686,0.13226319950656612,0.36262688125016523,COMPLETE
723,1.003305075943424,0.9998757046397534,0.5442429770466986,0.45570037446994854,5.664848335290165e-05,COMPLETE
724,1.0033320349220805,0.997000620788316,0.5556460067513926,0.4430212071186287,0.0013327861299786577,COMPLETE
725,1.003396014349892,0.8321189426314516,0.5002734860518697,0.41583189839141954,0.08389461555671078,COMPLETE
726,1.0045601147918142,0.835855837505834,0.9989761255475982,0.0008558114379131492,0.00016806301448866928,COMPLETE
727,1.003308058535146,0.9061213523245364,0.5010260159488291,0.4521309812032086,0.04684300284796227,COMPLETE
728,1.0035878463206602,0.7601124912621382,0.5601889871046968,0.3343058446963733,0.1055051681989299,COMPLETE
729,1.0034887455794221,0.9883921035245169,0.6221896910643387,0.3734247259821658,0.004385582953495445,COMPLETE
730,1.0034303979146126,0.8896458651535363,0.5554818207002259,0.3954637601996223,0.04905441910015181,COMPLETE
731,1.0032182148757878,0.9952978982794511,0.5006700762228982,0.496982023683388,0.00234790009371384,COMPLETE
732,1.003346732973211,0.99340236168752,0.5610570901333198,0.43604692330755235,0.0028959865591278414,COMPLETE
733,1.0033638607468212,0.9982273079047814,0.5706073906342132,0.42863142848141883,0.0007611808843680079,COMPLETE
734,1.003460646033079,0.8717674978657898,0.5614449348524096,0.38231805182008327,0.056237013327507086,COMPLETE
735,1.0034423701616622,0.87985831695737,0.5564150371811112,0.39029191881342506,0.05329304400546373,COMPLETE
736,1.003408748532498,0.8919401852357568,0.5456698060549148,0.40523535734557664,0.0490948365995086,COMPLETE
737,1.0032320473348213,0.9940934217955564,0.5069613204464595,0.49012650803494195,0.0029121715185986075,COMPLETE
738,1.0032288678455559,0.9950977449451551,0.5058346657784958,0.49174280971388773,0.002422524507616475,COMPLETE
739,1.0032974905202343,0.9150023255492782,0.5006072075522623,0.45694556645222806,0.04244722599550971,COMPLETE
740,1.0033448694796245,0.997530106867606,0.5617283889301671,0.4371891270275283,0.0010824840423046284,COMPLETE
741,1.003370020907043,0.8540901230426186,0.5014131147580783,0.42583813416370886,0.07274875107821287,COMPLETE
742,1.0033188711742913,0.8989416761163713,0.5025141194453596,0.44721079131001734,0.05027508924462306,COMPLETE
743,1.0033123413073286,0.9930934741884162,0.545014883160364,0.4518427503862966,0.003142366453339416,COMPLETE
744,1.0033265790601005,0.8909566511844137,0.5017687987659519,0.4439024025670752,0.05432879866697288,COMPLETE
745,1.0032414351769845,0.9700577424498802,0.5006812780440165,0.4843679921835808,0.014950729772402721,COMPLETE
746,1.0033371451863484,0.8800310653087717,0.500589973530456,0.4394963376198747,0.05991368884966931,COMPLETE
747,1.0036776929198605,0.7567343377061342,0.6114200994989175,0.2940517536516022,0.09452814684948031,COMPLETE
748,1.0034573126003148,0.8888643488256275,0.5686080113111127,0.38344895911454024,0.04794302957434703,COMPLETE
749,1.0044797817927853,0.18467675394163935,0.6753949788898573,0.05994700161177846,0.2646580194983642,COMPLETE
750,1.0034251501804754,0.9979115954610618,0.5977369479006622,0.4014229641154864,0.0008400879838513968,COMPLETE
751,1.0032377189622292,0.9952547124556745,0.51023827670319,0.4874376630915623,0.0023240602052477253,COMPLETE
752,1.003302625601732,0.9974250553315124,0.5421538326413013,0.45666723881107085,0.0011789285476277727,COMPLETE
753,1.0033460892827668,0.8779034251725752,0.5041442398538276,0.4353134702238757,0.06054228992229672,COMPLETE
754,1.0032275584256571,0.990985239495006,0.5033902314979449,0.4921329503745686,0.004476818127486513,COMPLETE
755,1.0033649257135002,0.856322541855268,0.500082918660404,0.42809026580958964,0.07182681553000637,COMPLETE
756,1.0034232866300214,0.8911842135953196,0.552678776340668,0.39864561293133793,0.04867561072799414,COMPLETE
757,1.0035054954740819,0.7543743625538035,0.5007242772112049,0.3766408051173868,0.12263491767140827,COMPLETE
758,1.0035888439056444,0.8754846734825474,0.6262077124963769,0.32724941877540403,0.046542868728219146,COMPLETE
759,1.0032235418471607,0.9974100352145155,0.5042161871985144,0.4944997501851166,0.0012840626163690653,COMPLETE
760,1.003341976654703,0.9881681475978848,0.5568928580758916,0.4378643636225392,0.00524277830156914,COMPLETE
761,1.0042187648886245,0.40173956321489923,0.7481617380416185,0.10117339335995958,0.15066486859842199,COMPLETE
762,1.0033197217990788,0.8954886880059852,0.5008611580768175,0.44697318668661756,0.05216565523656493,COMPLETE
763,1.0033767973383918,0.9979659768307174,0.5763387357846943,0.4227995273879642,0.0008617368273414822,COMPLETE
764,1.0034435367587085,0.8670857251687065,0.5499665468757646,0.3902175830524047,0.05981587007183065,COMPLETE
765,1.0033188749659727,0.9956741733226603,0.5490576959783892,0.4489916057729331,0.0019506982486777213,COMPLETE
766,1.0034495889758113,0.8895023245803283,0.5650699461666098,0.3868712939146479,0.0480587599187423,COMPLETE
767,1.0032281305260886,0.9946966343382131,0.5052983118175837,0.4920781042364817,0.0026235839459346406,COMPLETE
768,1.0033345815115184,0.9965336147074412,0.5566436121118131,0.44181954382584926,0.0015368440623376174,COMPLETE
769,1.003239236462224,0.9888770673738491,0.5082181544315946,0.4863117892333839,0.005470056335021539,COMPLETE
770,1.0033044006838567,0.911394114681774,0.5021788461147582,0.4537112698150992,0.04410988407014267,COMPLETE
771,1.0032372550576272,0.9822880340042587,0.5042954184087104,0.48692467889821156,0.008779902693078101,COMPLETE
772,1.0032402217749112,0.9979077873687945,0.5125832545651351,0.486396965963405,0.001019779471459907,COMPLETE
773,1.0032326317857285,0.9925608681866513,0.5065826301137055,0.4897467730327145,0.003670596853579953,COMPLETE
774,1.0033581275214087,0.9995233163037741,0.5684776909791023,0.43131660937162974,0.00020569964926801142,COMPLETE
775,1.003482200525306,0.850523502475925,0.5608331508142204,0.37352172674080564,0.065645122444974,COMPLETE
776,1.003971399240229,0.5462026616666666,0.6418946624979799,0.19559808850064336,0.16250724900137675,COMPLETE
777,1.003961545987412,0.6990438731224201,0.7379848278129759,0.18316010078245512,0.07885507140456896,COMPLETE
778,1.0034787010794493,0.8314346074201676,0.547266106048036,0.3764186273837549,0.076315266568209,COMPLETE
779,1.0035944642034986,0.756984710358201,0.5618329517849822,0.3316857560815532,0.10648129213346466,COMPLETE
780,1.0032249944300469,0.9972495572105622,0.5048609506757046,0.49377719769631234,0.0013618516279831018,COMPLETE
781,1.003450184666393,0.885135266647125,0.5631499897165191,0.3866713503370682,0.05017865994641271,COMPLETE
782,1.00322002028468,0.9952074884126149,0.5015230154999696,0.4960880277757692,0.0023889567242611986,COMPLETE
783,1.0033585926082806,0.8640458042241717,0.5018744874090133,0.4304032591312569,0.06772225345972986,COMPLETE
784,1.0033708470123406,0.9989324265634234,0.5740056732924327,0.425539546480242,0.00045478022732533104,COMPLETE
785,1.0034136911084715,0.8849625463728081,0.5444293770559173,0.40316293853324187,0.05240768441084082,COMPLETE
786,1.003347292449156,0.8719859364574913,0.5009134322525862,0.43519646815058377,0.06389009959682998,COMPLETE
787,1.003422643593517,0.8893019347591353,0.5513620288734916,0.398974615729217,0.04966335539729139,COMPLETE
788,1.0033443078277737,0.9965442454607585,0.5611093870391572,0.43737391473287285,0.0015166982279699245,COMPLETE
789,1.003329903344131,0.8881521027502307,0.5018193859468162,0.44246015992073634,0.05572045413244747,COMPLETE
790,1.003299209794873,0.9998640678201608,0.5414988136516532,0.4584388612826276,6.232506571919202e-05,COMPLETE
791,1.003472406704827,0.7777525114097571,0.5015276353834208,0.38768813344890457,0.11078423116767458,COMPLETE
792,1.003590798503074,0.8832209051712607,0.6302809777961073,0.3265435694499556,0.04317545275393715,COMPLETE
793,1.0033093819089136,0.9035231231491925,0.5001810809036781,0.4515979507909623,0.04822096830535958,COMPLETE
794,1.0034327636604259,0.8827240224284233,0.5530298129990915,0.3945513213750265,0.052418865625881994,COMPLETE
795,1.0032311818064545,0.9815754759751251,0.5009469434714662,0.4898582414988366,0.00919481502969724,COMPLETE
796,1.003233264661262,0.9983640143245779,0.5093871141773145,0.4898102501693021,0.0008026356533834184,COMPLETE
797,1.0033185940769869,0.8982676667040428,0.5019553481542675,0.44737740732789355,0.05066724451783904,COMPLETE
798,1.0033981548429654,0.9990664986477175,0.586239992293751,0.4133737621795348,0.00038624552671421756,COMPLETE
799,1.0033705703529585,0.9995762985680416,0.5741077123546585,0.42571183647320615,0.00018045117213535145,COMPLETE
800,1.0032263608317826,0.9949699811992425,0.5045463452102671,0.4929615135912365,0.0024921411984963654,COMPLETE
801,1.0034159587925424,0.9001985625054475,0.5536225978990295,0.4018282957062098,0.04454910639476074,COMPLETE
802,1.003420109085394,0.9062041541574822,0.5586799895270949,0.3999260268033702,0.04139398366953494,COMPLETE
803,1.0033225198528402,0.9967440883644503,0.5511557312182339,0.44738287150448974,0.00146139727727636,COMPLETE
804,1.0034820139288652,0.7715858386401295,0.5020044287337645,0.3842463304945287,0.1137492407717068,COMPLETE
805,1.0032867909814005,0.9937919778049203,0.533254410910787,0.4638480221126917,0.002897566976521363,COMPLETE
806,1.0032307673716092,0.9844322914230212,0.502045571075685,0.4902024194902054,0.007752009434109617,COMPLETE
807,1.0035820011139185,0.8990867652052923,0.6324321014241966,0.33047543292382603,0.03709246565197736,COMPLETE
808,1.0033718614552651,0.8513249171488608,0.5004888944698603,0.425246250530382,0.07426485499975764,COMPLETE
809,1.0032340904162953,0.9929333512281275,0.5074612845082836,0.48905811738278715,0.0034805981089291783,COMPLETE
810,1.0034749865283819,0.9995343288359541,0.619756255173453,0.38006667627927243,0.00017706854727456717,COMPLETE
811,1.0033824636003839,0.8443333148102201,0.5015286555385665,0.4208759626070292,0.0775953818544043,COMPLETE
812,1.0033117365749784,0.9033030687773778,0.5013122458229873,0.4504661787097942,0.04822157546721855,COMPLETE
813,1.0032274993770078,0.9988597413578757,0.5067796102426468,0.4926579909454605,0.0005623988118927392,COMPLETE
814,1.0033178729219578,0.9983672959602578,0.5496176402832879,0.44964701861857403,0.0007353410981381231,COMPLETE
815,1.0033060119829034,0.9066095451054477,0.5002219697648459,0.45310353264518977,0.04667449758996438,COMPLETE
816,1.0045541203010424,0.057841427070916995,0.9922689438254394,0.0004471753219020096,0.0072838808526585926,COMPLETE
817,1.0033271338607628,0.9949060636915842,0.5525947695855797,0.4451261766666371,0.002279053747783159,COMPLETE
818,1.0035570713962367,0.7662747176502708,0.5459355733951592,0.3479380902916565,0.10612633631318433,COMPLETE
819,1.0034353268227787,0.8949013654439033,0.5606502312132456,0.3931747079947297,0.04617506079202467,COMPLETE
820,1.003441249218955,0.8901378358182028,0.5612097203552227,0.3905838299010661,0.04820644974371122,COMPLETE
821,1.0032587154085921,0.9984800154433492,0.5217563311367243,0.47751674587228754,0.0007269229909882034,COMPLETE
822,1.0034268247541316,0.8863107482601293,0.5519082275041134,0.3971485541700369,0.0509432183258497,COMPLETE
823,1.0032394224653722,0.9791260330061062,0.5039278840926507,0.48571712293330827,0.010354992974041053,COMPLETE
824,1.0033554372819433,0.9995407325794446,0.5672656376508038,0.4325356215548144,0.0001987407943817811,COMPLETE
825,1.003353371164643,0.9952611515922323,0.5647769921371292,0.433160552005036,0.002062455857834846,COMPLETE
826,1.0032426523971973,0.9723458924558038,0.5023810358989772,0.4838577557517416,0.013761208349281179,COMPLETE
827,1.0032280344856004,0.9932616359050936,0.5046258681820462,0.49203612055456625,0.0033380112633875085,COMPLETE
828,1.0033295028840368,0.8917835058379605,0.5038700603514609,0.44244049693095,0.05368944271758914,COMPLETE
829,1.0033126439594033,0.9006390628904942,0.5001917538746334,0.45014683041529163,0.04966141571007493,COMPLETE
830,1.003332816467137,0.8862773959010407,0.5022253140592309,0.44116645240104324,0.05660823353972588,COMPLETE
831,1.0033314699787985,0.9962511692232908,0.5551051045353614,0.44322705978811994,0.0016678356765186494,COMPLETE
832,1.0033621486568138,0.9996900931737401,0.5703545543024955,0.4295122956410114,0.00013315005649311868,COMPLETE
833,1.003434154127317,0.8948519296049801,0.5600386257637349,0.3937002846869806,0.04626108954928452,COMPLETE
834,1.003551986910725,0.9061832378500737,0.6214494334730409,0.3430361780653795,0.03551438846157957,COMPLETE
835,1.0032265943370924,0.9958590279459698,0.5050467976183666,0.49290361500251834,0.002049587379115093,COMPLETE
836,1.0032265732531847,0.997868561958963,0.5059020435104254,0.49304481730911404,0.00105313918046052,COMPLETE
837,1.0032187411958864,0.9967143741659792,0.5015494791586645,0.49681279893307806,0.0016377219082574204,COMPLETE
838,1.0034614956500942,0.8805506783693934,0.5665002115694542,0.3817185327755056,0.05178125565504019,COMPLETE
839,1.0034407115605035,0.8845782572341312,0.5580673934486783,0.39092397491810515,0.05100863163321656,COMPLETE
840,1.0033093568489988,0.9069578503771647,0.5022149124043828,0.45147009299552965,0.046314994600087596,COMPLETE
841,1.003236212846622,0.9756459798252646,0.5007076839099996,0.4871325409508541,0.012159775139146246,COMPLETE
842,1.0034290381640822,0.8776164374510587,0.5483226059831258,0.3963995054142673,0.05527788860260695,COMPLETE
843,1.0035130451058905,0.9823184998276604,0.630670948265936,0.36279876004217815,0.0065302916918858755,COMPLETE
844,1.0032374759213003,0.9800885430778659,0.5034009111476355,0.48671107748710957,0.00988801136525492,COMPLETE
845,1.003352020526301,0.9929420171881442,0.563307224897363,0.433610605001901,0.0030821701007360085,COMPLETE
846,1.0035318389633232,0.7819613160459566,0.542904541462751,0.35743096631641724,0.09966449222083176,COMPLETE
847,1.0033324943444892,0.9936656904630604,0.5546032231184654,0.4425754958300117,0.0028212810515228573,COMPLETE
848,1.0034483128093588,0.8758490782221728,0.5573088840331896,0.38773060585667596,0.054960510110134496,COMPLETE
849,1.0032168299754471,0.995791422698695,0.5002014466326303,0.4976951125204427,0.0021034408469269737,COMPLETE
850,1.0033316196293949,0.9999544673317939,0.5565525044418976,0.4434273042104203,2.019134768205571e-05,COMPLETE
851,1.003232378961905,0.9860614632711655,0.5035814608372006,0.4894991911218044,0.006919348040995045,COMPLETE
852,1.0033383243057121,0.8889010762151484,0.5068651124179541,0.43834813229091685,0.054786755291129106,COMPLETE
853,1.0034886816277255,0.7672449140994819,0.5022448578243818,0.38190010130110763,0.11585504087451061,COMPLETE
854,1.0034818591646388,0.8726684119525008,0.5727297845728906,0.3728652203713785,0.054404995055730945,COMPLETE
855,1.0032335413731444,0.991393521224398,0.5065201884182085,0.4892326880572248,0.004247123524566736,COMPLETE
856,1.0032338299499957,0.997298136235557,0.5092103139487892,0.4894636391825066,0.0013260468687041399,COMPLETE
857,1.0032299669330855,0.99455114829854,0.5061379090530723,0.4911711096523849,0.0026909812945427767,COMPLETE
858,1.0034279230279073,0.8711485265966503,0.5440870558723833,0.3971678895331143,0.058745054594502466,COMPLETE
859,1.0033530667017325,0.9989670243061338,0.5659840780762487,0.43356759402565315,0.00044832789809815606,COMPLETE
860,1.0034150210320856,0.8193454403796607,0.5015967765677416,0.4083644085897462,0.09003881484251221,COMPLETE
861,1.0034340023641968,0.8921299746433244,0.5585818806821802,0.39380233559411054,0.04761578372370926,COMPLETE
862,1.0039503695536718,0.5143932641704716,0.5399144442688434,0.23666491081023508,0.22342064492092154,COMPLETE
863,1.0034706547602652,0.8691037020314458,0.5651519834828318,0.3779280209761022,0.05691999554106602,COMPLETE
864,1.0034553123643466,0.9016902344088005,0.5738222992748935,0.3842802708666249,0.041897429858481605,COMPLETE
865,1.0034273084546979,0.8931097181644566,0.555712237579577,0.39679771827922106,0.047490044141201955,COMPLETE
866,1.0034376146439756,0.8710119095748445,0.5490927655601836,0.39274557131053656,0.05816166312927981,COMPLETE
867,1.0032196607890413,0.9995950518036315,0.5032482849781094,0.49655055631084954,0.0002011587110410703,COMPLETE
868,1.0033673620454002,0.8546875965156154,0.5003150159854315,0.4270745580023553,0.07261042601221324,COMPLETE
869,1.0034321365659906,0.8857524870162733,0.5543226401677623,0.39475982987825103,0.050917529953986615,COMPLETE
870,1.003381293745057,0.8484694640653561,0.5038641677845555,0.42095610366345765,0.0751797285519869,COMPLETE
871,1.0044052188460777,0.4665205167617562,0.9199146579178705,0.03736145517319706,0.04272388690893241,COMPLETE
872,1.0034341717211446,0.8845991923974653,0.5547496749428138,0.3938680779602958,0.05138224709689037,COMPLETE
873,1.0033122208257301,0.9033009479498351,0.501570573195628,0.4502317737184821,0.04819765308588984,COMPLETE
874,1.003325188419855,0.9901765564094227,0.5498761728401209,0.4457020611349993,0.004421766024879837,COMPLETE
875,1.0032172606905927,0.9982615872542323,0.5014912055563,0.49764218040156183,0.0008666140421382147,COMPLETE
876,1.0033521610871345,0.9967831507482873,0.5647811680880797,0.4338187985381532,0.0014000333737671485,COMPLETE
877,1.0032287965825275,0.9869680939501224,0.5022122108110086,0.4913006654875042,0.006487123701487204,COMPLETE
878,1.0032894485653563,0.9245733744010438,0.5018013806613018,0.4606211786039214,0.03757744073477689,COMPLETE
879,1.0032295664534738,0.9951714740592604,0.5062097270138023,0.49140599384379896,0.002384279142398729,COMPLETE
880,1.00337568100881,0.8537529030671287,0.5044105876914162,0.42311089948778563,0.07247851282079817,COMPLETE
881,1.0032289137484598,0.9936239562838011,0.505217012892944,0.49162822915122995,0.0031547579558260817,COMPLETE
882,1.0035754358002187,0.8991666922624278,0.6294657614394256,0.33317204565648906,0.03736219290408538,COMPLETE
883,1.0032220631350397,0.9960534349733198,0.5029004815012864,0.495137682924227,0.0019618355744866036,COMPLETE
884,1.0035129277542654,0.9971696858841552,0.6350777682133253,0.36388938724286335,0.0010328445438114058,COMPLETE
885,1.0033538006340161,0.9885867404220323,0.5624987941676673,0.4325078910044944,0.004993314827838281,COMPLETE
886,1.00336932422198,0.9945087202369985,0.5717462448036449,0.425902094017016,0.0023516611793391244,COMPLETE
887,1.0034257338249397,0.8980616032518403,0.5574408714407548,0.397445360527653,0.045113768031592165,COMPLETE
888,1.00332717287895,0.8894348863417324,0.5011378639377402,0.4437053872887299,0.05515674877352991,COMPLETE
889,1.0032202560759602,0.9930397945148435,0.5006856680184427,0.49583900162928196,0.0034753303522753,COMPLETE
890,1.003306656349201,0.9107796375925974,0.5030180876685691,0.4526410060032966,0.044340906328134255,COMPLETE
891,1.0036062007269653,0.7424970814855765,0.5573811476982569,0.3286432060445397,0.11397564625720343,COMPLETE
892,1.0032337851127826,0.9768417916524698,0.5000517331064174,0.48837036076587437,0.011577906127708242,COMPLETE
893,1.0034153935631296,0.8836147475901173,0.5445681793639472,0.40242627323583335,0.05300554740021945,COMPLETE
894,1.0033599620929936,0.8646018643157138,0.503026318057978,0.4296843719229168,0.06728931001910517,COMPLETE
895,1.0034283579446006,0.8925852743550128,0.5559717932382585,0.3963330387537934,0.04769516800794812,COMPLETE
896,1.0036762825731749,0.7650298219058012,0.6157443728764245,0.2939670139846509,0.09028861313892461,COMPLETE
897,1.003345760262083,0.879478181191085,0.5049798468200999,0.4353594239715909,0.059660729208309275,COMPLETE
898,1.0033447151307466,0.9876876883086582,0.5579746791153618,0.43658296735844115,0.005442353526197058,COMPLETE
899,1.0032369163958883,0.9903701971992251,0.5077322029511191,0.48752735523812835,0.004740441810752582,COMPLETE
900,1.0033707974915385,0.9918747681743537,0.571463069244899,0.4250549688468649,0.0034819619082361248,COMPLETE
901,1.0032284328281087,0.984268965209743,0.5008094209948123,0.4913377946398886,0.007852784365299117,COMPLETE
902,1.0041986631814286,0.8765285217200178,0.8756661526780427,0.10898216339287763,0.015351683929079669,COMPLETE
903,1.0032269099727629,0.9893364267345017,0.5023372890344998,0.49235584818561307,0.005306862779887102,COMPLETE
904,1.0033081963610762,0.9062079768573523,0.5011511795017602,0.45206078038138636,0.0467880401168534,COMPLETE
905,1.0033132832985834,0.9026787487711566,0.5017670375917802,0.44974430710319857,0.04848865530502124,COMPLETE
906,1.0032169128108757,0.9991300757680379,0.5016953907917032,0.4978711219538481,0.00043348725444869327,COMPLETE
907,1.0032324536975332,0.9804173305085273,0.5010482900373323,0.48918090353426363,0.009770806428404064,COMPLETE
908,1.0032180556950763,0.9964232004657961,0.501083960993747,0.49713151635032865,0.0017845226559244042,COMPLETE
909,1.00344414785544,0.8915930587151703,0.563399190454859,0.3892702512198718,0.04733055832526924,COMPLETE
910,1.0045617437801353,0.31377165609081614,0.999197984154439,0.0002516498400727684,0.0005503660054882864,COMPLETE
911,1.0033323547215436,0.9997242177557795,0.5568049069908996,0.4430728676717228,0.0001222253373775784,COMPLETE
912,1.0033745142099597,0.9968814935461959,0.5749315732529034,0.42374284811497737,0.0013255786321191634,COMPLETE
913,1.0035341013388723,0.7871754371727688,0.5482790157191133,0.35558366328142044,0.09613732099946627,COMPLETE
914,1.003311745054725,0.9954498307963036,0.545651410554131,0.4522812264864295,0.002067362959439511,COMPLETE
915,1.0034349672396667,0.8837394274849153,0.5546993131181138,0.39352977408363765,0.05177091279824856,COMPLETE
916,1.0033430994042722,0.9994767220056712,0.561631687333,0.4381389241755703,0.0002293884914297013,COMPLETE
917,1.003584762809656,0.7512808807468367,0.5510090590030368,0.33731830959954956,0.1116726313974137,COMPLETE
918,1.0032249294797742,0.9925889867157487,0.5027987465850194,0.4935164883209757,0.0036847650940048235,COMPLETE
919,1.0033338380784307,0.88454098734524,0.5016795220062528,0.44078488761894113,0.057535590374806114,COMPLETE
920,1.0033742738264688,0.849505445237483,0.5005640158458318,0.42427358808650717,0.07516239606766106,COMPLETE
921,1.003317526692676,0.8962011273956593,0.5001118823434146,0.44800029461552576,0.05188782304105959,COMPLETE
922,1.0034112023453954,0.9052411128947461,0.5537782111841438,0.40393830870555003,0.04228348011030618,COMPLETE
923,1.003595231015159,0.8666672781129867,0.6255145324011179,0.32455430089679227,0.04993116670208987,COMPLETE
924,1.0032785643205524,0.9992549683628903,0.5315384780529356,0.46811250329244525,0.00034901865461912555,COMPLETE
925,1.0033096647066841,0.998362387719557,0.5458019944849093,0.4534542052835065,0.0007438002315842357,COMPLETE
926,1.0033585217668266,0.9997628107246574,0.5687415347972332,0.43115617531992,0.0001022898828467859,COMPLETE
927,1.0034266285120093,0.8945422596570878,0.5561043285283658,0.39708343701023596,0.04681223446139827,COMPLETE
928,1.0032973654613675,0.9222221183115182,0.5046336467582739,0.45683780762683646,0.03852854561488964,COMPLETE
929,1.0034683520161014,0.8832434725685703,0.5713120145420245,0.37863586492432705,0.050052120533648464,COMPLETE
930,1.0033068483349277,0.9972011325907303,0.5440418401963512,0.45468199337018383,0.0012761664334650239,COMPLETE
931,1.0035227931819417,0.744503933291889,0.5024494923061136,0.37042830998947474,0.1271221977044117,COMPLETE
932,1.0033620658716607,0.8622790144636727,0.5026207836387928,0.42887966049865556,0.06849955586255162,COMPLETE
933,1.0034389824092347,0.87748964450595,0.5533962190193011,0.3918901930077666,0.05471358797293226,COMPLETE
934,1.0032247001198717,0.998218644182899,0.5051331430335696,0.49398532301208276,0.0008815339543476581,COMPLETE
935,1.0033174089304397,0.8995537562458571,0.5020984201893274,0.44788923635943695,0.05001234345123566,COMPLETE
936,1.0033459074255944,0.8722699315975806,0.5003299770598851,0.4358471367313355,0.06382288620877935,COMPLETE
937,1.0034413643055642,0.8866036762274323,0.5594531356297333,0.39059046950114645,0.04995639486912023,COMPLETE
938,1.0032307061676042,0.999312993676433,0.5085402053714929,0.49112215864181835,0.0003376359866887218,COMPLETE
939,1.004020949995391,0.9936654915713997,0.8267062601908909,0.17219600915366465,0.0010977306554444662,COMPLETE
940,1.0033196342359034,0.9009922929639358,0.5041593725281988,0.4467485838904949,0.049092043581306345,COMPLETE
941,1.0032845134932862,0.9988178804202767,0.5341806719989027,0.46526867385285364,0.0005506541482436242,COMPLETE
942,1.003232265013832,0.9955096141026432,0.5076793226898489,0.4901099674837804,0.0022107098263706706,COMPLETE
943,1.0041772603422008,0.5123276610481216,0.7888040289784275,0.1082015378562691,0.1029944331653034,COMPLETE
944,1.0034335008910609,0.8919654599394184,0.5582454489421035,0.39402980131468796,0.04772474974320854,COMPLETE
945,1.00322573550728,0.9903846079002565,0.5022222004418491,0.4929914708368518,0.004786328721299144,COMPLETE
946,1.0033644034582756,0.9951724138156649,0.5697579554318011,0.4281650140179214,0.0020770305502775224,COMPLETE
947,1.0035307226208459,0.94443966699888,0.625948339626808,0.35326922556323564,0.020782434809956375,COMPLETE
948,1.0033289709497533,0.8891728335015404,0.501953440832025,0.44284947023108095,0.05519708893689407,COMPLETE
949,1.0043998061033232,0.5990425041632037,0.9299831195573756,0.04194308739404539,0.028073793048579054,COMPLETE
950,1.0034422525669278,0.8886166152313821,0.5609378851096168,0.39015789041022453,0.04890422448015865,COMPLETE
951,1.0033318923467502,0.9989222438234133,0.5562957650072615,0.4432260300128974,0.0004782049798410894,COMPLETE
952,1.003230824760297,0.9886709846185407,0.5039787415529283,0.490401825980594,0.00561943246647765,COMPLETE
953,1.0032339684186804,0.9987193204370572,0.5098808850809705,0.4894914293851451,0.0006276855338843924,COMPLETE
954,1.0033085888570847,0.9990788813156809,0.5455750501221077,0.454006370565939,0.00041857931195329705,COMPLETE
955,1.003302100888819,0.9107161359069407,0.5005608338744281,0.4548473074944655,0.04459185863110644,COMPLETE
956,1.00348031127501,0.9843514740900708,0.6172894819458979,0.37672166259633005,0.005988855457772026,COMPLETE
957,1.0033715401153138,0.8518947092756763,0.5007143335610036,0.4253388176565612,0.07394684878243525,COMPLETE
958,1.0034898427827494,0.9944904164951281,0.6245373213042612,0.3733940357145018,0.002068642981237043,COMPLETE
959,1.0033036149849568,0.9088099612479035,0.5002460262199128,0.4541813895445668,0.04557258423552039,COMPLETE
960,1.0032320680867686,0.9861712762206074,0.503476704307942,0.48965701218589885,0.006866283506159142,COMPLETE
961,1.003230976417707,0.9918575089008457,0.5054606134439137,0.49051260400287217,0.004026782553214173,COMPLETE
962,1.0033321219664064,0.9988105817260573,0.5563598725704254,0.4431124537549556,0.0005276736746190039,COMPLETE
963,1.0033097881691289,0.9035068750575894,0.5003893934267926,0.4514016178905854,0.04820898868262204,COMPLETE
964,1.003322656395381,0.8926143536814009,0.5006704780680971,0.4457086984932884,0.053620823438614525,COMPLETE
965,1.0036338334226707,0.8041307965396737,0.6149083500405926,0.30966405522263546,0.07542759473677192,COMPLETE
966,1.003431375656994,0.8911553928506881,0.5567581226438859,0.3949973893431644,0.04824448801294972,COMPLETE
967,1.0035331332973982,0.7399917162462901,0.5049696178837163,0.3663183820562856,0.1287120000599981,COMPLETE
968,1.0033526542288653,0.8674822142765346,0.5008783267567384,0.43297917429847355,0.06614249894478806,COMPLETE
969,1.0033686826318138,0.9941501145650398,0.5713271248861519,0.42616518790535707,0.002507687208491027,COMPLETE
970,1.0033206022134498,0.9969682216892788,0.550352293080536,0.44828447475416,0.001363232165303959,COMPLETE
971,1.0033174648530487,0.8967366155155017,0.5004083811693877,0.44800209741007385,0.051589521420538464,COMPLETE
972,1.0035789305751452,0.7618136038324692,0.5559941463049481,0.33824969952613954,0.10575615416891233,COMPLETE
973,1.0033445315927974,0.995583089790186,0.5608571364215046,0.43720320898078857,0.0019396545977068355,COMPLETE
974,1.003423644022599,0.8757636576383386,0.5444749853243818,0.39893225299807733,0.056592761677540925,COMPLETE
975,1.003418784837745,0.8930367682681504,0.5513630361203063,0.40064930434875656,0.04798765953093713,COMPLETE
976,1.0032293143949924,0.99005789798972,0.503847696192187,0.49121950699072037,0.004932796817092715,COMPLETE
977,1.0032239491961636,0.999792623190001,0.5054381427990177,0.49445929654068876,0.000102560660293545,COMPLETE
978,1.0035566460857,0.9054806291853508,0.6233102548289771,0.3410852674651273,0.03560447770589564,COMPLETE
979,1.0032706741814328,0.9998344532558952,0.5280221884124768,0.4718996771975251,7.813438999804667e-05,COMPLETE
980,1.0032277828633325,0.9927574394456649,0.504281146617822,0.49212857956863204,0.0035902738135460085,COMPLETE
981,1.0032237009647165,0.9942616663183265,0.5029264672583882,0.49422115894641216,0.002852373795199644,COMPLETE
982,1.00358965410119,0.7544804099218587,0.5567969565763115,0.3343880138809199,0.10881502954276866,COMPLETE
983,1.0032194236768086,0.9944236905887798,0.5008839932684115,0.4963327814459605,0.0027832252856280146,COMPLETE
984,1.0033767051008602,0.994963556196633,0.5752382486307205,0.4226224626786884,0.002139288690591116,COMPLETE
985,1.0034282916270558,0.9100697693425199,0.5645671205568015,0.396274300159021,0.039158579284177555,COMPLETE
986,1.004276233556442,0.3272305377116156,0.6765436911431785,0.10584478187343212,0.21761152698338943,COMPLETE
987,1.0033765848488618,0.8499775338170852,0.5022384163503281,0.42308616329943494,0.07467542035023704,COMPLETE
988,1.0033678088133269,0.8549731163469043,0.500774386309729,0.42682447869696677,0.07240113499330422,COMPLETE
989,1.0034356246361364,0.8989827837980426,0.5628292039141845,0.3930090192604329,0.044161776825382644,COMPLETE
990,1.0033351795112695,0.9933447915029088,0.5557216647691925,0.4413215702791059,0.002956764951701614,COMPLETE
991,1.003480582488543,0.7748282246128486,0.504165145750068,0.3841868398196454,0.11164801443028664,COMPLETE
992,1.0034384262709795,0.8931848848049246,0.5613372137702046,0.39180697018686705,0.04685581604292831,COMPLETE
993,1.0032329324983875,0.991120589417536,0.5061009123780487,0.4895135548366517,0.004385532785299669,COMPLETE
994,1.0034616426063119,0.8770735056132966,0.5647706929410812,0.38172809408781183,0.053501212971107014,COMPLETE
995,1.0033591645987066,0.9932411480346911,0.5666771041610337,0.4303941305328118,0.002928765306154541,COMPLETE
996,1.0033069668845465,0.9955227527533341,0.5434467911005624,0.45450910730193617,0.002044101597501476,COMPLETE
997,1.0043543750304094,0.9761484858678767,0.9354745344345523,0.06298643551163158,0.0015390300538161094,COMPLETE
998,1.0033769938400772,0.9999814885085455,0.5771304799644354,0.42286169209005803,7.827945506501394e-06,COMPLETE
999,1.0035601580728113,0.8626505138128143,0.6067819171159692,0.339209781240399,0.05400830164363183,COMPLETE
