number,value,params_catboost_fraction_of_remainder,params_official_weight,user_attrs_catboost_weight,user_attrs_residual_weight,state
0,1.0045631841711506,0.5,1.0,0.0,0.0,COMPLETE
1,1.0042438511006704,1.0,0.9,0.09999999999999998,0.0,COMPLETE
2,1.0038245815412545,1.0,0.75,0.25,0.0,COMPLETE
3,1.003285005096877,1.0,0.5,0.5,0.0,COMPLETE
4,1.0044907706533022,0.0,0.9,0.0,0.09999999999999998,COMPLETE
5,1.004651297903025,0.0,0.75,0.0,0.25,COMPLETE
6,1.005637919886874,0.0,0.5,0.0,0.5,COMPLETE
7,1.0040264787705682,0.5,0.5,0.25,0.25,COMPLETE
8,1.0038255810904262,0.6090665392794814,0.5575272831948894,0.2694953263500787,0.17297739045503185,COMPLETE
9,1.004596275420836,0.24058961996534878,0.5666954820929941,0.1042485692925152,0.32905594861449067,COMPLETE
10,1.003388562407908,0.9624868299570108,0.5434174418543956,0.4394546990032254,0.01712785914237904,COMPLETE
11,1.0033092846144998,0.9701559133624855,0.5025106984605286,0.4826421877230908,0.014847113816380547,COMPLETE
12,1.0037995014150674,0.7520702292832018,0.6717901391027051,0.2468368653380363,0.08137299555925856,COMPLETE
13,1.0033086791279116,0.9683352109019715,0.5014112882551898,0.4828010053407531,0.01578770640405714,COMPLETE
14,1.0035914205953864,0.9774134893648053,0.6476328320997387,0.34440842311498865,0.007958744785272682,COMPLETE
15,1.0035538357810774,0.7981807317959108,0.551098090923766,0.35830485429104986,0.09059705478518415,COMPLETE
16,1.0041677158300608,0.546745238866366,0.8037381509098009,0.10730523156117555,0.08895661752902351,COMPLETE
17,1.0036889754166103,0.665583629417626,0.5052114743151915,0.32932314271949115,0.16546538296531738,COMPLETE
18,1.004057667716929,0.5030941476025663,0.6715564975129777,0.16523800391930984,0.1632054985677124,COMPLETE
19,1.0033276262873243,0.9996916571821065,0.5236016498124904,0.47625145617777304,0.0001468940097366274,COMPLETE
20,1.0036878874304729,0.7613355976054563,0.6108726282622289,0.2962565201066165,0.09287085163115459,COMPLETE
21,1.003408055584703,0.8811770369999872,0.5157063262537868,0.42674846446952663,0.057545209276686576,COMPLETE
22,1.0033200681450538,0.9903336433123958,0.5162646023862898,0.47905943871795603,0.004675958895754156,COMPLETE
23,1.0033826882948271,0.8881052312379025,0.5044047846879346,0.44014070329511995,0.05545451201694547,COMPLETE
24,1.0034722672592202,0.9570987423999102,0.5849797686604795,0.39721534148557486,0.017804889853945623,COMPLETE
25,1.0034687042603143,0.8108285897720214,0.5037159883281391,0.4024012653102964,0.0938827463615645,COMPLETE
26,1.0034447436588199,0.9885649257507274,0.5810593421830532,0.4141500402887709,0.004790617528175889,COMPLETE
27,1.0033232319248013,0.9552614678120334,0.5041832614461066,0.47363462543676743,0.022182113117126,COMPLETE
28,1.0035134110293762,0.9886956331357342,0.614405322108926,0.3812357741912849,0.0043589036997891155,COMPLETE
29,1.0044802188691457,0.3440037157940733,0.9572616974206822,0.014702134894016738,0.02803616768530103,COMPLETE
30,1.0033329483483329,0.955681958389991,0.5099380647075213,0.4683433500527051,0.021718585239773592,COMPLETE
31,1.0033220587258562,0.9686753120135364,0.5091843968600626,0.475440957512691,0.015374645627246483,COMPLETE
32,1.0044343974497616,0.6671077093484257,0.9508936780887418,0.032759205924745856,0.016347115986512332,COMPLETE
33,1.003330630333703,0.9689149418003201,0.5141157373736972,0.47078052204425563,0.015103740582047167,COMPLETE
34,1.0033942189507388,0.9997624792616705,0.5588314520680079,0.44106376125275953,0.00010478667923256006,COMPLETE
35,1.004520727912026,0.9552006407602619,0.9869236488465427,0.012490539000588592,0.0005858121528686968,COMPLETE
36,1.0033284598664653,0.9643327403635662,0.511036354293065,0.4715236524027285,0.01743999330420648,COMPLETE
37,1.0033643351913732,0.9020846205543347,0.5015002914868512,0.4496889204005303,0.04881078811261852,COMPLETE
38,1.0035221440506843,0.7809382879497846,0.5143843324104391,0.37923586804898335,0.10637979954057751,COMPLETE
39,1.003329712544098,0.9720381987506237,0.514833307973098,0.4716005574116284,0.013566134615273598,COMPLETE
40,1.0043960260391478,0.19867602884794766,0.8140069493612944,0.036952360694213274,0.14904068994449238,COMPLETE
41,1.0033645282423411,0.9468082767052146,0.5239587338049942,0.45071981088666174,0.02532145530834402,COMPLETE
42,1.003296414530276,0.985834654708336,0.5013379282072858,0.4915983513619138,0.00706372043080035,COMPLETE
43,1.0033378016321597,0.9784626130627528,0.5217711261187707,0.4679290735798852,0.010299800301344007,COMPLETE
44,1.0033166780978062,0.9980582605408662,0.5170572386106926,0.48200501237301474,0.00093774901629265,COMPLETE
45,1.0033061101863094,0.9949684484116891,0.5101296156012116,0.48740557628810016,0.002464808110688206,COMPLETE
46,1.0035281054139806,0.7694732521836563,0.507131365223141,0.37924923130106847,0.11361940347579062,COMPLETE
47,1.0050181286538817,0.007540045193371703,0.623799709608694,0.0028365671913100055,0.373363723199996,COMPLETE
48,1.0036542046921635,0.8253687185700787,0.6265169554637267,0.3082612218765556,0.0652218226597178,COMPLETE
49,1.0033505881670313,0.994560632166442,0.5343257474013963,0.46314127904810276,0.002532973550501022,COMPLETE
50,1.0040571267567047,0.9778672793945449,0.834106550178756,0.1622217764460753,0.0036716733751686824,COMPLETE
51,1.0033067497101562,0.9944721125669024,0.5103130379432199,0.48698002765307463,0.002706934403705427,COMPLETE
52,1.0033087611825278,0.9783946508229917,0.5055038923605478,0.4838123465672304,0.010683761072221845,COMPLETE
53,1.0033009272270232,0.9763203332730982,0.5002181640325631,0.48794716865556886,0.01183466731186801,COMPLETE
54,1.0035977461886472,0.9994320881096322,0.6556027656588962,0.34420164705671175,0.00019558728439208334,COMPLETE
55,1.0035495610268834,0.8483682166914837,0.5800564676788245,0.3562667456264381,0.06367678669473742,COMPLETE
56,1.0034528557568254,0.8238071381107612,0.50386138527617,0.408722532301876,0.08741608242195403,COMPLETE
57,1.0033081114190907,0.9866157549578415,0.5082504680460878,0.48516783571887434,0.00658169623503792,COMPLETE
58,1.0033005632774707,0.9805757889512131,0.5016874852652148,0.488633187280325,0.009679327454460193,COMPLETE
59,1.0034284974490555,0.9986013348144585,0.5758573829375953,0.4235493835502151,0.000593233512189666,COMPLETE
60,1.0036208162928286,0.7756552028473083,0.5780545685274637,0.32728416923932513,0.09466126223321114,COMPLETE
61,1.003316449473502,0.9701173575833584,0.5065844944932643,0.4786709463928515,0.01474455911388425,COMPLETE
62,1.0033355049710628,0.9890072236974412,0.5242912515597475,0.47047938858347854,0.00522935985677391,COMPLETE
63,1.0034936331395379,0.7921252478813248,0.5042827699730333,0.39267013371415466,0.103047096312812,COMPLETE
64,1.0033247021898994,0.9592565774542446,0.5067650028841936,0.4731389152139627,0.020096081901843726,COMPLETE
65,1.003319012587133,0.9548348961226031,0.5015559323875936,0.47593178952161985,0.02251227809078659,COMPLETE
66,1.0042491870630417,0.3584488601733678,0.7269156218135794,0.09788678409207538,0.17519759409434527,COMPLETE
67,1.0034927008212104,0.9773036709613209,0.6013400210088448,0.3896118609334191,0.009048118057736169,COMPLETE
68,1.003441004305883,0.9994949840986633,0.5823266174949018,0.4174624508053681,0.00021093169973014772,COMPLETE
69,1.0039986300730563,0.7644619478477866,0.7771296072214127,0.17037593458112016,0.052494458197467175,COMPLETE
70,1.003333918801394,0.9448545745542513,0.5056541030008219,0.4670849821917981,0.027260914807379962,COMPLETE
71,1.0034080624125896,0.8649518705375402,0.5053224769484279,0.42787224887633446,0.06680527417523766,COMPLETE
72,1.0033514192741781,0.9988941194001489,0.5361695619330804,0.46331749698384095,0.0005129410830786255,COMPLETE
73,1.0032994258499295,0.9919788449994368,0.5053140582099377,0.49071798917436465,0.003967952615697683,COMPLETE
74,1.0032907870001533,0.9933019441725285,0.500900467104046,0.4957565363611519,0.0033429965348020564,COMPLETE
75,1.0033208600636494,0.9840341063799811,0.5144363179774619,0.47781122392962155,0.007752458092916516,COMPLETE
76,1.0034551070727984,0.9931393090649192,0.5875026443968729,0.4096673387347959,0.0028300168683311725,COMPLETE
77,1.0033129104172438,0.9626067688106109,0.5014281718374387,0.47992861652756225,0.018643211634999022,COMPLETE
78,1.0036033698440108,0.8011633386823043,0.5843358742325769,0.3330148587702899,0.0826492669971332,COMPLETE
79,1.0033307966863512,0.9419119877479608,0.5024589396466415,0.46863988914366006,0.02890117120969846,COMPLETE
80,1.0033059036236072,0.9802838407516042,0.5046140327689544,0.4856188586116977,0.009767108619347858,COMPLETE
81,1.003428468085874,0.8423627879801167,0.5022509124977724,0.4192853090629355,0.07846377843929211,COMPLETE
82,1.003299259833036,0.9839937699124772,0.5022597261989796,0.48977332845473465,0.007966945346285717,COMPLETE
83,1.0035184895225626,0.7705879737304089,0.5008383346645127,0.38464797625476965,0.11451368908071767,COMPLETE
84,1.0033153249317464,0.9754221304153714,0.5080613440849936,0.4798478517862899,0.01209080412871651,COMPLETE
85,1.0033002393628951,0.9809403706431677,0.5016442499706373,0.4888572741459569,0.009498475883405797,COMPLETE
86,1.003598443105213,0.8221195118014077,0.5937723742909655,0.3339676573281564,0.07225996838087806,COMPLETE
87,1.0033202301414652,0.977526302146921,0.511641646895779,0.47738313503252955,0.010975218071691507,COMPLETE
88,1.003308339644725,0.9746320450971406,0.5037819104477957,0.4836300514344609,0.012588038117743349,COMPLETE
89,1.0034771459277405,0.998572764828111,0.5997120914054483,0.3997166036125236,0.0005713049820280452,COMPLETE
90,1.004262528843828,0.48889424443112317,0.8466099486567209,0.07499151325472363,0.07839853808855547,COMPLETE
91,1.0034484014808096,0.8261924253656091,0.5027929266755523,0.41078871781886167,0.086418355505586,COMPLETE
92,1.0033155908082567,0.9946553242399528,0.5152945383131637,0.48211486815499616,0.0025905935318400997,COMPLETE
93,1.0035251324255854,0.8549521573783643,0.5696702508384349,0.3679113474297704,0.06241840173179467,COMPLETE
94,1.0033043058269357,0.9936199442349489,0.5086450438026151,0.4882200841764114,0.0031348720209735436,COMPLETE
95,1.0033129622257368,0.9880793435355266,0.5115052549532575,0.4826715670063398,0.0058231780404027255,COMPLETE
96,1.0035459956502766,0.8650041597075243,0.5864609975050706,0.3577129573594142,0.055826045135515194,COMPLETE
97,1.0033095356011266,0.9848934357851806,0.508413777790369,0.48416004337670077,0.007426178832930256,COMPLETE
98,1.004472054592331,0.11937819546629752,0.9269549133676436,0.008719990629850082,0.06432509600250634,COMPLETE
99,1.0043658046572663,0.33178292991821046,0.5738153656974085,0.14140078665503486,0.2847838476475566,COMPLETE
100,1.0033009860844155,0.9856078976581395,0.5038509431394006,0.4890084288574441,0.007140628003155312,COMPLETE
101,1.003309493403918,0.9649678140906621,0.5004651477604276,0.48203505442772204,0.017499797811850328,COMPLETE
102,1.0032987260120343,0.9890087804711609,0.5038353739352861,0.49071117173719225,0.0054534543275216235,COMPLETE
103,1.0032984268335365,0.9851857803466536,0.5022381331656302,0.49038791320402575,0.007373953630344113,COMPLETE
104,1.0034628180491472,0.8176273324218151,0.5055157295994066,0.4043038549321847,0.09018041546840873,COMPLETE
105,1.0034351288102814,0.9929248130369165,0.5775382129486403,0.419472790923213,0.0029889961281467435,COMPLETE
106,1.003301524603247,0.9976713343395375,0.5085056262675356,0.4903498476620431,0.0011445260704213247,COMPLETE
107,1.0035005307927476,0.7852043715768577,0.5025343244736157,0.3906122231327516,0.1068534523936327,COMPLETE
108,1.0034426102055907,0.9946844255067534,0.5817685279736662,0.4160083314813577,0.002223140544976159,COMPLETE
109,1.0035090834425715,0.8626311074644815,0.5646235263014651,0.37556928967054787,0.059807184027987056,COMPLETE
110,1.0034543377424063,0.9946667586580662,0.5875533136841815,0.41024700859701535,0.002199677718803126,COMPLETE
111,1.003366871194263,0.8978928888517622,0.5005924348216787,0.44841450141238764,0.050993063765933655,COMPLETE
112,1.0033938700676086,0.8822304393957724,0.5076700241107405,0.4343484909564915,0.057981484932768064,COMPLETE
113,1.003333700166621,0.9997603266038491,0.5269239202305356,0.4729626960187883,0.0001133837506761211,COMPLETE
114,1.0032942207729576,0.996256957039309,0.5039039011180277,0.49423918987122584,0.0018569090107464054,COMPLETE
115,1.003373326917362,0.9055329469489038,0.5088711304125174,0.444733372609237,0.0463954969782456,COMPLETE
116,1.0033502913821524,0.9151217963611473,0.5003445706338403,0.4572455740831604,0.04240985528299927,COMPLETE
117,1.0033258595303423,0.9968564556275046,0.5216963470453616,0.47680008419804887,0.001503568756589557,COMPLETE
118,1.003305293328468,0.9837670312830984,0.5055977495903835,0.4863766341451514,0.00802561626446506,COMPLETE
119,1.0035392720166156,0.8811239314365529,0.5902737513504814,0.36101960302281444,0.048706645626704154,COMPLETE
120,1.0034607347298727,0.9913093279908008,0.5897506782593641,0.40668397944339163,0.0035653422972442813,COMPLETE
121,1.0033378835419262,0.9977719187111663,0.5285391168464906,0.4704104299813381,0.0010504531721713325,COMPLETE
122,1.0033203934308892,0.9606082542930574,0.5048753242031496,0.47562085047462843,0.019503825322221925,COMPLETE
123,1.0033468214714152,0.9276820422805353,0.5048788589872348,0.4593149912709909,0.03580614974177427,COMPLETE
124,1.003331614777036,0.9477262442408596,0.5056405331218701,0.46851744084932373,0.02584202602880622,COMPLETE
125,1.003301428890375,0.9987417784091872,0.5088213260417475,0.4905606623457315,0.0006180116125210699,COMPLETE
126,1.003310408748322,0.9716189881045614,0.5037505321312385,0.48216540581807305,0.014084062050688406,COMPLETE
127,1.0033058536136257,0.9691895608453491,0.5001415494629573,0.48445759216083306,0.015400858376209615,COMPLETE
128,1.0035647754448078,0.8138219580809511,0.568865264875448,0.35086691433577516,0.08026782078877687,COMPLETE
129,1.0034175264127463,0.9859746233222563,0.5665645360458236,0.42735636830672646,0.006079095647449939,COMPLETE
130,1.0034540361487552,0.8205314635124694,0.5019149991558134,0.40869441469629,0.0893905861478966,COMPLETE
131,1.0045320412554721,0.15246997268669193,0.6998032148052394,0.04577099563927787,0.2544257895554827,COMPLETE
132,1.0033024178662322,0.9912742524630743,0.5067460279374156,0.4889499624307805,0.004304009631803902,COMPLETE
133,1.003432354520049,0.9929995551000369,0.5761724275328486,0.42086059089901,0.0029669815681414107,COMPLETE
134,1.0033247901162383,0.9950557087068361,0.5205026124540205,0.47712661278764107,0.002370774758338409,COMPLETE
135,1.0033086727313465,0.9662084641376416,0.5005170591726253,0.4826046451197702,0.016878295707604466,COMPLETE
136,1.0050195331751195,0.16183983574166827,0.5003793148273683,0.08085852962147846,0.4187621555511532,COMPLETE
137,1.0034277868363544,0.9981196866562502,0.5753647500496188,0.4238368026236729,0.0007984473267082455,COMPLETE
138,1.003551264949672,0.8399517074083369,0.5764654135126835,0.3557485990665054,0.06778598742081106,COMPLETE
139,1.0034189274441205,0.8484921140060759,0.5005952281101558,0.42374101064553604,0.07566376124430817,COMPLETE
140,1.0033093270384639,0.9902598618511529,0.5102588330332078,0.48497102034335804,0.004770146623434155,COMPLETE
141,1.0033244833720827,0.98965453679341,0.5184658560492574,0.4765524501817834,0.004981693768959231,COMPLETE
142,1.003289810072218,0.9943299086638718,0.5007169166988366,0.49645210261626216,0.0028309806849012857,COMPLETE
143,1.003331162549419,0.9841745341220767,0.5201971687129382,0.4722097279523974,0.0075931033346644,COMPLETE
144,1.00331351006845,0.9845598847438733,0.5105225444255498,0.4819198672451051,0.007557588329345125,COMPLETE
145,1.003314369154141,0.9874362239757306,0.5120581049525692,0.4818115023651973,0.0061303926822334825,COMPLETE
146,1.0032867892870645,0.9991063215952108,0.5007001118851911,0.498853674587287,0.0004462135275218462,COMPLETE
147,1.0034650218963195,0.8133901187414659,0.5033889555696125,0.4039385163975563,0.0926725280328312,COMPLETE
148,1.0034713820369987,0.9969494680190212,0.5964949692594052,0.40227412573983484,0.001230905000760027,COMPLETE
149,1.0033755273117793,0.9952476137153823,0.5477587337895325,0.45009204101959066,0.0021492251908767747,COMPLETE
150,1.0033055469458811,0.9934772295452936,0.5092898372871264,0.4875093729617059,0.0032007897511676995,COMPLETE
151,1.0032931247560994,0.9936440284539517,0.5023511208639361,0.49448583702035226,0.003163042115711641,COMPLETE
152,1.0034459114315755,0.8257184149710879,0.5006936149945119,0.4122864768116754,0.08701990819381271,COMPLETE
153,1.003305080562614,0.9975051827431565,0.5104357488979929,0.48834287776002416,0.001221373341982966,COMPLETE
154,1.0033221923082989,0.9566918349550203,0.504213095298496,0.47431528360555164,0.021471621095952353,COMPLETE
155,1.004276293404619,0.8361716209940392,0.9005481606165178,0.08315880574812516,0.016293033635357067,COMPLETE
156,1.003304958806827,0.9975352064178681,0.5103781559524124,0.4884150272687075,0.0012068167788800892,COMPLETE
157,1.0045509674016522,0.5714162425863087,0.9951566300488985,0.0027675802589138313,0.0020757896921876303,COMPLETE
158,1.0035687530884716,0.8180898913957351,0.5739631357182303,0.3485364520308525,0.0775004122509172,COMPLETE
159,1.0034629157340476,0.8117868837063893,0.5004839668944399,0.40550056387614025,0.09401546922941989,COMPLETE
160,1.0033043553423264,0.99822146056771,0.510277504134878,0.48885150509534636,0.0008709907697755983,COMPLETE
161,1.0032971597229114,0.9903567539164668,0.5034433587115738,0.49176822340206927,0.004788417886357004,COMPLETE
162,1.0035225921914157,0.8674215428328819,0.5747171307257414,0.36889952260627223,0.056383346667986396,COMPLETE
163,1.0033340241956044,0.9941420195062826,0.5252401925693435,0.4719786737395267,0.0027811336911298342,COMPLETE
164,1.0033015952957451,0.9966660851162619,0.508196072284848,0.49016429528066163,0.0016396324344904176,COMPLETE
165,1.0034997740374207,0.8965662580691762,0.5759673789207962,0.38017334038024664,0.04385928069895715,COMPLETE
166,1.0033203284619179,0.999534727320253,0.5195594897287693,0.48021697442755773,0.00022353584367293703,COMPLETE
167,1.0033074021717392,0.9712298876128777,0.5018719284562596,0.48379687094224644,0.014331200601493933,COMPLETE
168,1.0032903032904423,0.9945066817443419,0.5010608465484262,0.4961983218914557,0.0027408315601181437,COMPLETE
169,1.0040089264814989,0.5232130606810735,0.6365528814915682,0.19016027927051346,0.17328683923791835,COMPLETE
170,1.0034572771619943,0.8250592993225395,0.507900823525059,0.4060110017396135,0.08608817473532744,COMPLETE
171,1.0033820486080502,0.8876757415080287,0.5037476785780072,0.4405111473933481,0.05574117402864472,COMPLETE
172,1.0032996698359546,0.9848910714984065,0.5028334541741833,0.4896548920315502,0.007511653794266478,COMPLETE
173,1.003317788539428,0.9563343679293713,0.5015135242013663,0.47671974875422624,0.021766727044407488,COMPLETE
174,1.0035199905205168,0.8626373999480097,0.5708169810456015,0.3702293235726597,0.058953695381738815,COMPLETE
175,1.0033042176154519,0.9724994601710466,0.50056345892,0.48570176658999475,0.01373477449000526,COMPLETE
176,1.0034217497483175,0.8467305165701193,0.5011296564774173,0.4224087436723894,0.07646159985019338,COMPLETE
177,1.0035232822944447,0.8804470384306837,0.5813638299416422,0.36858697610784524,0.050049193950512605,COMPLETE
178,1.0034439824660377,0.9805106125874451,0.5782602814156103,0.4135202698216367,0.008219448762753052,COMPLETE
179,1.0033015115081978,0.9793294397752591,0.5017425803143369,0.4879581596846266,0.010299260001036498,COMPLETE
180,1.0034148803616094,0.9889698221690526,0.5661401369517848,0.4290743116050829,0.004785551443132297,COMPLETE
181,1.003290151952307,0.991829249287239,0.5000021494335205,0.49591249277258453,0.004085357793895014,COMPLETE
182,1.0033024892468887,0.9964728716074095,0.5086295110160872,0.48963736218093656,0.0017331268029762393,COMPLETE
183,1.0032972532085855,0.9877033383063225,0.5025162529054265,0.4913663577584486,0.006117389336124984,COMPLETE
184,1.0033921898594116,0.88010263142898,0.5052978030438954,0.43538870531476526,0.05931349164133938,COMPLETE
185,1.003294808358246,0.9959409109477783,0.504123913428296,0.4938632813774423,0.0020128051942617654,COMPLETE
186,1.003308499703883,0.9923879152134713,0.5105557606215593,0.485718548330014,0.0037256910484267645,COMPLETE
187,1.0034214090608289,0.9997486011749832,0.5726333310679945,0.42725922945358463,0.00010743947842084606,COMPLETE
188,1.0034583775365837,0.997277558021095,0.5902567047536699,0.40862779289877665,0.001115502347553488,COMPLETE
189,1.0034531627656798,0.8319772537878178,0.5106300248090805,0.40714468804555376,0.08222528714536576,COMPLETE
190,1.0033892701982097,0.8815731813618098,0.5044147458277107,0.4368946691566662,0.058690585015623076,COMPLETE
191,1.00330025566381,0.9882248308871886,0.5044121014864389,0.4897522671983011,0.005835631315259996,COMPLETE
192,1.0033177831421882,0.9836849062934666,0.5125907894989987,0.47945708355825,0.007952126942751294,COMPLETE
193,1.0033108498493217,0.9630178909831366,0.5004156316047391,0.4811086848201465,0.018475683575114376,COMPLETE
194,1.0033944357507856,0.9906191368130343,0.5561515151403382,0.43968480294745127,0.0041636819122105205,COMPLETE
195,1.003437818940352,0.8353620396027381,0.5030391960938992,0.41514219075361675,0.08181861315248404,COMPLETE
196,1.0032935658183069,0.9971983420269834,0.5038659279171328,0.49474407410413107,0.001389997978736142,COMPLETE
197,1.003442635337509,0.991007866366448,0.5807235246558745,0.4155062852484264,0.0037701900956990473,COMPLETE
198,1.0032954344892546,0.991763405568838,0.5029792488068733,0.4929269928416775,0.004093758351449253,COMPLETE
199,1.0034366740247993,0.9993651886587189,0.5801451533917039,0.4195883179899773,0.0002665286183187711,COMPLETE
200,1.0035204809006197,0.8403223607887077,0.558623196800771,0.37089879726174896,0.07047800593748005,COMPLETE
201,1.0033110307026287,0.9765368646938845,0.5060659260606962,0.48234483193016503,0.011589242009138764,COMPLETE
202,1.003303168824695,0.9830397346759726,0.5041181111846635,0.4874716004116485,0.008410288403687956,COMPLETE
203,1.003299722378893,0.9984530465513101,0.5077663627306019,0.491472174746663,0.0007614625227350864,COMPLETE
204,1.003300730837932,0.9800276765088738,0.5015696918924517,0.48847549675624263,0.00995481135130566,COMPLETE
205,1.0032885142284678,0.9995519441589609,0.5018337517534222,0.49794304194924244,0.00022320629733542846,COMPLETE
206,1.0033082864847367,0.9902359959075303,0.509667593550556,0.4855447988262011,0.004787607623242883,COMPLETE
207,1.0033042200290447,0.9764831659355062,0.5021674925059999,0.48612506302335284,0.01170744447064726,COMPLETE
208,1.0033853474463723,0.9954801011383221,0.5529527994628134,0.44502659240436226,0.00202060813282433,COMPLETE
209,1.0033909895299413,0.8741965977052326,0.5007215451200686,0.4364675265635615,0.06281092831636988,COMPLETE
210,1.0035495053295491,0.8393053496102246,0.5750865279796666,0.35663215018812033,0.06828132183221308,COMPLETE
211,1.0033235984676723,0.9458735015168052,0.500123895574165,0.4728195612178447,0.0270565432079903,COMPLETE
212,1.0034313458174335,0.9991274530194658,0.5774282441785135,0.4222030421118855,0.00036871370960106633,COMPLETE
213,1.0034296581155269,0.8421566986748663,0.5028816720111805,0.4186515299498336,0.07846679803898587,COMPLETE
214,1.0033027892125788,0.9998440176256271,0.5099584248663879,0.4899651372851814,7.643784843075954e-05,COMPLETE
215,1.003320529245076,0.9501185195076406,0.5003029543333122,0.47477141723117533,0.024925628435512517,COMPLETE
216,1.0038282640695881,0.9231072828054196,0.7379967854052846,0.24185707551081304,0.0201461390839024,COMPLETE
217,1.003528304119662,0.8540272676933722,0.570984309474666,0.3663910979769363,0.06262459254839764,COMPLETE
218,1.0040395877514354,0.4937708090303863,0.5057029760396539,0.24406944142221235,0.2502275825381338,COMPLETE
219,1.0033027082135104,0.9926948386707685,0.5074193513587755,0.4889822675352429,0.0035983811059816595,COMPLETE
220,1.0035130258138183,0.8582463839515284,0.5645179300482401,0.37375091181182446,0.06173115813993541,COMPLETE
221,1.003310716466307,0.985511183824904,0.5093068457677603,0.48358359132219075,0.007109562910048955,COMPLETE
222,1.0033923794158193,0.8762709982857682,0.5029580316550268,0.43554346179157283,0.061498506553400355,COMPLETE
223,1.0034219676798435,0.9877764470809999,0.5693784996563838,0.42535777564610683,0.0052637246975094235,COMPLETE
224,1.003318827361095,0.9998245096287497,0.5188316122539954,0.4810839473270051,8.44404189994588e-05,COMPLETE
225,1.0033231541691545,0.9814882623552537,0.5147736754732782,0.47624394210875853,0.00898238241796322,COMPLETE
226,1.0032938903771218,0.9910053070047538,0.501826537307142,0.493692545337557,0.004480917355301017,COMPLETE
227,1.0033364340482076,0.9313125924455575,0.5005845625473536,0.4651118857613563,0.034303551691290096,COMPLETE
228,1.0034212892558818,0.8518789636302271,0.504634454833913,0.42199148723420865,0.07337405793187836,COMPLETE
229,1.003307432064417,0.984702093339855,0.5071572967349055,0.48530324159241156,0.007539461672682939,COMPLETE
230,1.0032918587804864,0.9995114353805291,0.5037103099999088,0.4960472204165489,0.00024246958354221958,COMPLETE
231,1.0033011330533834,0.9951619168909355,0.5074097828125029,0.4902070247780318,0.002383192409465257,COMPLETE
232,1.0033018072441873,0.9915918961117615,0.5065167873589953,0.48933395452201744,0.004149258118987277,COMPLETE
233,1.0034528131220606,0.9883096636331627,0.5849896727986161,0.4101587168806885,0.0048516103206953645,COMPLETE
234,1.0032874953463657,0.9972807665406552,0.5004570981980531,0.49818452802898894,0.0013583737729580341,COMPLETE
235,1.0043521002571552,0.3127963377061663,0.8570605668674007,0.0447109311976725,0.09822850193492677,COMPLETE
236,1.0033787698904215,0.9963311134400621,0.5497923104861913,0.4485559285725708,0.001651760941237913,COMPLETE
237,1.0034020559258578,0.8636419204189675,0.5005883546132426,0.43131283250141556,0.06809881288534186,COMPLETE
238,1.0033310111889988,0.9977951089122392,0.5248197289495784,0.4741325503057028,0.001047720744718829,COMPLETE
239,1.0034942516579601,0.883853272005048,0.5670761299498909,0.3826411790728772,0.05028269097723196,COMPLETE
240,1.0033027902331697,0.9851694213969987,0.5047087868142357,0.48794575791723693,0.00734545526852735,COMPLETE
241,1.003423424822215,0.9900651840308894,0.5708101483895415,0.42492592941889873,0.0042639221915597965,COMPLETE
242,1.0033542768302468,0.9103355589655805,0.5001001124086938,0.45507664359726263,0.044823243994043624,COMPLETE
243,1.0033087483895018,0.9862107391803522,0.5084592562343438,0.4847627602463878,0.00677798351926831,COMPLETE
244,1.0033350860833148,0.9995731278439246,0.5276134338098035,0.4721849175181858,0.0002016486720106626,COMPLETE
245,1.0032881174073862,0.997138085719125,0.5007597717167989,0.49781144554429013,0.0014287827389109938,COMPLETE
246,1.0034084562407821,0.8652463176381491,0.5057718956683214,0.4276290473462679,0.06659905698541074,COMPLETE
247,1.003355727611285,0.9093597961968998,0.5004298647608447,0.4542889963671359,0.04528113887201938,COMPLETE
248,1.003304922995677,0.9954711761654137,0.5096418188228429,0.48813743535875764,0.0022207458183994984,COMPLETE
249,1.0033009658254746,0.9903167735097942,0.505580652864876,0.4896317726156749,0.004787574519449095,COMPLETE
250,1.0034084055213797,0.9952624599535158,0.5647459546641724,0.4331920118656548,0.002062033470172728,COMPLETE
251,1.0032933838091733,0.9928352462457134,0.5022057695695978,0.4942276573490637,0.0035665730813384334,COMPLETE
252,1.0034891649436226,0.8690350999830254,0.5566575360500451,0.3852801624854699,0.058062301464485,COMPLETE
253,1.0033094931659783,0.9947114299575658,0.5119272673014669,0.48549152586585465,0.0025812068326784648,COMPLETE
254,1.003544636370144,0.8409813176815089,0.5732059977908728,0.3589257823563966,0.06786821985273062,COMPLETE
255,1.0034067662204331,0.9965935105764603,0.5643073785402233,0.43420843915285967,0.0014841823069170225,COMPLETE
256,1.0033957261107822,0.8739419472561641,0.5035367180658442,0.43388008735472217,0.06258319457943368,COMPLETE
257,1.0033061964791816,0.9894580291266266,0.5082138011644687,0.48660180305148015,0.005184395784051183,COMPLETE
258,1.0034489229166625,0.8237050809752933,0.5010746429315412,0.41096735164470194,0.08795800542375683,COMPLETE
259,1.0032993703753323,0.9780463675987671,0.5000126792890136,0.4890107828668201,0.010976537844166356,COMPLETE
260,1.0032990674844156,0.9862949827845752,0.5030200588606596,0.4901688224903049,0.0068111186490354796,COMPLETE
261,1.0033038913424313,0.9901745085962859,0.5071775589283762,0.4879802184133171,0.004842222658306656,COMPLETE
262,1.0032966824797351,0.9993849875088513,0.5063823404961117,0.4933140784774418,0.00030358102644647867,COMPLETE
263,1.0034510308668931,0.9888072101767574,0.5842518333493381,0.41109478480194267,0.004653381848719283,COMPLETE
264,1.003302632136027,0.991932640588543,0.5071035842876767,0.48892004317415316,0.0039763725381702225,COMPLETE
265,1.0032920368001585,0.9914037834669219,0.500919061243359,0.494790730939557,0.004290207817083961,COMPLETE
266,1.003294618776312,0.985524202086803,0.5001962488809671,0.49256869302157597,0.007235058097456916,COMPLETE
267,1.0034416377814288,0.9889421478051926,0.579622498515958,0.415729029206609,0.004648472277432952,COMPLETE
268,1.0035246180284243,0.8501391031770374,0.566736907980296,0.36833389648934145,0.0649291955303626,COMPLETE
269,1.0032915138571377,0.9931336296959914,0.5012524703760162,0.49532294439737606,0.0034245852266077755,COMPLETE
270,1.0035147480916884,0.8777564194281269,0.5754402923263441,0.37266000884108047,0.051899698832575454,COMPLETE
271,1.0034167069740492,0.999077191865423,0.570074192955879,0.4295290680121161,0.00039673903200490227,COMPLETE
272,1.003296382041579,0.9828028430146417,0.5001618766893415,0.4912423286368182,0.008595794673840267,COMPLETE
273,1.0034459748074394,0.8258905014728775,0.5008809009433037,0.41221772301462567,0.08690137604207059,COMPLETE
274,1.0040438463789187,0.566741131366236,0.7254383728089601,0.1556053672240047,0.11895625996703524,COMPLETE
275,1.0034413569070413,0.8352330854587989,0.5053047059651679,0.41318587679866065,0.08150941723617153,COMPLETE
276,1.0033039227912781,0.9994185059127617,0.5104457872939708,0.489269539825958,0.0002846728800711511,COMPLETE
277,1.0034007340644187,0.8661420138159258,0.5014724062693876,0.43179569397664036,0.06673189975397206,COMPLETE
278,1.0035314181321915,0.8397314702057442,0.5647574602644474,0.36548685778821766,0.06975568194733496,COMPLETE
279,1.0035082494517085,0.8945417605044593,0.5796197070387482,0.37604772734693853,0.044332565614313243,COMPLETE
280,1.0033076940199042,0.9928832525115217,0.5102809128136531,0.48623388010255364,0.003485207083793344,COMPLETE
281,1.0034301290243504,0.8428720940956184,0.5037382955373894,0.4182851420598615,0.07797656240274914,COMPLETE
282,1.0034067368375559,0.9927955110561258,0.5631510946353009,0.4337016322558556,0.0031472731088435014,COMPLETE
283,1.0034221572573394,0.99899095381181,0.572792287848426,0.42677663983806213,0.0004310723135119067,COMPLETE
284,1.0033080109144037,0.9731771005584547,0.5030107609618848,0.4836585466558657,0.013330692382249463,COMPLETE
285,1.0045279634598698,0.23135241903432652,0.980346976077514,0.0045467746258066296,0.015106249296679393,COMPLETE
286,1.003373626414691,0.891356158637161,0.5008099291657339,0.4449561439686438,0.05423392686562238,COMPLETE
287,1.0032987559207647,0.986943738148021,0.5030860474095008,0.4904261139075758,0.006487838682923409,COMPLETE
288,1.003304582191358,0.9983293873259481,0.5104411093693825,0.4887410273432352,0.0008178632873822905,COMPLETE
289,1.003309362437897,0.9949738434941248,0.5119458887909263,0.4856010748628011,0.0024530363462726412,COMPLETE
290,1.0035236054761365,0.8735878948888985,0.5783057190877194,0.36838701914884703,0.053307261763433554,COMPLETE
291,1.0034160684139553,0.9943312409165368,0.5683617924088927,0.4291913545810554,0.0024468530100518653,COMPLETE
292,1.003452410197696,0.8212015396453072,0.5013607667638619,0.4094833060610721,0.08915592717506608,COMPLETE
293,1.0035032309846503,0.8848629611329697,0.5724992030201299,0.3782796211023124,0.04922117587755774,COMPLETE
294,1.0033114127193494,0.9769062333598739,0.5064271918621748,0.48217435288677857,0.011398455251046657,COMPLETE
295,1.003296652461336,0.9877146765043702,0.5021791531828188,0.49170495667116376,0.006115890146017455,COMPLETE
296,1.0034822760828714,0.8972527833876034,0.566806627999272,0.3886839587727147,0.04450941322801331,COMPLETE
297,1.0033001469447766,0.997083617866409,0.5075294993864634,0.49103426844422665,0.0014362321693099447,COMPLETE
298,1.0034478500135091,0.8284166600878243,0.5042397109021981,0.4106960828985753,0.08506420619922662,COMPLETE
299,1.0034205284042728,0.9921377124318447,0.5699665248284368,0.42665242832583117,0.0033810468457320126,COMPLETE
300,1.003497605823044,0.8633229981828496,0.5584151989652535,0.38123031438129446,0.060354486653452034,COMPLETE
301,1.0033077388390035,0.999735011098825,0.5126768425512741,0.48719402222071645,0.00012913522800946429,COMPLETE
302,1.0033045668770395,0.9993692439278313,0.5107880479329525,0.4889033786577037,0.0003085734093437785,COMPLETE
303,1.0035013427310497,0.8480502037507663,0.5518590326757398,0.3800460386484044,0.06809492867585581,COMPLETE
304,1.00339161040295,0.885929433634194,0.5085534538148239,0.43538696032331387,0.0560595858618623,COMPLETE
305,1.003420449844417,0.9972488943517412,0.5714313517977505,0.42738961057351366,0.0011790376287358283,COMPLETE
306,1.003489532292628,0.8713132247720359,0.5580825563764923,0.38504851288661285,0.05686893073689484,COMPLETE
307,1.0033277988614584,0.9956343095340497,0.5223464185689867,0.47556829374453297,0.002085287686480369,COMPLETE
308,1.0034948799102754,0.8679610116790224,0.5593554100363783,0.38246232409571307,0.0581822658679086,COMPLETE
309,1.0033469573412743,0.999328920588565,0.5339239875151538,0.46576323846870393,0.0003127740161422839,COMPLETE
310,1.0033615491829966,0.9120807507997559,0.5054290019207535,0.4510886872519039,0.04348231082734272,COMPLETE
311,1.0034062506651447,0.8615458060813695,0.5018160397148316,0.42920830164069446,0.06897565864447401,COMPLETE
312,1.0041599581570024,0.6954237681221573,0.8369786591373062,0.11336891514706116,0.04965242571563266,COMPLETE
313,1.0033958753142014,0.869750909083143,0.5008385343007321,0.43414613857121237,0.06501532712805554,COMPLETE
314,1.0033715889925325,0.9042385722449271,0.5071093222576406,0.4456907627145855,0.04719991502777387,COMPLETE
315,1.0033107480572085,0.9872277681801734,0.5099558438364014,0.4837851985991259,0.006258957564472772,COMPLETE
316,1.003288255029847,0.9977687185826537,0.5010610825014222,0.4978256443635723,0.0011132731350054542,COMPLETE
317,1.0034065028067378,0.9979982765312083,0.5645891265204923,0.4345393013154967,0.0008715721640110167,COMPLETE
318,1.0032882468330955,0.9987934623363595,0.5014170370281469,0.4979814038485781,0.000601559123275037,COMPLETE
319,1.0038024718161989,0.6193016268160396,0.5491217672299026,0.27922962305046234,0.1716486097196351,COMPLETE
320,1.003381677906655,0.8858350435782031,0.5023797855685892,0.4408094243362436,0.056810790095167256,COMPLETE
321,1.003508632846321,0.9994220884491898,0.6149171288395546,0.3848603273211826,0.0002225438392627841,COMPLETE
322,1.003403341779749,0.9960390034275258,0.5623941065301717,0.4358725380256998,0.0017333554441284883,COMPLETE
323,1.0033140662116988,0.983466595705181,0.5104282188007171,0.48147749300938053,0.008094288189902401,COMPLETE
324,1.003347053669531,0.9197170169561204,0.5008839804048839,0.4590454966570327,0.04007052293808338,COMPLETE
325,1.0034199410632927,0.9982687629822719,0.5714703328402997,0.4277877807367187,0.0007418864229815958,COMPLETE
326,1.003322542553591,0.9487207316483411,0.500832561615729,0.47357049735895385,0.025596941025317173,COMPLETE
327,1.0033105484141394,0.981497614246122,0.50770782632232,0.4831835939766804,0.009108579700999526,COMPLETE
328,1.0033063815990975,0.9775171732158826,0.5038085355169373,0.4850356777353325,0.011155786747730236,COMPLETE
329,1.0033852622811612,0.9996016408594298,0.5541665093181533,0.4456558888356613,0.00017760184618542446,COMPLETE
330,1.0032959954342668,0.9894154032130958,0.5024370503004528,0.4922964465008748,0.00526650319867238,COMPLETE
331,1.0036921282111753,0.8594856500365979,0.6598444992906236,0.2923587716407228,0.04779672906865357,COMPLETE
332,1.0035318466537835,0.8364060527254048,0.5630376186463374,0.36547798057750996,0.07148440077615265,COMPLETE
333,1.003526694004727,0.8674782540649468,0.5770263129900999,0.3669204755227614,0.05605321148713868,COMPLETE
334,1.0033067330062544,0.9855973719850823,0.5070969583957294,0.4858039424486228,0.007099099155647787,COMPLETE
335,1.0043026782881437,0.981941054843056,0.9183326087736119,0.08019256428712009,0.0014748269392680284,COMPLETE
336,1.0045903087383137,0.011306746035500581,0.7748802890174882,0.002545371399664552,0.22257433958284728,COMPLETE
337,1.0032918021242696,0.997855402681201,0.503100362011566,0.49583398835709175,0.0010656496313421956,COMPLETE
338,1.003431029414465,0.9937971263159128,0.5757413661523796,0.4216270111324802,0.002631622715140204,COMPLETE
339,1.0033135747132356,0.9868886895921193,0.5114148398597664,0.4821791684449509,0.006405991695282711,COMPLETE
340,1.004375549981856,0.3005955615319339,0.6243710842768064,0.11291238484944484,0.26271653087374874,COMPLETE
341,1.0033763388385313,0.8899013629086703,0.5015928571100495,0.4435331957411833,0.05487394714876717,COMPLETE
342,1.003436233173675,0.8401344039551253,0.5056872220812203,0.4152891710441962,0.0790236068745835,COMPLETE
343,1.0034330153600661,0.9954365939108881,0.5772090263504407,0.4208616067459854,0.001929366903573938,COMPLETE
344,1.0033785639027126,0.9937837715462842,0.5488877313818749,0.4483080516981209,0.0028042169200042898,COMPLETE
345,1.0035006138070137,0.8317942679544443,0.5410596024372323,0.38174399202544407,0.07719640553732371,COMPLETE
346,1.0033005048025332,0.9988286644869154,0.5083340966566063,0.49108999761023475,0.0005759057331589228,COMPLETE
347,1.0034975606928769,0.8929392038053209,0.5731465662567777,0.3811541652682402,0.04569926847498209,COMPLETE
348,1.0034422234919143,0.8424614092738152,0.5113584288358586,0.41166166667271387,0.0769799044914276,COMPLETE
349,1.0033048449283093,0.9953846605031548,0.5095679182993821,0.48816857114342505,0.0022635105571928876,COMPLETE
350,1.003293969345337,0.9946940761810276,0.5032062853592032,0.4941577650371684,0.002635949603628399,COMPLETE
351,1.0033918988551056,0.8740428012841144,0.5011936033667037,0.43597814021180137,0.06282825642149498,COMPLETE
352,1.003412829686962,0.8542814496985168,0.5008812867722305,0.4263878579078772,0.07273085531989228,COMPLETE
353,1.0035225212855707,0.8749542816262672,0.578366110226454,0.36891037713610164,0.05272351263744433,COMPLETE
354,1.0032971140665226,0.9962655938437939,0.5055385680937178,0.4926149120909649,0.001846519815317317,COMPLETE
355,1.003409378109261,0.8563478891174446,0.5001358972081914,0.42805756927135064,0.07180653352045795,COMPLETE
356,1.0045604976280451,0.030103665349088038,0.998192649634389,5.4407870574904595e-05,0.0017529424950360668,COMPLETE
357,1.0032988290455165,0.9809981294850472,0.5008614315090464,0.48965400204346965,0.009484566447484018,COMPLETE
358,1.0035031980491256,0.8714758438598441,0.5659103053813932,0.3782986829286124,0.05579101168999441,COMPLETE
359,1.003449790558072,0.9797742661975809,0.5809441795868684,0.4105801089411013,0.008475711472030346,COMPLETE
360,1.0033040404874043,0.9773010407860886,0.502388817471802,0.4863159265916042,0.011295255936593791,COMPLETE
361,1.0034173399359347,0.9900173086584366,0.5677114708701303,0.4279731261730678,0.004315402956801918,COMPLETE
362,1.0032935578917588,0.9967708815075178,0.5037109416083798,0.4946864822155512,0.0016025761760689577,COMPLETE
363,1.0034222660674397,0.984159073088795,0.5684142376344707,0.42474904384798023,0.006836718517549029,COMPLETE
364,1.0033933942895006,0.9975607733426297,0.5577483480291493,0.4411728999520974,0.0010787520187533453,COMPLETE
365,1.003494790789888,0.8557672830473704,0.5525258864523029,0.3829337063847432,0.06454040716295384,COMPLETE
366,1.0032923424913684,0.9974889954002407,0.5032770747743587,0.4954756516755939,0.0012472735500474708,COMPLETE
367,1.0033965328159717,0.86863937526524,0.5005021073226517,0.4338835374415558,0.06561435523579257,COMPLETE
368,1.0033048018561865,0.9854798357977439,0.5059630696559515,0.48686343299347434,0.007173497350574144,COMPLETE
369,1.003664116122467,0.6777838903263449,0.5008943374256933,0.3382857776635216,0.16081988491078508,COMPLETE
370,1.0033040807156626,0.9960553287394529,0.5093746548350512,0.4886899894661807,0.0019353556987681724,COMPLETE
371,1.0034566877112037,0.9985226563028277,0.5897712014348836,0.40962274963515766,0.000606048929958756,COMPLETE
372,1.0033160745544167,0.9977874296149357,0.5166328112663343,0.4822977048067618,0.0010694839269038867,COMPLETE
373,1.0033957876699309,0.9973266498638481,0.5589088657351291,0.4399119432210285,0.0011791910438423826,COMPLETE
374,1.0034111837883088,0.8559363362156525,0.5010112409187921,0.42710261026076396,0.07188614882044393,COMPLETE
375,1.0033061163648753,0.9857518929846713,0.5068066587848559,0.4861662697102632,0.00702707150488092,COMPLETE
376,1.0034878071280051,0.8791724771766696,0.56116967955075,0.3858075398895988,0.05302278055965116,COMPLETE
377,1.0032945348115063,0.9983949496053517,0.5048311513047442,0.4943740777392399,0.00079477095601587,COMPLETE
378,1.0033932803857826,0.874854783072352,0.5025986364139364,0.43515396203997775,0.06224740154608585,COMPLETE
379,1.0034140016807436,0.8526031028904152,0.5004175338531962,0.4259455607864107,0.07363690536039308,COMPLETE
380,1.0034937817337513,0.870211058558134,0.5599226285394313,0.38296019526618263,0.057117176194386075,COMPLETE
381,1.0032893928776792,0.9974855596609978,0.5016063659483203,0.4971404529935183,0.0012531810581614272,COMPLETE
382,1.0036325724986543,0.9631818507853911,0.6626621602715258,0.3249176848096174,0.012420154918856788,COMPLETE
383,1.0034065493080315,0.9960589040449948,0.5640376567369649,0.4342441738354665,0.0017181694275685566,COMPLETE
384,1.0033848715123594,0.9964126205636431,0.5529930892935184,0.44540332730710375,0.0016035833993778554,COMPLETE
385,1.0032894468909839,0.9985194793113865,0.5020008335624957,0.4972618683686813,0.0007372980688229953,COMPLETE
386,1.003293938689143,0.9989308076143972,0.5046816170011956,0.49478879235525297,0.0005295906435513974,COMPLETE
387,1.0033109343300366,0.9957148777871733,0.5130775069183502,0.4848359706906207,0.002086522391029148,COMPLETE
388,1.0032863788207507,0.9987025036735934,0.5003252245596417,0.4990264492548264,0.0006483261855319242,COMPLETE
389,1.0033091448083542,0.9994725950323131,0.5133684899377492,0.486374858186411,0.000256651875839801,COMPLETE
390,1.0035012562606522,0.8774909175364248,0.5678501982561541,0.37920752604539143,0.05294227569845448,COMPLETE
391,1.0035004046193943,0.8598159660058107,0.5581004073005749,0.3799523251744305,0.06194726752499463,COMPLETE
392,1.0033965765272765,0.8726233228961204,0.5032032666341382,0.43351641627365634,0.06328031709220555,COMPLETE
393,1.0034139123602948,0.8576681464711622,0.5040120675107818,0.42539305073009176,0.07059488175912651,COMPLETE
394,1.003414527461985,0.988662426921789,0.5658658467086616,0.42921212560265065,0.004922027688687824,COMPLETE
395,1.0034488570187272,0.9943906651131901,0.5847760904536838,0.4128947795846604,0.00232912996165576,COMPLETE
396,1.0033095392705347,0.9640050371104122,0.5000815576585995,0.48192389656150125,0.017994545779899253,COMPLETE
397,1.003377486870217,0.8897382840379094,0.502200946086863,0.44291087602436924,0.05488817788876771,COMPLETE
398,1.0033606555935455,0.9045256359710906,0.50067135309294,0.4516555619021926,0.047673085004867416,COMPLETE
399,1.0033001169457747,0.9850828135517883,0.5031599379609019,0.48942860619871986,0.007411455840378303,COMPLETE
400,1.0032886413498032,0.9954238580693326,0.5004460129470816,0.49726795710613353,0.0022860299467849167,COMPLETE
401,1.0035157717253493,0.863057086758197,0.5686506357807406,0.37227912565807453,0.059070238561184915,COMPLETE
402,1.0034372090248544,0.9834274036892371,0.5757499709269309,0.41721910460641165,0.007030924466657402,COMPLETE
403,1.0033791311297193,0.9999495361882417,0.5510913229599701,0.4488860233970551,2.2653642974828045e-05,COMPLETE
404,1.0043754865894756,0.6355014978274747,0.9250605354223228,0.04762414198550284,0.027315322592174358,COMPLETE
405,1.0033976310844588,0.9982014548765676,0.5601172077350567,0.4390916432140334,0.0007911490509099237,COMPLETE
406,1.0032897191869263,0.9958997601341771,0.5012284649259271,0.49672645214202454,0.0020450829320483805,COMPLETE
407,1.003481877003971,0.8990990112304329,0.567430430474197,0.3889228722490235,0.04364669727677953,COMPLETE
408,1.0032990579601173,0.979801310235036,0.5005252118804128,0.4893860518289386,0.010088736290648655,COMPLETE
409,1.0033855866820154,0.8792332225937346,0.5006219799346558,0.4390697458745312,0.06030827419081296,COMPLETE
410,1.003302353836268,0.9802917563900763,0.5025981246321892,0.48759895803602904,0.00980291733178174,COMPLETE
411,1.0034435456340254,0.8291976620482788,0.5019534792951402,0.4129790105597494,0.08506751014511035,COMPLETE
412,1.0037979923607434,0.6528537164256722,0.5977359307440834,0.2626195925982392,0.13964447665767746,COMPLETE
413,1.0035082849748116,0.8673280739894752,0.5666417810226385,0.37586374941314415,0.057494469564217304,COMPLETE
414,1.0034219150627517,0.8486470294438276,0.5026720967161501,0.42205584778136646,0.07527205550248348,COMPLETE
415,1.0033079579053148,0.9777406611057154,0.5047927151360475,0.4841842980872473,0.011022986776705228,COMPLETE
416,1.0034965894634147,0.8903727891835864,0.5714424342510023,0.38157599514166335,0.0469815706073344,COMPLETE
417,1.0032912724331426,0.9999624847013014,0.5035357312533686,0.49644564374129624,1.862500533518899e-05,COMPLETE
418,1.003294471726154,0.9865725931679038,0.5005091902389717,0.49278394344947385,0.0067068663115544954,COMPLETE
419,1.0033949545600873,0.9899274723337893,0.5562028577085834,0.4393269832975011,0.0044701589939155385,COMPLETE
420,1.003404545326429,0.9859278215245078,0.5598940002738777,0.4339127495498414,0.006193250176280935,COMPLETE
421,1.003464427714498,0.9051199454126376,0.5606545225677699,0.3976603545507493,0.041685122881480775,COMPLETE
422,1.0033874879272635,0.9976191064445341,0.5547178283195965,0.4442220022274858,0.001060169452917729,COMPLETE
423,1.0033043923134228,0.9987207303315112,0.5104692897904353,0.48890446842019986,0.0006262417893648727,COMPLETE
424,1.0044457794749844,0.38667905278995174,0.9407255887791777,0.022920173185549664,0.036354238035272664,COMPLETE
425,1.0034918270039939,0.8530700840543154,0.5491903898921051,0.384572191987235,0.06623741812065985,COMPLETE
426,1.003411714923246,0.8595022848064168,0.5038915277369929,0.4264063654218755,0.06970210684113166,COMPLETE
427,1.003299119271244,0.9861488699282839,0.5029946382363145,0.49012127585155635,0.006884085912129134,COMPLETE
428,1.0044004198562466,0.20246687033090927,0.7765546985931331,0.04524027086599506,0.17820503054087186,COMPLETE
429,1.0034111139314448,0.9952367771689704,0.5661165666296115,0.43181674989455315,0.0020666834758353405,COMPLETE
430,1.003318377781502,0.9933692656082033,0.5163915022138116,0.48040181828775236,0.003206679498436034,COMPLETE
431,1.003296616379488,0.9993844002288297,0.5063450100713426,0.49335109602982025,0.0003038938988371664,COMPLETE
432,1.0033676530858358,0.8988714931305465,0.5016475914547756,0.44795477357425,0.050397634970974436,COMPLETE
433,1.0034249159497732,0.8460016333170166,0.5026663719932342,0.4207450615972015,0.0765885664095644,COMPLETE
434,1.003287901136896,0.9984482590743585,0.5010998008534739,0.49812603528969973,0.0007741638568263471,COMPLETE
435,1.0032964323973965,0.9932491909055372,0.5040811942637076,0.4925709525524128,0.0033478531838796914,COMPLETE
436,1.0034906897695763,0.8714331048013341,0.5588057956173108,0.3844712353455612,0.056722969037128,COMPLETE
437,1.0034080795120752,0.996188725868182,0.5648559808769352,0.4334855659793657,0.0016584531436990679,COMPLETE
438,1.0044903275896675,0.7634305455261228,0.9745092464755785,0.019460419869021073,0.006030333655400467,COMPLETE
439,1.0033883160900028,0.9944492764542475,0.5541744483148635,0.44335089729809973,0.0024746543870367756,COMPLETE
440,1.0034775587108136,0.8849634756907954,0.5583253766262131,0.3908659098252895,0.05080871354849744,COMPLETE
441,1.0032919675310104,0.990047867884194,0.5003802732965306,0.4946474451756536,0.004972281527815831,COMPLETE
442,1.0042237220024057,0.41712187746081947,0.780252316389642,0.09166156635521869,0.12808611725513935,COMPLETE
443,1.003305032311539,0.9862843309302821,0.5063928809486521,0.4868369671559828,0.006770151895365126,COMPLETE
444,1.0036197813117675,0.902473881687006,0.6393599114846835,0.3254682605743631,0.03517182794095337,COMPLETE
445,1.0033824944517662,0.8844799565813097,0.5020384479214816,0.4404370119615696,0.057524540116948845,COMPLETE
446,1.0035132631459367,0.8769600520259669,0.5742403142684438,0.3733742361497049,0.05238544958185134,COMPLETE
447,1.003373938969976,0.8905242195657221,0.5004933777110041,0.444822744981818,0.05468387730717788,COMPLETE
448,1.0034470004923197,0.9984631383040669,0.5850000180227398,0.41436218440114636,0.0006377975761137967,COMPLETE
449,1.0033008688479816,0.9829153384246008,0.5027637472759034,0.4887411396232857,0.008495113100810872,COMPLETE
450,1.0036389773974252,0.7136907171402669,0.5326331667804162,0.33355537036806027,0.13381146285152354,COMPLETE
451,1.0035045512011962,0.8637665377666636,0.5626419777341137,0.3777752246570799,0.05958279760880633,COMPLETE
452,1.003290994587607,0.9955495820889135,0.5018269864813741,0.4959559354164427,0.002217078102183214,COMPLETE
453,1.0044292542581805,0.14844660480963878,0.8621092713413996,0.02046941050409639,0.11742131815450403,COMPLETE
454,1.0033775788856634,0.8901134960881228,0.5024869837216885,0.44284305026883497,0.054669966009476476,COMPLETE
455,1.0033007264877383,0.9901244694022779,0.5053755101288382,0.4897398105870565,0.004884679284105324,COMPLETE
456,1.0034294024040387,0.9940134762371449,0.5749890481547452,0.42246661368255956,0.002544338162695297,COMPLETE
457,1.0034792849373353,0.8652706487735345,0.5488623569716655,0.3903561610692902,0.06078148195904427,COMPLETE
458,1.003321804855705,0.9998681031800747,0.5204794559045605,0.47945729686058447,6.324723485504504e-05,COMPLETE
459,1.0033853897555673,0.8813815580860858,0.5018793133046899,0.4390343869544234,0.05908629974088671,COMPLETE
460,1.003293180183419,0.9974454882921369,0.5037350233063391,0.4949972620004945,0.0012677146931663842,COMPLETE
461,1.0032992825350033,0.9976750307713274,0.5072502431386664,0.4916041288391951,0.001145628022138529,COMPLETE
462,1.0038352832568989,0.7211766991252107,0.6770141328236693,0.2329298815543199,0.09005598562201081,COMPLETE
463,1.0034124665243735,0.8534543448355106,0.5000398953449194,0.4266931235622951,0.07326698109278545,COMPLETE
464,1.003491279261895,0.8691257919619291,0.5579176813320065,0.38422514532468577,0.05785717334330775,COMPLETE
465,1.0034721721900066,0.8952100334892859,0.5603112040812107,0.39361382171932313,0.04607497419946616,COMPLETE
466,1.003305568191724,0.9758475038494905,0.5026848515685785,0.48530374622334155,0.012011402208079978,COMPLETE
467,1.0032980668043765,0.9992046189311606,0.5070972488115336,0.4925107056713922,0.0003920455170741448,COMPLETE
468,1.003426962668771,0.8422486931117459,0.5011640650923627,0.42014391425313347,0.07869202065450386,COMPLETE
469,1.0034091362472426,0.9988631359564492,0.5661816216672801,0.4333251858169619,0.0004931925157580062,COMPLETE
470,1.003458992600056,0.9864848218200915,0.58751275332809,0.4069124080361992,0.005574838635710753,COMPLETE
471,1.0033852199887074,0.8825478910240366,0.5025143384387607,0.4390549214255694,0.05843074013566991,COMPLETE
472,1.0033028032392237,0.9762561338966109,0.5012671048329074,0.4868910480828896,0.011841847084203029,COMPLETE
473,1.0034642220329724,0.8898999865976976,0.5532996186319579,0.3975186633926071,0.04918171797543501,COMPLETE
474,1.003384052116175,0.9998220807170911,0.5536065161365606,0.4463140618548952,7.942200854418401e-05,COMPLETE
475,1.0035743692653427,0.7321759046292097,0.5001588340466102,0.3659716578528421,0.1338695081005477,COMPLETE
476,1.0033929186646688,0.8717077336992746,0.5002811757415547,0.4356087637811954,0.06411006047724987,COMPLETE
477,1.0046781069560926,0.14894832179136686,0.627641466069921,0.055462178733579004,0.3168963551965,COMPLETE
478,1.0034323210736709,0.9909337892834793,0.5755492051735849,0.42060263448172414,0.0038481603446909717,COMPLETE
479,1.0032947035115245,0.9998093433350614,0.5054162349921674,0.4944894693166635,9.42956911691498e-05,COMPLETE
480,1.0032942854619433,0.9925870957465475,0.5026270926563389,0.49368592960326124,0.003686977740399879,COMPLETE
481,1.003420055869331,0.990256346998292,0.5691622367139133,0.42663982962059505,0.004197933665491633,COMPLETE
482,1.0033861566012485,0.8816702743591942,0.5025409046155144,0.438594897110116,0.058864198274369624,COMPLETE
483,1.0035680687377018,0.9943273575084552,0.6411266466355223,0.3568375931310992,0.002035760233378492,COMPLETE
484,1.003296830574625,0.992790867609526,0.5041412836069491,0.4922840052596029,0.003574711133448029,COMPLETE
485,1.0034444658218442,0.8299067019316697,0.5031551164405087,0.4123348986864819,0.08450998487300941,COMPLETE
486,1.003370910184515,0.8929410044493107,0.5001009736632872,0.4463803387003367,0.05351868763637606,COMPLETE
487,1.0035162146303855,0.8655326243216802,0.5701860179193614,0.3720180238804068,0.05779595820023184,COMPLETE
488,1.0035037283605388,0.88008777687566,0.570492358195857,0.37800442562651554,0.05150321617762751,COMPLETE
489,1.0033041390387802,0.9964848120984754,0.5095567465697075,0.48871925323945,0.0017240001908425313,COMPLETE
490,1.0034930916716374,0.8807916194771337,0.5649355520421738,0.38320111969369886,0.05186332826412731,COMPLETE
491,1.0034844921447568,0.8927971982957118,0.5659557891666566,0.38751345536848225,0.04653075546486118,COMPLETE
492,1.0034235710770243,0.9930126876011964,0.5717631640007724,0.4252446114454258,0.002992224553801814,COMPLETE
493,1.0033693739187766,0.9003551216714529,0.5035599206652015,0.44697236803206825,0.049467711302730255,COMPLETE
494,1.003310553087169,0.9961897105236743,0.513029560097562,0.4851149415599961,0.0018554983424419408,COMPLETE
495,1.0033933828699675,0.8742860608697733,0.5022894139268129,0.435141427751113,0.06256915832207408,COMPLETE
496,1.0033654193419272,0.9997658019174532,0.5438613703854998,0.456031802822069,0.00010682679243122545,COMPLETE
497,1.0034274504897651,0.9896255657206315,0.5727106669391647,0.4228564479567205,0.004432885104114818,COMPLETE
498,1.003292158250636,0.9942865386046122,0.5020344023174654,0.49512049046394424,0.0028451072185903506,COMPLETE
499,1.0035046234775962,0.8805950214604485,0.5712313895578337,0.37757150371388615,0.051197106728280165,COMPLETE
500,1.0032967368134802,0.9889541850978575,0.5026874446923588,0.49181933287320145,0.005493222434439717,COMPLETE
501,1.003393692475341,0.9999604451385294,0.558619914416767,0.441362626855092,1.7458728141108153e-05,COMPLETE
502,1.0034100534341048,0.859887330066194,0.5030950525096124,0.4272822685941917,0.06962267889619587,COMPLETE
503,1.0034347102570436,0.8353392516084819,0.5009321586846636,0.4168909570662137,0.0821768842491227,COMPLETE
504,1.0034121594335106,0.9946489238442288,0.5664728334336459,0.4312073296824619,0.002319836883892284,COMPLETE
505,1.003306534387029,0.9908073293103961,0.5088909491738778,0.48659444704919375,0.0045146037769285075,COMPLETE
506,1.0033934157804747,0.9957934276051945,0.5572238135381982,0.44091361637875437,0.001862570083047462,COMPLETE
507,1.003404318280746,0.8700267262327662,0.5063578458574294,0.4294818672991513,0.06416028684341935,COMPLETE
508,1.0036528681211843,0.7269446850879674,0.5590066616870754,0.3205777634457805,0.12041557486714417,COMPLETE
509,1.0033732861102305,0.8932226547632793,0.5017334265010216,0.4450629915605601,0.053203581938418266,COMPLETE
510,1.0033839729383245,0.9997681700001158,0.5535492440200034,0.44634725530128944,0.0001035006787071649,COMPLETE
511,1.0032922591654414,0.989372963118643,0.5002962101671676,0.494393419228525,0.005310370604307387,COMPLETE
512,1.0035019207594689,0.860641313368263,0.5594337441532706,0.3791695210576673,0.06139673478906203,COMPLETE
513,1.0033783973454844,0.8866224603911086,0.5008373319057994,0.44256883292107047,0.056593835173130144,COMPLETE
514,1.00335973363923,0.9043934323203032,0.5000351608254877,0.4521649169405056,0.047799922234006725,COMPLETE
515,1.0033035219157576,0.9728110328591635,0.5002909552822635,0.48612247192092717,0.013586572796809344,COMPLETE
516,1.003306786909441,0.9885028206446201,0.5081979513275263,0.48614771231154297,0.005654336360930686,COMPLETE
517,1.0034270884508698,0.9992196167403765,0.5753287383438067,0.4243398553127536,0.00033140634343967803,COMPLETE
518,1.0034219080594737,0.9975442924118598,0.5722507334493646,0.4266988394309456,0.0010504271196897905,COMPLETE
519,1.0033083065276667,0.9765535769994719,0.5045249244210976,0.4838579573706608,0.011617118208241588,COMPLETE
520,1.0036310121880172,0.8441385496943453,0.6226289189138451,0.318553477084654,0.05881760400150092,COMPLETE
521,1.003307498035517,0.9666247310627212,0.5000154885050048,0.48329739395937577,0.016687117535619442,COMPLETE
522,1.003306850050253,0.9922518187562551,0.5095845990770052,0.4866155735119197,0.0037998274110751734,COMPLETE
523,1.0034024286208947,0.9910793599587111,0.5604170423677775,0.43566159629890033,0.003921361333322205,COMPLETE
524,1.0033008892758428,0.9772291195089585,0.5005585772159562,0.48806870183355267,0.011372720950491183,COMPLETE
525,1.0034882827186455,0.8710428044510332,0.5572255375387483,0.38567550952154744,0.057098952939704295,COMPLETE
526,1.0035076339636386,0.8572266469304709,0.5608495470711515,0.3764514702621944,0.0626989826666541,COMPLETE
527,1.0034146144171479,0.9985053547763492,0.5688520427776776,0.4305035439873732,0.0006444132349491595,COMPLETE
528,1.0033032001968514,0.9979948550306528,0.5095545423630123,0.48946204339486765,0.0009834142421200048,COMPLETE
529,1.0035008767685207,0.8755165304330548,0.566654865252291,0.3794008288543588,0.05394430589335021,COMPLETE
530,1.003383648785732,0.8833578464673755,0.5020491227981714,0.43986881453154786,0.05808206267028076,COMPLETE
531,1.0033062286095578,0.9953665069592428,0.5103348877672956,0.48739625234287254,0.0022688598898318387,COMPLETE
532,1.0034473115574338,0.8243018346239774,0.5004674272203199,0.41176561619672586,0.08776695658295426,COMPLETE
533,1.0035021163108373,0.8770409492923673,0.5681061894677737,0.3787885575826816,0.05310525294954472,COMPLETE
534,1.0032971524261702,0.9940052858752306,0.5047587990933968,0.4922723714843606,0.0029688294222425613,COMPLETE
535,1.0040743615729437,0.8077764373356049,0.8187884051863531,0.14637845646247089,0.03483313835117603,COMPLETE
536,1.0034490712439317,0.9975255404363792,0.5857597403398764,0.4132152388879708,0.0010250207721527566,COMPLETE
537,1.00336744738993,0.8989669992507696,0.5015781834194988,0.4480647648124907,0.05035705176801055,COMPLETE
538,1.003376691408492,0.8884727090641996,0.5009306218047761,0.44340952245609616,0.055659855739127725,COMPLETE
539,1.0034100583188459,0.9927671313861987,0.5648383727829386,0.4320141603416324,0.003147466875429005,COMPLETE
540,1.0034874336862414,0.8728268004181224,0.5576849369102092,0.3860644412934021,0.05625062179638873,COMPLETE
541,1.0033994157304886,0.9904608725027735,0.5586744628739372,0.43711567655963535,0.004209860566427488,COMPLETE
542,1.0036611017984365,0.7102402962808511,0.5473239725343912,0.32150875586641264,0.1311672715991961,COMPLETE
543,1.0035953977224294,0.9957850437560667,0.6537461762308826,0.344794379052636,0.0014594447164814252,COMPLETE
544,1.0033885892957697,0.9974886101993607,0.5552477422492235,0.44363531146685,0.00111694628392658,COMPLETE
545,1.0033290078691235,0.9403623517879757,0.5006710938421253,0.46955010451033646,0.029778801647538242,COMPLETE
546,1.003378316274315,0.88680801073564,0.5009028725025405,0.4426033307998941,0.056493796697565365,COMPLETE
547,1.003287143636538,0.9984042079816499,0.5006544717103009,0.4985486766812556,0.0007968516084435357,COMPLETE
548,1.003290177063732,0.9924536916704625,0.5002448960839871,0.4959837978126026,0.003771306103410292,COMPLETE
549,1.0035105353943998,0.8630119329795937,0.5656537050260737,0.3748460356079729,0.05950025936595339,COMPLETE
550,1.0034652342932882,0.8777147399466266,0.5475647736523321,0.39710906703643645,0.05532615931123141,COMPLETE
551,1.0033097382330833,0.9947300294441196,0.512070252153868,0.4853583724416447,0.002571375404487268,COMPLETE
552,1.0033938484242548,0.8748011757999623,0.502920429730826,0.43484579253761346,0.06223377773156061,COMPLETE
553,1.0034717198214806,0.8877195255780719,0.556424001073603,0.39377107532476047,0.04980492360163653,COMPLETE
554,1.0033021457394058,0.992930578580258,0.5071874052956287,0.48932869479144964,0.0034838999129217074,COMPLETE
555,1.003305573041111,0.9920726860409725,0.508805235027712,0.48730090985532193,0.003893855116966031,COMPLETE
556,1.0034058563514776,0.9995035622815576,0.5647024121666057,0.43508148969204685,0.00021609814134750482,COMPLETE
557,1.0033805690960598,0.9974966450191075,0.5510900512689798,0.4477861677748922,0.0011237809561279923,COMPLETE
558,1.003293043851113,0.9891039537214269,0.5006433041884994,0.4939156821444231,0.005441013667077461,COMPLETE
559,1.0034121855911085,0.8546773712690364,0.5007501100763261,0.4266975835263214,0.0725523063973525,COMPLETE
560,1.0032977261254283,0.9994094583177879,0.5069766435182274,0.49273220563946607,0.0002911508423065844,COMPLETE
561,1.0033917080401364,0.9960183199673218,0.5564113012297074,0.44182247050567725,0.0017662282646153705,COMPLETE
562,1.003487552553214,0.8836456474181154,0.5632569234825963,0.38592611860460074,0.05081695791280302,COMPLETE
563,1.0033024016803311,0.9905424927148724,0.5064722361036604,0.4888602214738772,0.004667542422462375,COMPLETE
564,1.004476393365947,0.31516529030324103,0.5248932262609651,0.14973716427049918,0.3253696094685357,COMPLETE
565,1.0034352828079032,0.8361541010850029,0.5019638812041338,0.4164349432196212,0.081601175576245,COMPLETE
566,1.003378054662678,0.9971857119962326,0.5496838540632076,0.44904882660937967,0.0012673193274126725,COMPLETE
567,1.0033488394913765,0.9183275076476946,0.5012085225598912,0.45805393431348634,0.04073754312662242,COMPLETE
568,1.0034883924714801,0.8766743704693233,0.5602278762961972,0.3855369496979887,0.05423517400581412,COMPLETE
569,1.0033499241603945,0.9156562655167583,0.5004154669414863,0.4574477078502921,0.04213682520822158,COMPLETE
570,1.0033770556799377,0.9987885996297524,0.5496563111580176,0.4497981423305806,0.0005455465114018402,COMPLETE
571,1.0033939490455552,0.8725500620203233,0.5014970040775302,0.434968820009468,0.06353417591300183,COMPLETE
572,1.0032899918271379,0.9977141043244127,0.5020263621830225,0.49683532203173514,0.001138315785242328,COMPLETE
573,1.0035423009942654,0.9956587444000234,0.6296622220429803,0.36873004700458095,0.0016077309524387864,COMPLETE
574,1.00351442386566,0.8566078800907772,0.5644274029117462,0.37311491901740335,0.06245767807085051,COMPLETE
575,1.0032908649142809,0.9953164672712556,0.5016701545175449,0.49599590134142785,0.00233394414102724,COMPLETE
576,1.0033877746934428,0.8790510018528244,0.501874682428325,0.4378775594596372,0.060247758112037794,COMPLETE
577,1.0035934294424291,0.8840867234897224,0.6196952980072339,0.3362223379125199,0.044082364080246225,COMPLETE
578,1.0034765884858254,0.8854899621788841,0.5580439663616298,0.3913476315111701,0.05060840212720015,COMPLETE
579,1.0033964255541465,0.9909637098303434,0.5572881633963984,0.43871136398650984,0.00400047261709173,COMPLETE
580,1.003395697132063,0.994810612683519,0.5580997269468583,0.43960708138101023,0.0022931916721314633,COMPLETE
581,1.0033710907221256,0.8962964929904254,0.5022269744805553,0.44615221707831176,0.05162080844113291,COMPLETE
582,1.0032991548154728,0.9995996509899107,0.5078429401560656,0.49196002525221744,0.00019703459171699938,COMPLETE
583,1.0036633746057375,0.726279874037058,0.5663692849790858,0.31493726108398895,0.11869345393692526,COMPLETE
584,1.0034157037114855,0.9950894045938035,0.5684017269888305,0.4294788685143985,0.0021194044967710085,COMPLETE
585,1.003526811277247,0.7641606556056008,0.5001969625890056,0.3819298167416561,0.11787322066933832,COMPLETE
586,1.0040619276386884,0.4793762489134811,0.5949585510912624,0.19416725043235203,0.21087419847638558,COMPLETE
587,1.0033054390892946,0.9954029374811958,0.5099064948790818,0.48784051463781747,0.0022529904831007507,COMPLETE
588,1.0032905354549053,0.9984474278055875,0.502591673906109,0.49663606375752833,0.0007722623363626486,COMPLETE
589,1.0034000309414017,0.8660271047198655,0.5009444744803516,0.4321956118602321,0.06685991365941632,COMPLETE
590,1.0034087627202974,0.8575542844733723,0.5006058568936326,0.4282575870617738,0.0711365560445936,COMPLETE
591,1.003425218838613,0.9977662480444717,0.5739772756892595,0.42507109521721187,0.0009516290935286228,COMPLETE
592,1.003304217572335,0.9976008385535156,0.5099870102940545,0.48883736943276646,0.001175620273179083,COMPLETE
593,1.0033975485378228,0.8670140427021163,0.5000375025284046,0.43347450613229455,0.06648799133930085,COMPLETE
594,1.0032962593624148,0.9939797581428724,0.5042454416496074,0.49276999600734983,0.0029845623430428277,COMPLETE
595,1.0033031061551583,0.9997157986923533,0.5100916014066313,0.4897691659858613,0.00013923260750734853,COMPLETE
596,1.0034895573982487,0.8731302054032578,0.5590526077336966,0.38500448718150837,0.05594290508479502,COMPLETE
597,1.0042915502735084,0.32261627136473414,0.7053977810224349,0.09504346942231898,0.19955874955524613,COMPLETE
598,1.003484048371866,0.8968590517697719,0.5675921650714647,0.3878088808118262,0.04459895411670909,COMPLETE
599,1.0034811187346482,0.8811188706260589,0.5583922836246474,0.3891088923124036,0.05249882406294899,COMPLETE
600,1.0033090535224978,0.9914537800460477,0.5105331431949953,0.48528376538657947,0.004183091418425259,COMPLETE
601,1.0035188095634668,0.8763599364136726,0.5770020343645214,0.370698470267421,0.05229949536805772,COMPLETE
602,1.0033034120604116,0.9770570361657714,0.5019334300336694,0.4866394466645548,0.011427123301775791,COMPLETE
603,1.0034238139648286,0.9977720800629186,0.5732740666391198,0.4257752221462758,0.0009507112146043651,COMPLETE
604,1.0034063619217708,0.9958513990167003,0.5638801695934905,0.43431054324924856,0.0018092871572609533,COMPLETE
605,1.003306892759251,0.9979750953748657,0.5116072824116251,0.4874037689156483,0.0009889486727265966,COMPLETE
606,1.0034245739218142,0.843424081639105,0.5004814944808252,0.4213059367792482,0.0782125687399266,COMPLETE
607,1.0034789546904532,0.90824843004608,0.5699015582278033,0.390636234504863,0.03946220726733368,COMPLETE
608,1.0034052062656884,0.9994481323742322,0.5643554184823547,0.4354041633767646,0.00024041814088072993,COMPLETE
609,1.003456074387524,0.8871766381758533,0.5473047024347956,0.40162069221191565,0.051074605353288796,COMPLETE
610,1.0039598098362383,0.7462995883529594,0.753787989282142,0.18374792224629188,0.062464088471566155,COMPLETE
611,1.0033897323153131,0.8789698114147185,0.5030459746842662,0.43680758591355584,0.06014643940217801,COMPLETE
612,1.0034996160367666,0.8817757438571161,0.5690371814661561,0.38001255988743954,0.05095025864640435,COMPLETE
613,1.0034868023044121,0.8563934284118735,0.5481718634640582,0.38694264690096325,0.06488548963497852,COMPLETE
614,1.0042283992285541,0.5758651325570886,0.8476172520080999,0.08775191137176898,0.06463083662013112,COMPLETE
615,1.00339171014624,0.8750638251461992,0.5017483002972963,0.4360020382274432,0.06224966147526044,COMPLETE
616,1.003295793757898,0.9968028229742589,0.5049836765920245,0.49343366859140875,0.0015826548165667916,COMPLETE
617,1.0032990878549513,0.9876418043673124,0.5035344962195569,0.49033008595984356,0.0061354178205995135,COMPLETE
618,1.003296620799282,0.9923941043131949,0.5038794817780398,0.4923470773122803,0.0037734409096799393,COMPLETE
619,1.0032880264498534,0.9978525594880083,0.500960988709896,0.4979673547001954,0.0010716565899086387,COMPLETE
620,1.004651949085258,0.07473409769953931,0.7004680965671863,0.022385246535276872,0.2771466568975368,COMPLETE
621,1.003386397873257,0.9959022797831117,0.5536280870124635,0.4445428057754364,0.0018291072121001141,COMPLETE
622,1.0034062002185444,0.9971921181121218,0.5641966648538824,0.4345796508546839,0.0012236842914336843,COMPLETE
623,1.003498325490515,0.857887470860195,0.5558106113000826,0.38106451125470825,0.06312487744520918,COMPLETE
624,1.0032913626831295,0.9905521676140542,0.5002220730594638,0.49505610885660656,0.004721818083929663,COMPLETE
625,1.0034081370894075,0.9975001320431831,0.565273699440797,0.43363954221044954,0.001086758348753501,COMPLETE
626,1.0035738953860525,0.9999728870687637,0.6450700371133419,0.3549203396949807,9.623191677430932e-06,COMPLETE
627,1.005317603982178,0.025707315721463786,0.5425056922979801,0.011760950608868328,0.4457333570931516,COMPLETE
628,1.0033950581824664,0.8701161771303877,0.5005664354915116,0.4345652238807288,0.0648683406277596,COMPLETE
629,1.003408087462684,0.9981081509067914,0.5654275586172909,0.4337502959035458,0.0008221454791633294,COMPLETE
630,1.0035854145813115,0.7291163690603353,0.5058246941615181,0.36031130467223466,0.13386400116624728,COMPLETE
631,1.0033065343828051,0.9982935871603361,0.5115167944698483,0.4876496515162749,0.000833554013876823,COMPLETE
632,1.0036939148378055,0.7450469960651183,0.603581457800103,0.2953504440505466,0.10106809814935043,COMPLETE
633,1.0034134909392938,0.8561487154196888,0.5026589343901252,0.4257979144473535,0.0715431511625213,COMPLETE
634,1.0034967648295159,0.8953731960782265,0.5738149496657104,0.38159467063857266,0.04459037969571687,COMPLETE
635,1.0033770540459803,0.8898303830999634,0.501990497118169,0.44314398673676203,0.05486551614506898,COMPLETE
636,1.0033823269558404,0.8860690180439468,0.5029270557337421,0.44044093562221664,0.05663200864404128,COMPLETE
637,1.0035096965788628,0.8588623518302861,0.5629401698173289,0.3753742336412344,0.061685596541436724,COMPLETE
638,1.0033719029864356,0.8962050519630553,0.5026691696003747,0.4457104027011257,0.05162042769849966,COMPLETE
639,1.0032896235215896,0.9930730024635102,0.5001555069763781,0.49638207145181923,0.0034624215718026432,COMPLETE
640,1.0034784612511762,0.8954604570301885,0.563891493213146,0.39051792280210934,0.04559058398474465,COMPLETE
641,1.0033146305404141,0.966186857051654,0.5039303475850044,0.47929597834555104,0.016773674069444577,COMPLETE
642,1.0033060124094524,0.9686642691520436,0.5000143398412761,0.48431824408415236,0.01566741607457156,COMPLETE
643,1.0034781476525514,0.895551531717596,0.5637618790944441,0.39067371737057643,0.04556440353497946,COMPLETE
644,1.0033778152872839,0.9955066025087149,0.5490370043433765,0.44893663966327757,0.0020263559933458757,COMPLETE
645,1.0034240656039604,0.9951510340018944,0.5726406470940955,0.42528710193469144,0.0020722509712131345,COMPLETE
646,1.0033100470572462,0.9988813606958548,0.5136687780715442,0.48578719270877363,0.0005440292196821527,COMPLETE
647,1.0035011766713573,0.8712680454157163,0.5646648123248297,0.3792936380664297,0.05604154960874063,COMPLETE
648,1.003400441864734,0.9925526049373669,0.559849662549709,0.43687236400034735,0.0032779734499436093,COMPLETE
649,1.0033186238786354,0.9989506506066573,0.5184284356350494,0.4810662275360332,0.000505336828917441,COMPLETE
650,1.0033943149230624,0.9970037782947515,0.5580541442893068,0.44062168794526824,0.0013241677654249973,COMPLETE
651,1.0033416785679543,0.9286106083856454,0.5023169612373425,0.4621537494086081,0.0355292893540494,COMPLETE
652,1.0032977332604462,0.9900659322530955,0.5036616644812207,0.49140767686834985,0.004930658650429384,COMPLETE
653,1.0033597343791063,0.9099080534909291,0.5031498172945016,0.45208798262217254,0.04476220008332588,COMPLETE
654,1.0032919504175362,0.9977548601012933,0.5031488883286827,0.4957356114167873,0.0011155002545300387,COMPLETE
655,1.0033005874190855,0.9896150477713589,0.5051109049125972,0.48974969547644465,0.005139399610958105,COMPLETE
656,1.0034225511923887,0.9986309377107618,0.5728868710821229,0.42652838443983715,0.0005847444780399845,COMPLETE
657,1.0033158981609382,0.9991754024948112,0.5170029502166237,0.48259877162111137,0.00039827816226493127,COMPLETE
658,1.00364928154255,0.8491886458761382,0.6343494301628751,0.31050631226382636,0.0551442575732985,COMPLETE
659,1.0032998011760441,0.9835204506758725,0.5023873996411429,0.48941216896693596,0.008200431391921151,COMPLETE
660,1.0035716413228137,0.7679464418159725,0.5381727584664596,0.354658586869368,0.10716865466417234,COMPLETE
661,1.0033396090975057,0.9268360037199586,0.5001831268978879,0.46324827325776724,0.03656859984434487,COMPLETE
662,1.0034876515701443,0.8604684993387182,0.5510344010688886,0.38632075516696224,0.06264484376414917,COMPLETE
663,1.0033684300192585,0.8964777496990928,0.5007060011979872,0.4476059604842899,0.05168803831772284,COMPLETE
664,1.0034699524561361,0.864082601733825,0.5426898455218875,0.3951537480807449,0.06215640639736763,COMPLETE
665,1.0035966618222962,0.7567715741854648,0.545941549917449,0.34361852804118437,0.11043992204136657,COMPLETE
666,1.0034081558462566,0.9983498626382827,0.5655333356844118,0.4337497346403804,0.0007169296752078246,COMPLETE
667,1.0034586739231937,0.8879639868741593,0.5491879523282347,0.4003048631815243,0.050507184490241004,COMPLETE
668,1.003477062979567,0.8773366439793922,0.5541442063163863,0.3911656257291499,0.05469016795446379,COMPLETE
669,1.0032949048416906,0.9979258699851311,0.5048760814066907,0.4940969672126754,0.0010269513806338843,COMPLETE
670,1.0036454140991427,0.8717487009041925,0.6411731878508606,0.31280680734060495,0.04602000480853439,COMPLETE
671,1.003435158318914,0.8351770565670693,0.5011046025117495,0.4166659896090951,0.08222940787915539,COMPLETE
672,1.003304613933505,0.9790541005818212,0.5034037237644937,0.4861946205820352,0.010401655653471058,COMPLETE
673,1.0034971495749414,0.8822908629455974,0.5679227257217087,0.3812178311821753,0.05085944309611608,COMPLETE
674,1.0034726811416208,0.8942221321240862,0.5601230993672601,0.39334765995594345,0.046529240676796424,COMPLETE
675,1.003424445256486,0.994779583256079,0.5727230860487162,0.42504635039540156,0.002230563555882192,COMPLETE
676,1.0034233310822354,0.8531042716301289,0.5068362403104602,0.4207201100043208,0.07244364968521902,COMPLETE
677,1.0034092320314396,0.9956623124186796,0.5652860496871537,0.4328282970091476,0.0018856533036987497,COMPLETE
678,1.0039431115640804,0.9830896101988587,0.7929539410262466,0.20354482940971713,0.003501229564036269,COMPLETE
679,1.0032959691838566,0.9893956890733575,0.5024148697687233,0.49230858279783035,0.005276547433446355,COMPLETE
680,1.0034140239947984,0.9903299151641188,0.5661196065395776,0.4296847332470346,0.004195660213387784,COMPLETE
681,1.0032936702547621,0.9897680381217632,0.5012460272080874,0.4936507411556866,0.005103231636226018,COMPLETE
682,1.003383260033512,0.8807645688464961,0.5001529455480747,0.4402475754035411,0.05959947904838425,COMPLETE
683,1.0033039673115933,0.9743906282225814,0.5011862079195611,0.4860394842313469,0.012774307849091952,COMPLETE
684,1.0032950099430473,0.9935125111235451,0.5033714528782752,0.49340667494654267,0.003221872175182145,COMPLETE
685,1.0035523375510642,0.7473765422449635,0.5010355676150037,0.37291431217911947,0.12605012020587686,COMPLETE
686,1.0044794763381455,0.05976938223653683,0.9189728225099465,0.004842944342950721,0.07618423314710278,COMPLETE
687,1.0034711331014856,0.8789941594714734,0.5516305003766923,0.3941141714540345,0.05425532816927324,COMPLETE
688,1.0032873621476914,0.9976937653911537,0.500527753100498,0.49832034671754416,0.0011519001819578403,COMPLETE
689,1.00329705292543,0.9877223064842184,0.5024095509632982,0.49148118600704904,0.00610926302965275,COMPLETE
690,1.0033736084679812,0.9982295629149904,0.5476833746662182,0.4515158272061245,0.0008007981276573059,COMPLETE
691,1.0034597068139213,0.875314301310605,0.5430509352136981,0.3999740513779563,0.05697501340834571,COMPLETE
692,1.0034849555065528,0.8836387907445865,0.5618055455364114,0.38720561785318924,0.05098883661039939,COMPLETE
693,1.0034534085831683,0.8875537383781457,0.5459792086849041,0.4029678506331173,0.051052940681978604,COMPLETE
694,1.003371699331218,0.8948598257431565,0.5017434457881185,0.4458697732774299,0.05238678093445163,COMPLETE
695,1.0032875310472427,0.9976790821091654,0.5006184724790292,0.49822250399939505,0.0011590235215757077,COMPLETE
696,1.0033925815045588,0.9903253697838212,0.5550985567277094,0.440597186325987,0.004304256946303643,COMPLETE
697,1.0033705663342465,0.8945977752758127,0.5008910637236546,0.44650174401309606,0.05260719226324942,COMPLETE
698,1.0035753312446616,0.9195123701549698,0.6234437789950618,0.3462481032728494,0.03030811773208886,COMPLETE
699,1.0032915265381463,0.9941943441390552,0.5016428965141483,0.49546381364715564,0.0028932898386961276,COMPLETE
700,1.0034136791641957,0.8524591029861874,0.5001006355735139,0.42614376378236757,0.07375560064411854,COMPLETE
701,1.0034815278412685,0.8690049653660898,0.5522427340163246,0.38910328741855893,0.058653978565116484,COMPLETE
702,1.0034312214863226,0.9962686066147625,0.576552026081243,0.4218679229498843,0.0015800509688726865,COMPLETE
703,1.003370731723853,0.9981643180614592,0.546155826932782,0.45301105951580656,0.0008331135514114674,COMPLETE
704,1.0034260553737497,0.8477198059097864,0.5046940226210223,0.4198806870096641,0.07542529036931371,COMPLETE
705,1.0034243945339822,0.8464745697821305,0.5026784704644763,0.4209700277569735,0.07635150177855014,COMPLETE
706,1.0033080299060757,0.9929138679104004,0.5104794941922178,0.4860516988430606,0.0034688069647215666,COMPLETE
707,1.0033647237663057,0.9998154921969149,0.5435105646809049,0.45640520945625285,8.422586284228357e-05,COMPLETE
708,1.0032935630739461,0.9889836347844546,0.5008942636529861,0.4936074052742415,0.005498331072772412,COMPLETE
709,1.0034528815729795,0.9099605830141624,0.556533788328636,0.40353677251955633,0.039929439151807675,COMPLETE
710,1.0033982622025095,0.8684861694871177,0.5014983869787342,0.43294175637598864,0.06555985664527722,COMPLETE
711,1.003456946536992,0.8989589050071143,0.5536584543122095,0.401242707170679,0.04509883851711148,COMPLETE
712,1.0033041293328613,0.9861185843235039,0.5058212997781439,0.4873188002656059,0.0068598999562501616,COMPLETE
713,1.0032910521729308,0.9938478667641146,0.5012486763661554,0.49568293903927496,0.0030683845945695958,COMPLETE
714,1.0034706890685636,0.9999895768878629,0.5969728164181254,0.40302298278434584,4.20079752875696e-06,COMPLETE
715,1.003401723181432,0.8652132551854272,0.5014649481165364,0.4313391350641274,0.06719591681933619,COMPLETE
716,1.003380610965791,0.9959735905552575,0.5506414972926988,0.44754920138792514,0.0018093013193760388,COMPLETE
717,1.0033890277350932,0.9985616340707397,0.5557990709096983,0.4435620056081525,0.0006389234821492502,COMPLETE
718,1.0032889044528,0.9944172566399072,0.5002334739862578,0.4969764577590423,0.00279006825469986,COMPLETE
719,1.0032967629947898,0.9893627669696339,0.5028532045677333,0.49185852911895395,0.0052882663133127766,COMPLETE
720,1.0035615783939686,0.9979655576278481,0.6390364408989055,0.36022919954165644,0.0007343595594380195,COMPLETE
721,1.0032986471063392,0.9975499787647727,0.5068500778541501,0.49194169436444185,0.0012082277814080252,COMPLETE
722,1.003401163375812,0.8646618779995155,0.5007254843764568,0.43170364031635133,0.06757087530719187,COMPLETE
723,1.0034825866570525,0.9026652676796911,0.5694127923618852,0.3886761170421096,0.04191109059600515,COMPLETE
724,1.0036428381910234,0.7488428141432493,0.5718979579192527,0.32058113793221854,0.10752090414852877,COMPLETE
725,1.003457805438226,0.9083904846264526,0.5585172583522758,0.4010387216395911,0.04044402000813306,COMPLETE
726,1.0034638128728954,0.8858529033558803,0.5510234474864906,0.3977271825828062,0.05124936993070325,COMPLETE
727,1.003289041124709,0.9990221328038158,0.501947090412665,0.4975658799850854,0.0004870296022495507,COMPLETE
728,1.0045502995393318,0.5124156871023174,0.9946466854661178,0.002743122345154077,0.002610192188728137,COMPLETE
729,1.0035892794255035,0.8925148597978075,0.6208046940963089,0.3384374452846196,0.040757860619071495,COMPLETE
730,1.0033992291091574,0.9911125556474967,0.5587808767857371,0.43729781280943586,0.00392131040482707,COMPLETE
731,1.003387620627418,0.8776951913563023,0.5008993563578454,0.43805823492755447,0.061042408714600094,COMPLETE
732,1.0033838844194507,0.8807716366051987,0.5005483627848862,0.43990283591510176,0.05954880130001203,COMPLETE
733,1.0044965900533875,0.8930720721969512,0.9786257341932578,0.019088759855715672,0.0022855059510265025,COMPLETE
734,1.0033642832227827,0.9017597896271938,0.5012804517175572,0.4497252349421448,0.048994313340298044,COMPLETE
735,1.0034099940913956,0.9919742037338543,0.564565329827009,0.4319399602229662,0.0034947099500247957,COMPLETE
736,1.0032997334922795,0.9832060242144882,0.5022287367707305,0.48941170468787354,0.008359558541395964,COMPLETE
737,1.0032936846218188,0.998691653226662,0.5044552868683864,0.49489636880514315,0.0006483443264704617,COMPLETE
738,1.0035943604077548,0.7253323591277259,0.5086424302127596,0.3563975452690453,0.13496002451819514,COMPLETE
739,1.0033003575588149,0.9920920760563782,0.5058802752152003,0.49021226358215814,0.003907461202641547,COMPLETE
740,1.003384926558282,0.9991339457564556,0.5538514947918081,0.4457621164020054,0.000386388806186526,COMPLETE
741,1.0033953739346437,0.8702549922324065,0.5008607742393966,0.43437840303718334,0.06476082272342007,COMPLETE
742,1.0034010212795614,0.9999487897523262,0.5623691965198359,0.4376083922983282,2.241118183592502e-05,COMPLETE
743,1.0033038007548916,0.9961864728006975,0.509263757490963,0.4888648065005453,0.0018714360084917214,COMPLETE
744,1.003294233823769,0.9942855941656151,0.5032097749967476,0.4939513640430285,0.0028388609602239593,COMPLETE
745,1.0036276858350164,0.7551061975627609,0.5665989966527027,0.327263783657463,0.10613721968983422,COMPLETE
746,1.0034778853041821,0.8820559879385507,0.5570455373530767,0.3907106361618218,0.05224382648510153,COMPLETE
747,1.0034769552772174,0.8863819023838025,0.5586924991006459,0.39116698218341117,0.05014051871594296,COMPLETE
748,1.0035077189386303,0.9997574060931438,0.6145715449658451,0.3853349524394346,9.35025947202904e-05,COMPLETE
749,1.003478607042828,0.8881929197739976,0.5605042377464634,0.39035702430426733,0.049138737949269234,COMPLETE
750,1.0043446875053121,0.3755084213360261,0.8730531402595503,0.0476696148947022,0.07927724484574752,COMPLETE
751,1.0034418290468778,0.8305879409586736,0.5019203816331748,0.41369892465278335,0.08438069371404192,COMPLETE
752,1.0034762247194724,0.8964193381387615,0.5631111805761627,0.3916355863481411,0.04525323307569617,COMPLETE
753,1.00334146161026,0.9252224266428297,0.5004485592634629,0.46219619623118063,0.03735524450535651,COMPLETE
754,1.00341207881029,0.999849076137342,0.5679594914207826,0.43197530335683787,6.520522237951333e-05,COMPLETE
755,1.0033001070187,0.9971787614737065,0.5075402309181559,0.49107042260866085,0.0013893464731832782,COMPLETE
756,1.0032938003443923,0.9929943750043375,0.5024995427052776,0.49401515565574494,0.0034853016389774236,COMPLETE
757,1.0033611303020522,0.905394171423356,0.5014559053966143,0.45137891745143954,0.0471651771519461,COMPLETE
758,1.0034847513636687,0.8708121871928093,0.5550796912235472,0.38744202721212295,0.05747828156432988,COMPLETE
759,1.0034665980913569,0.8683472641823944,0.5431689281464945,0.3966880114375023,0.06014306041600316,COMPLETE
760,1.0034618205231653,0.9993517966068891,0.5925005258441886,0.40723533161397274,0.00026414254183870084,COMPLETE
761,1.0033765141721713,0.9963434681033122,0.548617887825549,0.4497316190836908,0.0016504930907601898,COMPLETE
762,1.0040189296403712,0.5509847002577247,0.6902376677248697,0.17067430579974638,0.1390880264753839,COMPLETE
763,1.0033763280768078,0.9987098979195627,0.5492525964917273,0.4501658933452549,0.0005815101630177511,COMPLETE
764,1.003454659060102,0.9020534942977365,0.5538602159760331,0.40244195112405684,0.043697832899910076,COMPLETE
765,1.00339095930319,0.9985059078455183,0.5567786897410486,0.44255909677659444,0.0006622134823570021,COMPLETE
766,1.0032862372313647,0.9992905718084173,0.5004513718163736,0.49919423430372656,0.0003543938798999318,COMPLETE
767,1.0033710832649019,0.8981212382668267,0.5032981088894389,0.4460985174936916,0.05060337361686946,COMPLETE
768,1.0033137822446658,0.9600293869019307,0.5008182959139853,0.4792291053263577,0.019952598759656996,COMPLETE
769,1.0034090201488692,0.8600429954041691,0.5025404883946772,0.4278365684533368,0.06962294315198597,COMPLETE
770,1.0033848669098597,0.8822265973628508,0.5020910543529248,0.4392685149147438,0.058640430732331425,COMPLETE
771,1.0033008944040458,0.9859155231454099,0.5039143898593134,0.4890985038467649,0.006987106293921725,COMPLETE
772,1.003583006558469,0.8892951582289227,0.6164147687614836,0.34112048890853436,0.04246474232998206,COMPLETE
773,1.0032936307949007,0.9972927826061903,0.5039358038633409,0.4947212425164317,0.001342953620227413,COMPLETE
774,1.003296814440356,0.9902270047261806,0.503200185513181,0.49194459224780496,0.004855222239014018,COMPLETE
775,1.0036265572353644,0.700013464367965,0.5009164286168085,0.34936521981308444,0.14971835157010707,COMPLETE
776,1.003368757967338,0.998660489280034,0.5452738138810105,0.4541170755180339,0.0006091106009556245,COMPLETE
777,1.0034893614925138,0.8591485875227187,0.5512822902724493,0.38551518650885447,0.06320252321869621,COMPLETE
778,1.0034629362256955,0.8812131962908678,0.5481094462214869,0.39821191926881383,0.053678634509699286,COMPLETE
779,1.0034510363665476,0.9002746930135475,0.5509975485445611,0.4042255441463755,0.044776907309063405,COMPLETE
780,1.0034536865697137,0.9005017783294431,0.5525830555986944,0.4028997540881013,0.044517190313204336,COMPLETE
781,1.0034238988065651,0.998526959934074,0.573533445769831,0.42583835190901054,0.0006282023211584285,COMPLETE
782,1.003452311051527,0.9978417865934305,0.5874399330937454,0.41166967423884226,0.0008903926674122968,COMPLETE
783,1.003373150670172,0.9987628111823923,0.5476085304732363,0.45183177585948403,0.0005596936672796284,COMPLETE
784,1.0033954252437773,0.8772560248519309,0.505497143931658,0.4338056097924402,0.06069724627590177,COMPLETE
785,1.0033599880352682,0.9047191714984616,0.5003770045773179,0.4520185024803886,0.04760449294229348,COMPLETE
786,1.0033922237125443,0.9973609314460855,0.5570850335617562,0.44174608347825856,0.0011688829599852619,COMPLETE
787,1.0033973091302717,0.8690761478953086,0.5012927290952582,0.4334145939252751,0.06529267697946667,COMPLETE
788,1.0033621022273187,0.9084953664427078,0.5037885025467139,0.4508058462119079,0.04540565124137818,COMPLETE
789,1.0036129896378299,0.8709024299464778,0.6244864640508242,0.32703565093593123,0.04847788501324454,COMPLETE
790,1.0033646179457107,0.899868950749244,0.5003806188396804,0.4495919682987234,0.05002741286159619,COMPLETE
791,1.0034874466520782,0.8831137553970918,0.562935935532153,0.385977287321317,0.051086777146529996,COMPLETE
792,1.0033134838151583,0.9603032592919559,0.5007649208094107,0.4794170736996006,0.019818005490988673,COMPLETE
793,1.003486854982673,0.8943469323521898,0.5679687177179343,0.3863858519891484,0.04564543029291729,COMPLETE
794,1.003306370440312,0.9890383513916112,0.5081590294916324,0.486449582618446,0.005391387889921632,COMPLETE
795,1.0036351560683794,0.7310268162990212,0.5494800623432877,0.3293421557044199,0.12117778195229238,COMPLETE
796,1.004092409665254,0.6133079696084062,0.7814010096709137,0.1340685029171795,0.08453048741190675,COMPLETE
797,1.0034526318999446,0.880048897307513,0.5415379313511354,0.40346903797175465,0.05499303067710998,COMPLETE
798,1.0033941755875595,0.9910401501142585,0.5561487362334154,0.4398744230716393,0.003976840694945253,COMPLETE
799,1.003322736244869,0.9985692536422536,0.5205585536422894,0.4787554872545816,0.000685959103128973,COMPLETE
800,1.00336343183121,0.9058365997966907,0.5030986278705918,0.45011144936401326,0.046789922765394974,COMPLETE
801,1.0035504876320769,0.749070320065611,0.5015940771060408,0.3733410841847743,0.12506483870918494,COMPLETE
802,1.0033903856882114,0.8756204373344479,0.5012804810118807,0.4366890033236025,0.06203051566451676,COMPLETE
803,1.0033666196562547,0.9984640769938441,0.5440882045598687,0.45521155002473696,0.0007002454153943418,COMPLETE
804,1.0032961871038255,0.9850540296177456,0.5009124751366383,0.49162817749860127,0.007459347364760473,COMPLETE
805,1.0034171554814444,0.9963790776439402,0.5695158602797152,0.4289253900748424,0.0015587496454423579,COMPLETE
806,1.00330174040909,0.9849656900309958,0.5040371599503592,0.48850638097922683,0.007456459070413967,COMPLETE
807,1.0033041794400173,0.9900312113106796,0.507287697624059,0.4878005575489267,0.004911744827014286,COMPLETE
808,1.003296563241464,0.9944166918281124,0.5045731033412877,0.49266077561802485,0.0027661210406874867,COMPLETE
809,1.003667476446572,0.7744229705200086,0.6066079040835392,0.30465187549871775,0.08874022041774308,COMPLETE
810,1.003435524934238,0.8360795234123994,0.5020673923444487,0.41631125730014656,0.08162135035540469,COMPLETE
811,1.0032960146699224,0.9845143217410012,0.5006085931350067,0.49165799221297324,0.007733414652020063,COMPLETE
812,1.003459544323015,0.9148905304459221,0.5623334298143698,0.40041700055557855,0.037249569630051604,COMPLETE
813,1.0033673671708376,0.9977213154755225,0.5442495034841386,0.4547119849124278,0.0010385116034336522,COMPLETE
814,1.003486149539948,0.8947130976919465,0.5677525600109978,0.3867374460019739,0.045509993987028284,COMPLETE
815,1.0032921816490008,0.995548425708218,0.5024992396776861,0.49528609872752116,0.0022146615947928124,COMPLETE
816,1.0033758364899796,0.8888088770717675,0.5006095015643985,0.4438627081348572,0.05552779030074427,COMPLETE
817,1.0034794697878076,0.8778476824338661,0.5557805725943887,0.38995699484011487,0.05426243256549638,COMPLETE
818,1.0034714658425692,0.902243617490419,0.5631894105931902,0.3941095663445222,0.04270102306228762,COMPLETE
819,1.0032979731026053,0.9906397814442996,0.5040073012058204,0.4913500987314344,0.004642600062745175,COMPLETE
820,1.0035881447218438,0.7758757551644516,0.556565084334568,0.344050400058202,0.09938451560723004,COMPLETE
821,1.0033045335583772,0.973483852490444,0.5011445804930633,0.4856276956173493,0.013227723889587373,COMPLETE
822,1.0033848726302037,0.9991750919948874,0.5538360147711824,0.44579594098580944,0.0003680442430081871,COMPLETE
823,1.0033943037307491,0.9986477200003779,0.5585425765519513,0.4408604494036352,0.0005969740444134845,COMPLETE
824,1.0034754461824773,0.8625219232723561,0.5450321918873225,0.3924197088803548,0.06254809923232263,COMPLETE
825,1.0035717441781609,0.9862637719923014,0.6408617057301841,0.3542050887734298,0.004933205496386141,COMPLETE
826,1.003379402445278,0.9973774019002632,0.5504457795933329,0.4483752203625,0.0011790000441671616,COMPLETE
827,1.0033004548262794,0.9914303682093206,0.5056963685727386,0.4900676313131341,0.0042360001141273215,COMPLETE
828,1.0035814134814114,0.8831858121603303,0.6132046152432663,0.3416121960262433,0.045183188730490396,COMPLETE
829,1.0035321722373436,0.7621948477723226,0.5022410178360457,0.3793893316377614,0.11836965052619292,COMPLETE
830,1.0033022250536765,0.9748279898261087,0.5003636130853357,0.4870595347000021,0.012576852214662197,COMPLETE
831,1.0034874172580934,0.873890481578263,0.5582338391937095,0.38605524301198957,0.05571091779430093,COMPLETE
832,1.0032901183262273,0.9930609333640318,0.5004327001296136,0.49610076908743506,0.0034665307829513273,COMPLETE
833,1.0033121202007422,0.9627309196628274,0.5010256945357279,0.4803779919877393,0.018596313476532848,COMPLETE
834,1.0034597923022683,0.9963467936139621,0.5906926379977522,0.4078120777335289,0.0014952842687189563,COMPLETE
835,1.0034918448267784,0.8819441387615837,0.5648095233799934,0.3838136900998749,0.051376786520131744,COMPLETE
836,1.0034240350516515,0.8491939573675316,0.5044613996395558,0.4208083850684533,0.07473021529199088,COMPLETE
837,1.0032919487086012,0.9979929206021974,0.5032314480160185,0.4957714980578182,0.0009970539261633024,COMPLETE
838,1.0034622560257025,0.9020301155358068,0.5580449548326302,0.3986567604539553,0.04329828471341451,COMPLETE
839,1.0032980038289048,0.998863794102009,0.5069443762767537,0.4924954110155343,0.0005602127077119916,COMPLETE
840,1.003446204009224,0.9112659935666491,0.5534637387273028,0.4069133097922012,0.03962295148049599,COMPLETE
841,1.0033779840999713,0.8935389238239662,0.5047998108968158,0.44248064404868376,0.05271954505450046,COMPLETE
842,1.0032999421318811,0.9802674691629438,0.5012128204111598,0.48894484618647516,0.009842333402365065,COMPLETE
843,1.0033008071020508,0.994412693619967,0.5069620228943001,0.4902832228706186,0.0027547542350812504,COMPLETE
844,1.0032946142276218,0.991784977834784,0.5025221357183681,0.493391072599854,0.004086791681777907,COMPLETE
845,1.0034605808695558,0.90049299886776,0.5564021637796766,0.39945674582928853,0.04414109039103493,COMPLETE
846,1.003473749512283,0.8980833666612211,0.5625270428374359,0.39288718619179575,0.044585770970768365,COMPLETE
847,1.0035529429705414,0.747318431559753,0.5014742858380427,0.3725574547997197,0.12596825936223766,COMPLETE
848,1.0032914439216791,0.9948298738447677,0.5018243312837248,0.4956000376615448,0.00257563105473034,COMPLETE
849,1.00447338488497,0.08672159752475356,0.8190782260532534,0.0156898252636742,0.1652319486830724,COMPLETE
850,1.003459289791305,0.9984745262368878,0.5910292873330333,0.40834683857491194,0.0006238740920547494,COMPLETE
851,1.0035369302240311,0.9955348891335812,0.6271512148673137,0.3711839739706593,0.0016648111620269925,COMPLETE
852,1.0033994477006412,0.8668817662708556,0.5011591251549818,0.4324360586737481,0.06640481617127002,COMPLETE
853,1.0035630033557361,0.7807802471133403,0.5434074182108001,0.35649846883948955,0.10009411294971038,COMPLETE
854,1.003480305340956,0.8905960870536342,0.5626078306383377,0.3895397545413969,0.047852414820265365,COMPLETE
855,1.003382572921078,0.8868779135319595,0.5035797790005236,0.4402641298350899,0.056156091164386523,COMPLETE
856,1.003420904740062,0.8491064971848246,0.5023512572194339,0.42255678081083825,0.07509196196972788,COMPLETE
857,1.0034692423858704,0.8808288406333906,0.5515129519362444,0.3950403265850896,0.05344672147866602,COMPLETE
858,1.0034168076745986,0.8545234594902441,0.5036388029594046,0.42415228725184834,0.07220890978874711,COMPLETE
859,1.0033053628738404,0.9998423652805515,0.5113922027514303,0.4885307756955301,7.702155303963684e-05,COMPLETE
860,1.0033865444356602,0.9941781121629014,0.5531710209709071,0.4442275908308203,0.002601388198272654,COMPLETE
861,1.003449396931395,0.8935247193604697,0.5467515160754689,0.404988724399225,0.04825975952530607,COMPLETE
862,1.0034158810328015,0.99603325341421,0.5687698970530097,0.42951952240843544,0.0017105805385548409,COMPLETE
863,1.0033922510345896,0.9984128626706518,0.5574161930693292,0.4418813656493261,0.0007024412813447183,COMPLETE
864,1.0033921003720365,0.8722186576165248,0.5001053358647753,0.4360174529016892,0.06387721123353546,COMPLETE
865,1.003404438914482,0.9938738325326306,0.5623028391429993,0.43501575474959864,0.0026814061074021006,COMPLETE
866,1.0033364995132712,0.9989786077656082,0.5281846483489434,0.4713334431148134,0.0004819085362432226,COMPLETE
867,1.0032914781789548,0.995280309895094,0.5020049776601382,0.4956446401606319,0.0023503821792299016,COMPLETE
868,1.003302521803073,0.9972027867382983,0.508901444871148,0.4897248477376431,0.001373707391208959,COMPLETE
869,1.0043822937909106,0.5080077671627689,0.9177042127852156,0.04180689910988494,0.04048888810489942,COMPLETE
870,1.0034105077255049,0.8572569336542665,0.5015226068387183,0.42732320155741255,0.07115419160386913,COMPLETE
871,1.0034128059446525,0.9911097840286893,0.5657364289814899,0.43040287408368294,0.0038606969348271673,COMPLETE
872,1.0033009688365462,0.99892415161198,0.5086266305320774,0.49084472622046466,0.0005286432474580182,COMPLETE
873,1.0033601124944422,0.9078189569328041,0.5022122337341098,0.4519011707454109,0.04588659552047926,COMPLETE
874,1.003424306731863,0.9958736047716332,0.5729724263329053,0.4252654891247337,0.0017620845423609408,COMPLETE
875,1.0033628910880237,0.9021863259497677,0.5006806084224733,0.45047912736280216,0.048840264214724524,COMPLETE
876,1.0033977732211923,0.9944992767221678,0.559073265463189,0.4385013185843258,0.002425415952485194,COMPLETE
877,1.0034064456456269,0.865621496237434,0.5047513787062983,0.42869785257378046,0.06655076871992133,COMPLETE
878,1.003598918878541,0.778028638977528,0.565479028773574,0.3380697598504898,0.09645121137593614,COMPLETE
879,1.0035805326048828,0.8945950449881545,0.617181248594107,0.342467758136264,0.04035099326962904,COMPLETE
880,1.0032882592137131,0.9994591563917322,0.5016569539451622,0.4980735204036544,0.00026952565118345623,COMPLETE
881,1.003474860345665,0.8930253385965947,0.560757751048684,0.39225445809567877,0.04698779085563728,COMPLETE
882,1.0032939679330426,0.9985477032833698,0.5045648835542423,0.4947155976528402,0.0007195187929174567,COMPLETE
883,1.0033788848793157,0.9955414914010077,0.5496066570023819,0.44838526040493437,0.0020080825926837814,COMPLETE
884,1.0034825616447978,0.8905009594039366,0.563808928946886,0.38842856725622876,0.04776250379688532,COMPLETE
885,1.0033449899504936,0.9229401633198973,0.5013564620661586,0.460218148339071,0.03842538959477044,COMPLETE
886,1.0032955342877634,0.9882940621336985,0.5017593754361208,0.4924082507702672,0.00583237379361201,COMPLETE
887,1.0034602058253683,0.9004387387401966,0.5561692468525745,0.3996424035781794,0.04418834956924612,COMPLETE
888,1.0033942947698937,0.9964346355516045,0.5578715620782607,0.4405520889075485,0.0015763490141908073,COMPLETE
889,1.0034784905869898,0.8923280151428231,0.5624316705670024,0.3904544788923077,0.04711385054068991,COMPLETE
890,1.0032919609332758,0.9939717896488501,0.5018092248642254,0.4951875763482537,0.0030031987875208514,COMPLETE
891,1.0034549197301303,0.8858852044917028,0.5459740866270375,0.40221483911293904,0.05181107426002346,COMPLETE
892,1.003364380249896,0.9002912839155519,0.5004832864550477,0.4497105433746621,0.04980617017029024,COMPLETE
893,1.0034120924336174,0.9939141926867577,0.5662192572512539,0.4311408367321822,0.0026399060165639807,COMPLETE
894,1.00340223880569,0.8694610993373932,0.5046730490571767,0.4306675152981862,0.06465943564463711,COMPLETE
895,1.0033020591585453,0.9832805705468838,0.5035797868910463,0.4881203503767776,0.00829986273217607,COMPLETE
896,1.0033608899136957,0.9076863669750588,0.5026066679322159,0.451477146542226,0.04591618552555815,COMPLETE
897,1.0043325691298444,0.27858491940980956,0.767696075009079,0.06471637022217817,0.16758755476874282,COMPLETE
898,1.003296553955691,0.9929857772320612,0.5040551345044542,0.4924661977283446,0.003478667767201222,COMPLETE
899,1.0035953920796834,0.896704262350619,0.6253978438207873,0.33590735013163225,0.03869480604758042,COMPLETE
900,1.004133617870959,0.4402530631347872,0.6563090524915814,0.15131099241227863,0.19237995509613992,COMPLETE
901,1.0044119296615335,0.2518425877250461,0.8964762821533127,0.026071680993427278,0.07745203685326008,COMPLETE
902,1.0033568676968094,0.9099282242876843,0.5014358540762328,0.45365758799391936,0.04490655792984781,COMPLETE
903,1.0033651625845057,0.9011443714937438,0.5014581752982572,0.4492581592841962,0.04928366541754658,COMPLETE
904,1.0032916913390257,0.996905024358093,0.5027030300934506,0.49575784789789445,0.0015391220086549146,COMPLETE
905,1.0036067457840232,0.7801267313121416,0.5721823014479782,0.3337520227688719,0.0940656757831499,COMPLETE
906,1.0034285839659465,0.9975357465676233,0.5755965761967207,0.4233575862094597,0.0010458375938196382,COMPLETE
907,1.0034609955787956,0.9133784415987577,0.5624607769464246,0.3996388936910059,0.037900329362569464,COMPLETE
908,1.0034998825848205,0.7847830617862697,0.5016169799250555,0.39112255243670285,0.10726046763824165,COMPLETE
909,1.003420291690851,0.9996470457441187,0.572042919187262,0.4278060315397306,0.00015104927300740726,COMPLETE
910,1.003291837703873,0.9927253786697996,0.5012882529667574,0.4950838079206531,0.0036279391125895346,COMPLETE
911,1.003417128858675,0.9896388648510396,0.5674891082682453,0.4280295879291246,0.0044813038026300985,COMPLETE
912,1.003388756620972,0.8824058264651873,0.5046201352531609,0.4371260789661473,0.058253785780691854,COMPLETE
913,1.003629838370239,0.7532175068759072,0.5665012861709896,0.32651882046419956,0.10697989336481084,COMPLETE
914,1.0034536229648852,0.8822595538431505,0.5433084762071334,0.402920460025443,0.05377106376742358,COMPLETE
915,1.00429559727102,0.8041315276390828,0.9053638691878273,0.07609989643984451,0.018536234372328195,COMPLETE
916,1.0035468075348286,0.9106220557529094,0.606150611809704,0.35864793953087304,0.035201448659423006,COMPLETE
917,1.0033503876329892,0.9985964097152822,0.5355240186674682,0.46382404735764865,0.0006519339748831148,COMPLETE
918,1.0032921385375249,0.9951769250011319,0.5023422743743942,0.4952574850911474,0.002400240534458439,COMPLETE
919,1.0033827434092528,0.9969328537568063,0.5520476477121611,0.4465784169133895,0.0013739353744494295,COMPLETE
920,1.003467159174961,0.8716746892996307,0.5453738280176593,0.39628612721018724,0.05834004477215342,COMPLETE
921,1.0034137679097779,0.8555232196017873,0.5023892729695403,0.4257175312974851,0.07189319573297467,COMPLETE
922,1.0034840688461764,0.8949498353032295,0.5667254895922551,0.3877589517304987,0.04551555867724622,COMPLETE
923,1.0034016317381869,0.9946720618714108,0.5611069064120023,0.4365546983402957,0.0023383952477019727,COMPLETE
924,1.003496260413626,0.8796468604484905,0.5661349187806982,0.38164805655278816,0.05221702466651363,COMPLETE
925,1.0033594251809863,0.9995661936494992,0.5406354446090677,0.4591652801296088,0.00019927526132357747,COMPLETE
926,1.0032864711640552,0.998828561793906,0.5004220016363173,0.49899277360947547,0.0005852247542071837,COMPLETE
927,1.0033572765099394,0.9069982246035813,0.5000334227145392,0.45346879795904216,0.04649777932641866,COMPLETE
928,1.0034684192728738,0.8703102740519316,0.5453468226242237,0.39568933140049334,0.058963845975282946,COMPLETE
929,1.0033779535295992,0.8871324108528758,0.5008801679928366,0.44278537987299715,0.05633445213416619,COMPLETE
930,1.0033999542135346,0.8656634107698127,0.5006446660605928,0.4322736415640861,0.06708169237532118,COMPLETE
931,1.00342069722538,0.9997422227160458,0.5722739515357002,0.4276157904052503,0.00011025805904956943,COMPLETE
932,1.0038546339258876,0.8426121675765303,0.7310880127119702,0.22658851249607914,0.04232347479195064,COMPLETE
933,1.0033877668267646,0.9968349254176198,0.5546232175617108,0.44396713170461144,0.0014096507336777253,COMPLETE
934,1.003305736337269,0.9978685205465221,0.5109264951730874,0.4880310547001336,0.0010424501267789954,COMPLETE
935,1.0034541379385893,0.8855440568750914,0.5453477851142153,0.4026145668372036,0.05203764804858109,COMPLETE
936,1.003454175868734,0.89713532837907,0.5512314082124651,0.4026061579595229,0.04616243382801199,COMPLETE
937,1.0032970991374548,0.9888467691966353,0.5028533203210851,0.4916018880173295,0.005544791661585368,COMPLETE
938,1.0034329423975343,0.837432387237783,0.5014030379001314,0.41754124424079936,0.08105571785906922,COMPLETE
939,1.0033989706980497,0.8707481290759733,0.5034684269784742,0.43235393823564366,0.06417763478588219,COMPLETE
940,1.0036961418192243,0.7848383508056831,0.6296353777855352,0.2906763592955704,0.07968826291889437,COMPLETE
941,1.0032992230973579,0.9970524310261253,0.5070001456284665,0.4915467032966632,0.0014531510748702846,COMPLETE
942,1.0033792929057914,0.8848652161874372,0.5002905147418032,0.44217554170390727,0.057533943554289535,COMPLETE
943,1.0034740801499569,0.997432165422986,0.5979296333739441,0.4010379164362408,0.0010324501898150977,COMPLETE
944,1.0033809125905175,0.9999869127265141,0.5520283277871173,0.4479658094850945,5.862727788196389e-06,COMPLETE
945,1.003373595692994,0.9989013469417549,0.5478840384564891,0.45161924295967965,0.0004967185838311934,COMPLETE
946,1.003388567259784,0.8815067112728564,0.5039363935607024,0.4372833982944578,0.05878020814483982,COMPLETE
947,1.0033875938066266,0.8782968057588743,0.501273629267805,0.43802977836180296,0.06069659237039201,COMPLETE
948,1.0033526071477714,0.9999166227410922,0.5371267646161174,0.4628346422822945,3.8593101588109325e-05,COMPLETE
949,1.0035305178467997,0.9896695839426269,0.6226984265289404,0.3734038912380021,0.003897682233057556,COMPLETE
950,1.0032962601642075,0.9849665651533459,0.5009208928380035,0.49157623392115035,0.007502873240846171,COMPLETE
951,1.0032995139721932,0.9973389934137789,0.5072632733284266,0.4914255509966273,0.0013111756749461067,COMPLETE
952,1.0035605813025756,0.7412825112516954,0.5002694219544307,0.370441537842881,0.12928904020268833,COMPLETE
953,1.0034891081957196,0.8614561102614637,0.5524477825978608,0.38554659234213984,0.06200562505999939,COMPLETE
954,1.0033041361467674,0.9981727531979493,0.5101384437023094,0.488966458335498,0.0008950979621925381,COMPLETE
955,1.0034769967112473,0.8799750191135565,0.5554783545374503,0.3911679434622968,0.05335370200025296,COMPLETE
956,1.0033610631236003,0.9970930215406237,0.5407228000990806,0.4579420909739248,0.001335108926994619,COMPLETE
957,1.0032953399309323,0.9954858268188044,0.5042627840463102,0.4934993723085111,0.00223784364517873,COMPLETE
958,1.00350259873413,0.8642837956366035,0.5618025807924322,0.37872692871088065,0.0594704904966872,COMPLETE
959,1.0035357844635795,0.9942715459380305,0.6263083105852253,0.3715510137386224,0.0021406756761523245,COMPLETE
960,1.0034583222723656,0.8711394162634576,0.5398907431824888,0.4008193094014201,0.05928994741609121,COMPLETE
961,1.003461301966297,0.8857337755572392,0.5495361649862387,0.3989910333387321,0.05147280167502922,COMPLETE
962,1.0032970701071058,0.9945967300947077,0.5049232396857251,0.4924017269544593,0.0026750333598157187,COMPLETE
963,1.003383401893375,0.9970423906863409,0.5524234516360524,0.44625279179593097,0.001323756568016591,COMPLETE
964,1.0034595643806457,0.9092777574267493,0.5598753923630301,0.400195516220472,0.03992909141649797,COMPLETE
965,1.0032908434585228,0.9949793614803722,0.501537284672022,0.49596011421880415,0.002502601109173889,COMPLETE
966,1.0032963664582932,0.9898053654817235,0.5027913158745843,0.49213982331144396,0.005068860813971806,COMPLETE
967,1.0049026917724964,0.08051322928122479,0.6049651516136365,0.031805531322205156,0.36322931706415834,COMPLETE
968,1.0032975420943826,0.9917464058239939,0.5041660188734459,0.49174156866766205,0.004092412458892061,COMPLETE
969,1.003400998325914,0.9948966323923564,0.5608501816282219,0.436908675413797,0.002241142957981115,COMPLETE
970,1.0036137976988595,0.7453558600199435,0.5476735641325357,0.33714415961574973,0.11518227625171466,COMPLETE
971,1.0033839746314113,0.8803262111841477,0.5003180018307208,0.43988316024528573,0.059798837923993424,COMPLETE
972,1.0034331603446,0.9114905469960484,0.5463587902135486,0.4134896744482017,0.04015153533824968,COMPLETE
973,1.003464267011973,0.9038004341707762,0.5599652476268745,0.3977036002450608,0.0423311521280647,COMPLETE
974,1.0034324425835779,0.9997656053842405,0.5781543639383845,0.421746757715841,9.887834577447162e-05,COMPLETE
975,1.0034007776362965,0.8660005392258345,0.5014030366070855,0.43178523915462763,0.06681172423828687,COMPLETE
976,1.0032952614835469,0.9993796494271021,0.5055817915505927,0.4941114958305446,0.000306712618862737,COMPLETE
977,1.0035686750335078,0.8932929992680548,0.6106689615201566,0.3477866910718058,0.04154434740803763,COMPLETE
978,1.0035293326964883,0.7636313964676458,0.5016115964346514,0.3805850325978878,0.11780337096746085,COMPLETE
979,1.0033837914746195,0.9939262063633681,0.551660852314912,0.44561602822282537,0.0027231194622626357,COMPLETE
980,1.003294091307485,0.9940421532952811,0.5030418277853888,0.4939973716058993,0.002960800608711941,COMPLETE
981,1.003387800478755,0.9977526865492002,0.5549200897089375,0.4440796762219847,0.001000234069077855,COMPLETE
982,1.0034847972074472,0.9998363229901989,0.6037161840371399,0.39621895341283075,6.486255002938349e-05,COMPLETE
983,1.00346697263501,0.8938337000686074,0.5567698177293936,0.39617407380101943,0.047056108469587014,COMPLETE
984,1.0033649158496558,0.9026254786466429,0.5021652338864739,0.44935834405016095,0.04847642206336509,COMPLETE
985,1.0034089408761835,0.8610464965005318,0.503192928282296,0.42777398853921744,0.06903308317848654,COMPLETE
986,1.0033641002584517,0.9017419486720547,0.5011587551807396,0.4498260761813134,0.04901516863794701,COMPLETE
987,1.0035725253515921,0.8960802755115747,0.6136967939529429,0.3461586833056516,0.040144522741405585,COMPLETE
988,1.0034603176269439,0.8829260680117028,0.5475123280483323,0.39951316102005524,0.05297451093161248,COMPLETE
989,1.0032921557224885,0.9946077974507262,0.5021483041708537,0.4951671786457362,0.0026845171834101824,COMPLETE
990,1.0034523319009865,0.9136966088871511,0.557903800034522,0.4039417987103531,0.038154401255124905,COMPLETE
991,1.0033653506890419,0.8995769040607848,0.5006565751832547,0.44919781215975707,0.050145612656988296,COMPLETE
992,1.0033568324822724,0.9119129934635258,0.5025137620619262,0.4536641644450167,0.04382207349305705,COMPLETE
993,1.0032959487697413,0.989125207794742,0.5023033195453158,0.4922843324734928,0.00541234798119138,COMPLETE
994,1.0036006685713632,0.7673152035611615,0.5581035886563743,0.33907383482308084,0.1028225765205448,COMPLETE
995,1.0034804011465834,0.8851651874562286,0.5600168656603978,0.38945775358529305,0.0505253807543092,COMPLETE
996,1.0033730163699104,0.9992638721829787,0.5476926212636659,0.4519744226930023,0.00033295604333178556,COMPLETE
997,1.003502307578229,0.7821769082613013,0.500764775177575,0.39049026464674,0.10874496017568497,COMPLETE
998,1.003298359353148,0.9856128153872237,0.5023610684700363,0.4904793083515374,0.007159623178426347,COMPLETE
999,1.0034078009913177,0.859233559194623,0.5011829710202131,0.42860033119718965,0.0702166977825972,COMPLETE
